source,target
0,1
0,2
0,3
0,4
0,5
0,6
0,7
0,8
0,9
0,11
0,13
0,14
0,17
0,18
0,19
0,23
0,24
0,26
0,29
0,32
0,34
0,36
0,39
0,40
0,41
0,46
0,56
0,57
0,60
0,61
0,62
0,66
0,70
0,73
0,75
0,79
0,80
0,84
0,93
0,96
0,98
0,102
0,103
0,105
0,114
0,123
0,134
0,146
0,153
0,155
0,157
0,170
0,171
0,174
0,192
0,199
0,207
0,209
0,213
0,216
0,219
0,233
0,243
0,268
0,280
0,288
0,293
0,317
0,340
0,359
0,370
0,371
0,384
0,388
0,392
0,420
0,429
0,456
0,472
0,531
0,555
0,565
0,602
0,618
0,626
0,633
0,638
0,641
0,665
0,673
0,685
0,707
0,727
0,744
0,751
0,777
0,782
0,786
0,817
0,839
0,841
0,845
0,884
0,885
0,891
0,895
0,911
0,922
0,943
0,944
0,948
0,955
0,961
0,987
0,1003
0,1017
0,1049
0,1094
0,1096
0,1125
0,1166
0,1177
0,1191
0,1207
0,1210
0,1239
0,1268
0,1337
0,1358
0,1389
0,1418
0,1449
0,1459
0,1465
0,1524
0,1528
0,1544
0,1567
0,1568
0,1569
0,1573
0,1602
0,1632
0,1665
0,1670
0,1673
0,1679
0,1687
0,1707
0,1723
0,1731
0,1781
0,1788
0,1829
0,1842
0,1848
0,1856
0,1867
0,1892
0,1931
0,1950
0,1951
0,1963
0,1964
0,2036
0,2115
0,2118
0,2155
0,2183
0,2192
0,2194
0,2228
0,2237
0,2242
0,2269
0,2272
0,2289
0,2296
0,2342
0,2410
0,2424
0,2481
0,2501
0,2509
0,2553
0,2574
0,2609
0,2614
0,2625
0,2649
0,2684
0,2710
0,2746
0,2763
0,2796
0,2804
0,2831
0,2836
0,2905
0,2948
0,2963
0,3039
0,3075
0,3174
0,3187
0,3253
0,3283
0,3291
0,3293
0,3301
0,3320
0,3385
0,3403
0,3408
0,3448
0,3457
0,3473
0,3498
0,3508
0,3536
0,3538
0,3583
0,3586
0,3614
0,3638
0,3699
0,3723
0,3795
0,3835
0,3845
0,3918
0,3940
0,3963
0,3977
0,4071
0,4072
0,4102
0,4193
0,4224
0,4264
0,4281
0,4324
0,4347
0,4488
0,4490
0,4505
0,4520
0,4531
0,4661
0,4733
0,4800
0,4821
0,4840
0,4885
0,4913
0,4924
0,4977
0,4994
0,5003
0,5018
0,5042
0,5076
0,5098
0,5192
0,5244
0,5255
0,5323
0,5392
0,5394
0,5454
0,5500
0,5507
0,5598
0,5605
0,5634
0,5656
0,5684
0,5752
0,5781
0,5788
0,6004
0,6138
0,6158
0,6233
0,6250
0,6330
0,6353
0,6424
0,6441
0,6533
0,6564
0,6598
0,6620
0,6666
0,6669
0,6805
0,6847
0,6856
0,6938
0,7126
0,7147
0,7271
0,7358
0,7511
0,7528
0,7578
0,7592
0,7660
0,7671
0,7721
0,7813
0,7814
0,7929
0,7935
0,7949
0,7969
0,7998
0,8083
0,8120
0,8158
0,8199
0,8261
0,8307
0,8337
0,8350
0,8484
0,8519
0,8614
0,8642
0,8896
0,8929
0,8936
0,8937
0,9188
0,9299
0,9358
0,9363
0,9371
0,9415
0,9566
0,9600
0,9637
0,9727
0,9762
0,9855
0,9915
0,9952
0,9998
0,10015
0,10078
0,10132
0,10222
0,10261
0,10272
0,10282
0,10296
0,10386
0,10448
0,10520
0,10588
0,10709
0,10798
0,10799
0,10837
0,10876
0,11075
0,11157
0,11311
0,11403
0,11548
0,11550
0,11594
0,11650
0,11680
0,11884
0,11895
0,12017
0,12041
0,12120
0,12255
0,12352
0,12356
0,12405
0,12417
0,12521
0,12636
0,12729
0,12746
0,12808
0,12817
0,12826
0,12910
0,12974
0,12975
0,13036
0,13094
0,13096
0,13175
0,13182
0,13248
0,13305
0,13561
0,13565
0,13591
0,13662
0,13704
0,13861
0,13892
0,13922
0,14088
0,14145
0,14318
0,14396
0,14446
0,14506
0,14545
0,14621
0,14661
0,14675
0,14829
0,14846
0,14908
0,14932
0,15050
0,15057
0,15302
0,15362
0,15454
0,15456
0,15545
0,15641
0,15690
0,15725
0,15818
0,15879
0,15916
0,15940
0,16041
0,16052
0,16078
0,16097
0,16195
0,16232
0,16304
0,16331
0,16357
0,16569
0,16625
0,16632
0,16656
0,16667
0,16763
0,16789
0,16888
0,17073
0,17207
0,17250
0,17284
0,17389
0,17390
0,17448
0,17449
0,17638
0,17686
0,18004
0,18105
0,18150
0,18211
0,18290
0,18317
0,18390
0,18443
0,18774
0,18787
0,18875
0,19118
0,19119
0,19190
0,19282
0,19355
0,19357
0,19451
0,19509
0,19569
0,19604
0,19649
0,19737
0,19777
0,19995
1,7
1,10
1,12
1,16
1,48
1,52
1,61
1,68
1,86
1,103
1,104
1,105
1,110
1,147
1,168
1,183
1,204
1,215
1,261
1,291
1,347
1,357
1,365
1,381
1,383
1,389
1,446
1,461
1,485
1,533
1,553
1,569
1,579
1,601
1,694
1,714
1,751
1,780
1,870
1,884
1,1121
1,1180
1,1323
1,1445
1,1454
1,1495
1,1565
1,1575
1,1592
1,1653
1,1732
1,1796
1,2063
1,2330
1,2381
1,2422
1,2486
1,2528
1,2531
1,2549
1,2551
1,2590
1,2651
1,2660
1,2728
1,2734
1,2774
1,2788
1,2800
1,2859
1,2880
1,2950
1,2999
1,3165
1,3217
1,3444
1,3555
1,3583
1,3609
1,3619
1,3668
1,3720
1,3770
1,4187
1,4205
1,4223
1,4780
1,4786
1,5003
1,5043
1,5292
1,5329
1,5411
1,5458
1,5504
1,5799
1,5875
1,5921
1,5951
1,5978
1,6039
1,6130
1,6146
1,6148
1,6153
1,6241
1,6289
1,6315
1,6585
1,6606
1,6608
1,6654
1,6780
1,6893
1,6898
1,7177
1,7212
1,7241
1,7252
1,7422
1,7451
1,7476
1,7511
1,7587
1,7588
1,7591
1,7886
1,8119
1,8309
1,8323
1,8444
1,8472
1,8536
1,8637
1,8659
1,8661
1,8770
1,8845
1,8912
1,8988
1,9046
1,9154
1,9324
1,9530
1,9552
1,9908
1,9938
1,10051
1,10283
1,10443
1,10479
1,10723
1,10799
1,10804
1,11025
1,11083
1,11216
1,11269
1,11369
1,11413
1,11543
1,11558
1,11673
1,11694
1,11961
1,12061
1,12082
1,12139
1,12219
1,12231
1,12425
1,12601
1,12865
1,13078
1,13107
1,13334
1,13343
1,13370
1,13492
1,13611
1,13672
1,13723
1,14130
1,14222
1,14338
1,14477
1,14594
1,14766
1,14873
1,14888
1,15059
1,15117
1,15178
1,15225
1,15383
1,15519
1,15643
1,15644
1,16331
1,16592
1,16641
1,16745
1,16781
1,16802
1,17352
1,17366
1,17478
1,17816
1,17821
1,17995
1,18231
1,18276
1,18322
1,18333
1,18427
1,18518
1,18595
1,18743
1,18748
1,18755
1,19510
1,19659
2,6
2,7
2,8
2,9
2,16
2,29
2,48
2,93
2,113
2,135
2,168
2,201
2,266
2,298
2,307
2,309
2,390
2,401
2,405
2,484
2,513
2,546
2,557
2,604
2,694
2,720
2,758
2,769
2,805
2,829
2,983
2,989
2,1054
2,1081
2,1092
2,1154
2,1181
2,1184
2,1195
2,1200
2,1210
2,1220
2,1286
2,1333
2,1342
2,1349
2,1417
2,1454
2,1516
2,1552
2,1569
2,1643
2,1745
2,1798
2,2185
2,2202
2,2271
2,2371
2,2525
2,2544
2,2590
2,2654
2,2978
2,3093
2,3102
2,3183
2,3209
2,3319
2,3453
2,3530
2,3553
2,3683
2,3786
2,3806
2,3940
2,4179
2,4238
2,4368
2,4370
2,4385
2,4618
2,4619
2,4678
2,4715
2,4858
2,5054
2,5074
2,5084
2,5217
2,5256
2,5367
2,5465
2,5543
2,5635
2,5676
2,5881
2,6018
2,6069
2,6227
2,6267
2,6350
2,6850
2,6872
2,6965
2,7150
2,7418
2,7445
2,7647
2,7699
2,7769
2,7867
2,8923
2,9008
2,9067
2,9219
2,9251
2,9383
2,9498
2,9661
2,10100
2,10364
2,10406
2,10606
2,10607
2,10647
2,10728
2,10741
2,10755
2,10865
2,10970
2,11025
2,11221
2,11244
2,11255
2,11260
2,11476
2,11499
2,11638
2,11895
2,12024
2,12112
2,12215
2,12440
2,12520
2,12673
2,13092
2,13456
2,13608
2,13657
2,13841
2,14029
2,14435
2,14560
2,14722
2,14754
2,14912
2,15134
2,15148
2,15168
2,15322
2,16002
2,16025
2,16076
2,16091
2,16348
2,16474
2,16598
2,16823
2,16832
2,17115
2,17472
2,17604
2,17831
2,17919
2,18052
2,18270
2,18287
2,18347
2,18497
2,18568
2,18834
2,18837
2,19246
2,19328
2,19741
2,19807
2,19902
2,19915
3,6
3,8
3,10
3,13
3,14
3,16
3,23
3,39
3,40
3,46
3,53
3,59
3,72
3,75
3,83
3,86
3,109
3,124
3,195
3,214
3,217
3,224
3,230
3,235
3,254
3,276
3,302
3,320
3,357
3,399
3,437
3,558
3,565
3,583
3,589
3,636
3,675
3,676
3,725
3,726
3,785
3,798
3,818
3,906
3,910
3,962
3,1021
3,1044
3,1050
3,1159
3,1182
3,1211
3,1232
3,1327
3,1413
3,1510
3,1563
3,1578
3,1606
3,1634
3,1713
3,1727
3,1775
3,1834
3,1836
3,1921
3,1955
3,2064
3,2086
3,2129
3,2156
3,2181
3,2230
3,2352
3,2478
3,2522
3,2537
3,2624
3,2758
3,3000
3,3010
3,3164
3,3373
3,3601
3,3657
3,3829
3,3919
3,4271
3,4605
3,4648
3,4709
3,4716
3,4793
3,4812
3,4883
3,4890
3,5002
3,5011
3,5209
3,5295
3,5321
3,5339
3,5643
3,5759
3,5788
3,5795
3,5939
3,5991
3,6174
3,6199
3,6230
3,6340
3,6352
3,6362
3,6450
3,6612
3,6765
3,6837
3,7016
3,7037
3,7103
3,7112
3,7308
3,7574
3,7727
3,8220
3,8432
3,8908
3,9099
3,9150
3,9206
3,9246
3,9361
3,9412
3,9460
3,9484
3,9503
3,9536
3,9695
3,9942
3,10024
3,10053
3,10082
3,10173
3,10304
3,10479
3,10493
3,10512
3,10827
3,11100
3,11136
3,11145
3,11169
3,11443
3,11568
3,11685
3,11845
3,11861
3,11907
3,11940
3,12093
3,12240
3,12290
3,12496
3,12624
3,12705
3,12813
3,13262
3,13389
3,13441
3,13759
3,13787
3,13845
3,13881
3,13940
3,14579
3,14837
3,15112
3,15461
3,15470
3,16282
3,16559
3,16660
3,16723
3,16831
3,16949
3,17127
3,17427
3,17696
3,18034
3,18655
3,19102
3,19565
3,19757
3,19945
4,6
4,7
4,12
4,18
4,23
4,50
4,69
4,89
4,92
4,98
4,113
4,121
4,131
4,147
4,188
4,206
4,229
4,267
4,305
4,421
4,479
4,582
4,629
4,699
4,722
4,737
4,756
4,801
4,966
4,1012
4,1015
4,1026
4,1058
4,1064
4,1270
4,1457
4,1522
4,1607
4,2173
4,2199
4,2285
4,2360
4,2372
4,2386
4,2402
4,2468
4,2544
4,2636
4,2811
4,2915
4,2961
4,3000
4,3315
4,3370
4,3454
4,3473
4,3509
4,3564
4,3597
4,3606
4,3809
4,3847
4,3895
4,4155
4,4423
4,4483
4,4493
4,4518
4,4609
4,4626
4,4632
4,4701
4,4963
4,5267
4,5553
4,5695
4,5731
4,5856
4,6018
4,6019
4,6063
4,6107
4,6122
4,6139
4,6150
4,6438
4,6465
4,6845
4,6859
4,6868
4,7012
4,7097
4,7117
4,7512
4,7886
4,7962
4,7982
4,8109
4,8161
4,8270
4,8276
4,8460
4,8657
4,8825
4,8929
4,8975
4,9187
4,9278
4,9677
4,9712
4,9767
4,10205
4,10309
4,10631
4,10797
4,10957
4,11021
4,11319
4,11401
4,11444
4,11557
4,11571
4,11719
4,11826
4,11850
4,11860
4,11902
4,12046
4,12862
4,13017
4,13161
4,13421
4,13590
4,13811
4,13844
4,14102
4,14103
4,14126
4,14329
4,14443
4,14606
4,14789
4,15026
4,15095
4,15204
4,15545
4,15802
4,16139
4,16255
4,16825
4,17154
4,17248
4,17363
4,17573
4,17751
4,17798
4,17915
4,19222
4,19503
4,19530
4,19906
5,6
5,15
5,18
5,32
5,57
5,64
5,65
5,67
5,77
5,90
5,92
5,94
5,95
5,118
5,122
5,124
5,158
5,160
5,182
5,185
5,205
5,226
5,261
5,289
5,294
5,376
5,451
5,454
5,470
5,552
5,642
5,707
5,740
5,751
5,770
5,773
5,840
5,1006
5,1013
5,1066
5,1096
5,1189
5,1218
5,1353
5,1378
5,1475
5,1484
5,1503
5,1542
5,1604
5,1613
5,1637
5,1662
5,1718
5,1791
5,1920
5,1943
5,1996
5,2016
5,2044
5,2086
5,2127
5,2146
5,2166
5,2325
5,2335
5,2376
5,2539
5,2787
5,2851
5,2855
5,3176
5,3248
5,3524
5,3655
5,3703
5,3714
5,3740
5,3894
5,3911
5,4066
5,4280
5,4360
5,4368
5,4512
5,4548
5,4572
5,4626
5,4667
5,4691
5,4751
5,4754
5,4829
5,4834
5,5015
5,5030
5,5044
5,5124
5,5296
5,5299
5,5421
5,5451
5,5478
5,5596
5,5720
5,6365
5,6502
5,6708
5,6745
5,6758
5,7023
5,7098
5,7167
5,7276
5,7315
5,7321
5,7502
5,7749
5,7854
5,7972
5,8033
5,8347
5,8359
5,8410
5,9113
5,9378
5,9403
5,9439
5,9456
5,9478
5,9929
5,10034
5,10356
5,10436
5,10780
5,10897
5,10980
5,11033
5,11045
5,11050
5,11057
5,11123
5,11213
5,11557
5,11752
5,11816
5,11838
5,11894
5,11905
5,11920
5,12261
5,12285
5,12657
5,13217
5,13524
5,13620
5,13794
5,14217
5,14292
5,14424
5,14677
5,14813
5,14870
5,14902
5,15175
5,15711
5,15916
5,15947
5,16044
5,16485
5,16553
5,16615
5,16839
5,17113
5,17148
5,17181
5,17237
5,17446
5,17834
5,17895
5,18323
5,18395
5,18874
5,18935
5,19016
5,19358
6,7
6,8
6,9
6,10
6,11
6,12
6,19
6,25
6,26
6,38
6,42
6,44
6,47
6,74
6,79
6,86
6,88
6,132
6,139
6,140
6,143
6,145
6,154
6,196
6,197
6,198
6,211
6,229
6,241
6,252
6,275
6,286
6,319
6,340
6,343
6,347
6,365
6,370
6,381
6,405
6,416
6,435
6,457
6,468
6,486
6,499
6,500
6,515
6,524
6,531
6,538
6,546
6,559
6,590
6,591
6,614
6,657
6,695
6,766
6,788
6,957
6,1014
6,1071
6,1097
6,1135
6,1155
6,1190
6,1196
6,1242
6,1264
6,1317
6,1327
6,1346
6,1359
6,1380
6,1443
6,1487
6,1543
6,1571
6,1593
6,1620
6,1658
6,1673
6,1702
6,1713
6,1715
6,1786
6,1883
6,1931
6,1955
6,1958
6,2000
6,2008
6,2019
6,2043
6,2139
6,2320
6,2358
6,2382
6,2449
6,2552
6,2649
6,2682
6,2889
6,2923
6,2958
6,3105
6,3115
6,3244
6,3276
6,3281
6,3296
6,3311
6,3337
6,3451
6,3529
6,3572
6,3613
6,3731
6,3841
6,3882
6,3906
6,3988
6,4010
6,4041
6,4149
6,4164
6,4205
6,4429
6,4458
6,4544
6,4580
6,4601
6,4670
6,4842
6,4932
6,5041
6,5098
6,5394
6,5431
6,5442
6,5584
6,5637
6,5672
6,5857
6,5894
6,5898
6,6004
6,6133
6,6257
6,6319
6,6349
6,6356
6,6466
6,6492
6,6603
6,6762
6,6805
6,6879
6,7025
6,7097
6,7125
6,7143
6,7215
6,7226
6,7249
6,7388
6,7585
6,7586
6,7595
6,7626
6,7690
6,8013
6,8093
6,8278
6,8366
6,8402
6,8430
6,8452
6,8515
6,8535
6,8628
6,8708
6,8861
6,8964
6,9020
6,9071
6,9161
6,9262
6,9390
6,9615
6,9920
6,10090
6,10105
6,10218
6,10264
6,10410
6,10453
6,10740
6,10789
6,10805
6,10830
6,10890
6,10930
6,11239
6,11259
6,11316
6,11604
6,11613
6,11704
6,11828
6,12093
6,12167
6,12454
6,12544
6,12663
6,12880
6,13064
6,13102
6,13173
6,13197
6,13241
6,13368
6,13472
6,13656
6,13707
6,13763
6,13830
6,13840
6,14042
6,14156
6,14309
6,14486
6,14715
6,14860
6,14931
6,14933
6,14947
6,15129
6,15202
6,15238
6,15330
6,15650
6,15734
6,15854
6,15933
6,15943
6,15986
6,16058
6,16097
6,16128
6,16242
6,16296
6,16399
6,16665
6,16861
6,16865
6,16873
6,16975
6,17356
6,17514
6,17542
6,17552
6,17798
6,17840
6,17847
6,18268
6,18412
6,18442
6,18784
6,19029
6,19207
6,19682
7,8
7,9
7,10
7,11
7,12
7,13
7,15
7,17
7,20
7,24
7,27
7,28
7,31
7,32
7,33
7,34
7,35
7,37
7,41
7,42
7,46
7,47
7,53
7,54
7,59
7,61
7,64
7,68
7,69
7,83
7,84
7,89
7,91
7,94
7,95
7,99
7,101
7,109
7,118
7,134
7,144
7,146
7,167
7,170
7,171
7,174
7,181
7,182
7,183
7,185
7,186
7,189
7,190
7,192
7,199
7,201
7,204
7,208
7,210
7,218
7,225
7,229
7,242
7,246
7,256
7,268
7,270
7,272
7,274
7,295
7,296
7,305
7,308
7,311
7,323
7,329
7,330
7,331
7,359
7,386
7,410
7,415
7,416
7,423
7,444
7,449
7,462
7,472
7,475
7,488
7,498
7,499
7,503
7,505
7,516
7,522
7,545
7,570
7,575
7,582
7,596
7,607
7,608
7,612
7,633
7,650
7,661
7,665
7,669
7,672
7,675
7,681
7,696
7,727
7,734
7,743
7,746
7,749
7,757
7,772
7,787
7,791
7,803
7,819
7,821
7,828
7,835
7,843
7,851
7,852
7,874
7,877
7,880
7,891
7,892
7,912
7,922
7,952
7,954
7,974
7,988
7,995
7,996
7,1017
7,1019
7,1021
7,1085
7,1102
7,1109
7,1118
7,1123
7,1124
7,1136
7,1242
7,1255
7,1273
7,1293
7,1325
7,1371
7,1381
7,1395
7,1409
7,1413
7,1416
7,1469
7,1472
7,1489
7,1539
7,1596
7,1614
7,1637
7,1638
7,1641
7,1651
7,1674
7,1704
7,1719
7,1764
7,1765
7,1790
7,1792
7,1805
7,1852
7,1861
7,1880
7,1915
7,1975
7,2003
7,2011
7,2014
7,2024
7,2067
7,2083
7,2090
7,2115
7,2122
7,2151
7,2172
7,2187
7,2200
7,2202
7,2241
7,2284
7,2310
7,2317
7,2332
7,2336
7,2337
7,2347
7,2361
7,2394
7,2398
7,2417
7,2421
7,2428
7,2435
7,2455
7,2485
7,2527
7,2578
7,2583
7,2587
7,2615
7,2617
7,2631
7,2637
7,2687
7,2698
7,2716
7,2762
7,2765
7,2776
7,2813
7,2844
7,2849
7,2914
7,2918
7,2925
7,2944
7,2981
7,3021
7,3085
7,3088
7,3102
7,3154
7,3158
7,3215
7,3225
7,3255
7,3272
7,3277
7,3290
7,3292
7,3321
7,3341
7,3342
7,3343
7,3353
7,3418
7,3471
7,3487
7,3588
7,3589
7,3592
7,3651
7,3665
7,3714
7,3756
7,3771
7,3817
7,3840
7,3876
7,3888
7,3900
7,3905
7,3920
7,3923
7,3926
7,3944
7,3959
7,3967
7,3988
7,4032
7,4051
7,4083
7,4133
7,4141
7,4143
7,4150
7,4171
7,4178
7,4198
7,4218
7,4245
7,4248
7,4253
7,4305
7,4379
7,4385
7,4389
7,4394
7,4444
7,4454
7,4534
7,4575
7,4603
7,4604
7,4637
7,4670
7,4679
7,4686
7,4696
7,4699
7,4779
7,4780
7,4793
7,4824
7,4906
7,4913
7,4956
7,4961
7,4966
7,4974
7,4999
7,5002
7,5025
7,5091
7,5110
7,5111
7,5141
7,5192
7,5241
7,5245
7,5255
7,5259
7,5285
7,5302
7,5315
7,5333
7,5348
7,5422
7,5426
7,5462
7,5497
7,5534
7,5538
7,5551
7,5581
7,5595
7,5626
7,5711
7,5849
7,5881
7,5940
7,5947
7,5948
7,5974
7,5980
7,5992
7,6032
7,6039
7,6095
7,6108
7,6123
7,6141
7,6172
7,6213
7,6232
7,6251
7,6276
7,6318
7,6344
7,6391
7,6483
7,6540
7,6542
7,6563
7,6569
7,6575
7,6614
7,6646
7,6654
7,6682
7,6736
7,6756
7,6765
7,6823
7,6862
7,6871
7,6915
7,6948
7,6975
7,7056
7,7067
7,7140
7,7179
7,7205
7,7318
7,7383
7,7402
7,7445
7,7446
7,7462
7,7466
7,7614
7,7652
7,7686
7,7768
7,7888
7,7983
7,8028
7,8047
7,8062
7,8071
7,8146
7,8160
7,8174
7,8182
7,8217
7,8252
7,8275
7,8344
7,8398
7,8416
7,8426
7,8492
7,8499
7,8532
7,8556
7,8627
7,8724
7,8780
7,8794
7,8802
7,8895
7,8965
7,8978
7,8992
7,9005
7,9006
7,9019
7,9057
7,9070
7,9112
7,9122
7,9142
7,9155
7,9193
7,9201
7,9248
7,9261
7,9277
7,9283
7,9436
7,9483
7,9493
7,9536
7,9582
7,9631
7,9645
7,9656
7,9786
7,9849
7,9943
7,9956
7,10013
7,10071
7,10147
7,10166
7,10207
7,10336
7,10342
7,10391
7,10421
7,10439
7,10474
7,10477
7,10478
7,10494
7,10500
7,10514
7,10530
7,10537
7,10566
7,10574
7,10575
7,10591
7,10614
7,10626
7,10637
7,10662
7,10736
7,10744
7,10841
7,10847
7,10848
7,10898
7,10906
7,11061
7,11065
7,11137
7,11149
7,11317
7,11373
7,11404
7,11485
7,11553
7,11567
7,11585
7,11671
7,11720
7,11785
7,11796
7,11810
7,11845
7,11928
7,11943
7,11996
7,12027
7,12120
7,12128
7,12199
7,12229
7,12312
7,12339
7,12413
7,12699
7,12739
7,12780
7,12811
7,12830
7,12837
7,12850
7,13025
7,13026
7,13172
7,13236
7,13456
7,13483
7,13493
7,13557
7,13621
7,13643
7,13715
7,13737
7,13812
7,13846
7,13848
7,13869
7,13975
7,13993
7,14008
7,14054
7,14056
7,14076
7,14152
7,14202
7,14233
7,14252
7,14317
7,14482
7,14489
7,14514
7,14581
7,14735
7,14772
7,14823
7,14834
7,14850
7,14898
7,14906
7,14971
7,14977
7,15035
7,15037
7,15064
7,15102
7,15169
7,15202
7,15254
7,15260
7,15371
7,15399
7,15416
7,15422
7,15430
7,15571
7,15667
7,15669
7,15703
7,15711
7,15855
7,15874
7,15899
7,15947
7,15953
7,15957
7,15984
7,16051
7,16082
7,16099
7,16288
7,16314
7,16345
7,16365
7,16467
7,16617
7,16629
7,16656
7,16674
7,16752
7,16756
7,16865
7,16885
7,17013
7,17052
7,17216
7,17330
7,17344
7,17488
7,17678
7,17760
7,17780
7,17909
7,17972
7,17985
7,18002
7,18019
7,18100
7,18216
7,18381
7,18493
7,18500
7,18519
7,18520
7,18598
7,18599
7,18728
7,18741
7,18743
7,18791
7,18802
7,18833
7,18846
7,18847
7,18909
7,18948
7,19004
7,19029
7,19251
7,19252
7,19379
7,19413
7,19421
7,19439
7,19482
7,19614
7,19663
7,19686
7,19800
7,19829
7,19984
8,9
8,10
8,11
8,13
8,14
8,18
8,19
8,20
8,21
8,22
8,23
8,24
8,27
8,31
8,34
8,41
8,42
8,43
8,44
8,48
8,50
8,51
8,57
8,62
8,75
8,78
8,79
8,81
8,84
8,86
8,92
8,98
8,110
8,111
8,114
8,125
8,128
8,130
8,133
8,134
8,139
8,142
8,149
8,151
8,157
8,162
8,163
8,172
8,173
8,181
8,187
8,189
8,195
8,214
8,217
8,223
8,224
8,236
8,252
8,258
8,259
8,264
8,281
8,282
8,283
8,285
8,289
8,301
8,327
8,335
8,339
8,342
8,343
8,361
8,376
8,393
8,403
8,405
8,429
8,435
8,441
8,445
8,448
8,460
8,477
8,489
8,490
8,496
8,500
8,516
8,528
8,555
8,563
8,576
8,587
8,588
8,589
8,591
8,611
8,621
8,640
8,652
8,659
8,683
8,693
8,704
8,722
8,734
8,739
8,740
8,760
8,788
8,828
8,829
8,850
8,853
8,856
8,858
8,872
8,885
8,891
8,931
8,937
8,959
8,989
8,1006
8,1033
8,1045
8,1063
8,1095
8,1122
8,1179
8,1254
8,1261
8,1265
8,1275
8,1283
8,1323
8,1342
8,1372
8,1394
8,1432
8,1453
8,1455
8,1462
8,1471
8,1489
8,1539
8,1547
8,1579
8,1584
8,1630
8,1689
8,1691
8,1743
8,1764
8,1823
8,1842
8,1899
8,1906
8,1945
8,1965
8,1992
8,2023
8,2075
8,2093
8,2100
8,2105
8,2242
8,2248
8,2252
8,2260
8,2294
8,2341
8,2343
8,2346
8,2348
8,2359
8,2375
8,2411
8,2426
8,2441
8,2472
8,2507
8,2550
8,2580
8,2656
8,2665
8,2750
8,2753
8,2824
8,2892
8,2950
8,2978
8,2980
8,2982
8,2997
8,3017
8,3192
8,3229
8,3267
8,3269
8,3382
8,3408
8,3425
8,3431
8,3523
8,3588
8,3643
8,3710
8,3728
8,3736
8,3755
8,3756
8,3763
8,3785
8,3901
8,3980
8,3989
8,4051
8,4119
8,4148
8,4174
8,4190
8,4243
8,4260
8,4286
8,4335
8,4404
8,4415
8,4457
8,4470
8,4495
8,4522
8,4530
8,4536
8,4581
8,4594
8,4652
8,4668
8,4706
8,4752
8,4767
8,4770
8,4815
8,4848
8,4850
8,4861
8,4882
8,4906
8,5046
8,5047
8,5064
8,5069
8,5093
8,5136
8,5161
8,5183
8,5205
8,5254
8,5317
8,5342
8,5353
8,5375
8,5443
8,5468
8,5472
8,5477
8,5521
8,5552
8,5620
8,5684
8,5700
8,5710
8,5735
8,5772
8,5810
8,5864
8,5900
8,5923
8,5958
8,5970
8,6157
8,6172
8,6253
8,6268
8,6332
8,6411
8,6466
8,6477
8,6599
8,6607
8,6634
8,6685
8,6700
8,6732
8,6759
8,6773
8,6795
8,6846
8,7226
8,7237
8,7295
8,7316
8,7354
8,7405
8,7564
8,7582
8,7714
8,7715
8,7740
8,7779
8,7831
8,7895
8,8073
8,8089
8,8168
8,8186
8,8232
8,8259
8,8268
8,8335
8,8364
8,8475
8,8500
8,8590
8,8608
8,8636
8,8670
8,8713
8,8744
8,8866
8,8964
8,8980
8,8998
8,9029
8,9083
8,9165
8,9170
8,9179
8,9180
8,9236
8,9296
8,9381
8,9472
8,9516
8,9594
8,9648
8,9681
8,9746
8,9754
8,9819
8,9984
8,9997
8,10000
8,10028
8,10030
8,10062
8,10084
8,10091
8,10128
8,10139
8,10237
8,10251
8,10374
8,10433
8,10454
8,10529
8,10558
8,10582
8,10663
8,10686
8,10761
8,10815
8,11031
8,11033
8,11075
8,11117
8,11144
8,11187
8,11299
8,11312
8,11313
8,11436
8,11536
8,11648
8,11710
8,11822
8,11846
8,11880
8,11883
8,12032
8,12085
8,12196
8,12211
8,12309
8,12317
8,12320
8,12409
8,12418
8,12448
8,12533
8,12545
8,12624
8,12667
8,12714
8,12735
8,12813
8,12875
8,12898
8,12966
8,13124
8,13149
8,13192
8,13477
8,13559
8,13574
8,13761
8,13773
8,13842
8,13927
8,14121
8,14171
8,14221
8,14224
8,14231
8,14240
8,14263
8,14271
8,14332
8,14412
8,14486
8,14518
8,14531
8,14733
8,14755
8,14835
8,15059
8,15092
8,15109
8,15140
8,15147
8,15243
8,15256
8,15264
8,15293
8,15396
8,15428
8,15501
8,15570
8,15603
8,15625
8,15785
8,15947
8,15988
8,16001
8,16036
8,16041
8,16097
8,16228
8,16538
8,16653
8,16693
8,16756
8,16761
8,16829
8,16887
8,16955
8,16956
8,17034
8,17058
8,17063
8,17108
8,17223
8,17238
8,17278
8,17341
8,17465
8,17545
8,17626
8,17718
8,17728
8,17745
8,18190
8,18254
8,18370
8,18438
8,18459
8,18567
8,18576
8,18687
8,18784
8,18958
8,19283
8,19358
8,19466
8,19563
8,19786
8,19819
8,19880
8,19927
8,19994
9,12
9,13
9,14
9,15
9,16
9,17
9,19
9,21
9,22
9,30
9,32
9,33
9,35
9,36
9,37
9,39
9,40
9,43
9,45
9,50
9,52
9,54
9,56
9,60
9,62
9,65
9,66
9,68
9,75
9,76
9,85
9,87
9,95
9,97
9,106
9,107
9,110
9,114
9,115
9,125
9,128
9,129
9,130
9,138
9,142
9,146
9,147
9,152
9,157
9,167
9,168
9,171
9,182
9,190
9,198
9,211
9,214
9,226
9,232
9,240
9,243
9,247
9,248
9,253
9,254
9,257
9,264
9,267
9,272
9,275
9,277
9,297
9,309
9,315
9,316
9,319
9,321
9,324
9,330
9,351
9,353
9,370
9,381
9,396
9,397
9,400
9,403
9,404
9,420
9,433
9,436
9,439
9,458
9,467
9,471
9,490
9,497
9,501
9,526
9,554
9,561
9,588
9,590
9,615
9,618
9,628
9,629
9,651
9,677
9,701
9,703
9,710
9,711
9,723
9,776
9,780
9,781
9,787
9,791
9,825
9,828
9,830
9,877
9,892
9,897
9,911
9,918
9,920
9,923
9,938
9,940
9,1024
9,1034
9,1040
9,1079
9,1097
9,1143
9,1154
9,1179
9,1192
9,1195
9,1241
9,1246
9,1259
9,1273
9,1279
9,1288
9,1290
9,1305
9,1341
9,1345
9,1352
9,1362
9,1375
9,1394
9,1396
9,1402
9,1423
9,1440
9,1461
9,1489
9,1497
9,1529
9,1548
9,1582
9,1594
9,1623
9,1632
9,1641
9,1658
9,1681
9,1758
9,1760
9,1802
9,1809
9,1833
9,1897
9,1901
9,1917
9,1934
9,1971
9,1994
9,2104
9,2111
9,2131
9,2166
9,2167
9,2176
9,2198
9,2210
9,2263
9,2323
9,2342
9,2348
9,2370
9,2392
9,2398
9,2412
9,2427
9,2443
9,2532
9,2553
9,2571
9,2577
9,2594
9,2611
9,2643
9,2645
9,2676
9,2687
9,2691
9,2694
9,2727
9,2730
9,2751
9,2765
9,2766
9,2810
9,2825
9,2833
9,2840
9,2869
9,2874
9,2882
9,2895
9,2920
9,2938
9,2956
9,2972
9,3011
9,3013
9,3029
9,3045
9,3047
9,3073
9,3104
9,3110
9,3124
9,3128
9,3137
9,3144
9,3152
9,3168
9,3170
9,3185
9,3252
9,3264
9,3273
9,3274
9,3309
9,3338
9,3346
9,3370
9,3372
9,3387
9,3406
9,3431
9,3432
9,3440
9,3455
9,3469
9,3507
9,3530
9,3539
9,3613
9,3629
9,3692
9,3769
9,3786
9,3818
9,3850
9,3897
9,3910
9,3943
9,3945
9,3989
9,3990
9,4000
9,4045
9,4066
9,4090
9,4156
9,4157
9,4163
9,4169
9,4178
9,4193
9,4219
9,4237
9,4257
9,4268
9,4305
9,4391
9,4428
9,4470
9,4471
9,4475
9,4494
9,4502
9,4506
9,4531
9,4542
9,4548
9,4606
9,4617
9,4630
9,4633
9,4721
9,4741
9,4746
9,4753
9,4858
9,4890
9,4954
9,4981
9,4986
9,4989
9,5044
9,5124
9,5184
9,5215
9,5280
9,5289
9,5322
9,5338
9,5374
9,5444
9,5479
9,5541
9,5544
9,5555
9,5559
9,5715
9,5767
9,5779
9,5839
9,5840
9,5915
9,5962
9,6109
9,6120
9,6190
9,6195
9,6308
9,6348
9,6367
9,6377
9,6455
9,6460
9,6482
9,6486
9,6535
9,6537
9,6602
9,6641
9,6690
9,6694
9,6721
9,6793
9,6848
9,6873
9,6913
9,6930
9,6966
9,6976
9,7036
9,7050
9,7078
9,7109
9,7128
9,7209
9,7223
9,7227
9,7228
9,7238
9,7293
9,7302
9,7308
9,7317
9,7353
9,7387
9,7465
9,7521
9,7606
9,7643
9,7664
9,7705
9,7784
9,7821
9,8069
9,8151
9,8295
9,8328
9,8368
9,8547
9,8657
9,8679
9,8695
9,8703
9,8710
9,8771
9,8825
9,8864
9,8915
9,8999
9,9048
9,9090
9,9126
9,9148
9,9212
9,9266
9,9300
9,9367
9,9398
9,9409
9,9461
9,9509
9,9525
9,9550
9,9570
9,9593
9,9601
9,9621
9,9636
9,9890
9,9970
9,10015
9,10087
9,10136
9,10140
9,10151
9,10244
9,10284
9,10312
9,10380
9,10490
9,10541
9,10549
9,10632
9,10655
9,10713
9,10742
9,10809
9,10859
9,10902
9,11093
9,11094
9,11301
9,11305
9,11345
9,11350
9,11403
9,11441
9,11446
9,11497
9,11599
9,11613
9,11756
9,11759
9,11839
9,11959
9,11963
9,12088
9,12102
9,12142
9,12199
9,12235
9,12243
9,12250
9,12253
9,12269
9,12279
9,12474
9,12504
9,12510
9,12563
9,12750
9,12756
9,12776
9,12843
9,12901
9,12974
9,13075
9,13194
9,13298
9,13306
9,13414
9,13555
9,13577
9,13656
9,13702
9,13814
9,13865
9,13877
9,13910
9,13925
9,14044
9,14072
9,14101
9,14172
9,14257
9,14290
9,14392
9,14510
9,14542
9,14741
9,14742
9,14862
9,14865
9,14971
9,14973
9,15058
9,15262
9,15398
9,15502
9,15506
9,15518
9,15558
9,15597
9,15753
9,15885
9,15915
9,15979
9,15997
9,16103
9,16163
9,16249
9,16292
9,16295
9,16352
9,16372
9,16400
9,16544
9,16549
9,16606
9,16618
9,16765
9,16875
9,16877
9,17020
9,17027
9,17088
9,17114
9,17171
9,17201
9,17251
9,17340
9,17345
9,17368
9,17427
9,17439
9,17474
9,17483
9,17508
9,17552
9,17651
9,17652
9,17878
9,17995
9,18152
9,18277
9,18327
9,18365
9,18465
9,18469
9,18554
9,18622
9,18680
9,18709
9,18722
9,18807
9,18951
9,18954
9,18971
9,19010
9,19027
9,19036
9,19069
9,19089
9,19134
9,19169
9,19187
9,19215
9,19252
9,19386
9,19407
9,19410
9,19550
9,19579
9,19642
9,19670
9,19688
9,19714
9,19900
9,19986
10,11
10,14
10,17
10,18
10,22
10,26
10,33
10,34
10,35
10,49
10,59
10,60
10,64
10,74
10,79
10,102
10,106
10,110
10,113
10,127
10,128
10,129
10,151
10,165
10,176
10,179
10,194
10,208
10,213
10,214
10,217
10,219
10,237
10,239
10,240
10,250
10,259
10,266
10,269
10,292
10,296
10,340
10,352
10,385
10,402
10,424
10,499
10,516
10,518
10,520
10,530
10,536
10,603
10,604
10,629
10,632
10,670
10,703
10,741
10,766
10,817
10,834
10,835
10,901
10,913
10,914
10,927
10,949
10,961
10,974
10,983
10,1037
10,1056
10,1118
10,1129
10,1144
10,1166
10,1169
10,1181
10,1190
10,1221
10,1250
10,1293
10,1345
10,1347
10,1393
10,1398
10,1438
10,1461
10,1498
10,1561
10,1625
10,1639
10,1650
10,1656
10,1659
10,1662
10,1670
10,1709
10,1780
10,1802
10,1821
10,1842
10,1846
10,1916
10,1927
10,1975
10,1978
10,1991
10,2082
10,2145
10,2170
10,2195
10,2240
10,2283
10,2330
10,2354
10,2398
10,2416
10,2487
10,2560
10,2596
10,2604
10,2610
10,2656
10,2735
10,2756
10,2799
10,2832
10,2866
10,2914
10,2943
10,2993
10,3031
10,3160
10,3171
10,3192
10,3203
10,3263
10,3312
10,3389
10,3437
10,3516
10,3532
10,3578
10,3649
10,3720
10,3721
10,3747
10,3776
10,3875
10,3904
10,3984
10,3997
10,4000
10,4021
10,4026
10,4081
10,4088
10,4130
10,4162
10,4183
10,4202
10,4292
10,4335
10,4513
10,4565
10,4587
10,4588
10,4610
10,4618
10,4649
10,4652
10,4673
10,4820
10,4836
10,4874
10,4963
10,4975
10,4989
10,5052
10,5067
10,5107
10,5144
10,5192
10,5216
10,5263
10,5278
10,5311
10,5472
10,5613
10,5625
10,5644
10,5713
10,5735
10,5780
10,5855
10,5860
10,5876
10,5884
10,6035
10,6102
10,6246
10,6261
10,6415
10,6435
10,6456
10,6472
10,6481
10,6505
10,6529
10,6537
10,6553
10,6651
10,6706
10,6728
10,6788
10,6799
10,6893
10,6921
10,6953
10,6975
10,6994
10,7014
10,7058
10,7170
10,7207
10,7274
10,7355
10,7377
10,7395
10,7408
10,7483
10,7527
10,7536
10,7632
10,7763
10,7776
10,7895
10,7929
10,8048
10,8207
10,8221
10,8309
10,8377
10,8485
10,8564
10,8568
10,8606
10,8610
10,8676
10,8710
10,8762
10,8863
10,8893
10,8994
10,9017
10,9074
10,9185
10,9290
10,9485
10,9542
10,9697
10,9863
10,9999
10,10138
10,10224
10,10262
10,10296
10,10321
10,10329
10,10342
10,10381
10,10401
10,10454
10,10538
10,10558
10,10580
10,10741
10,10759
10,10785
10,10851
10,10892
10,10945
10,10985
10,11053
10,11148
10,11198
10,11382
10,11526
10,11580
10,11652
10,11768
10,11818
10,11833
10,11952
10,11986
10,12080
10,12339
10,12351
10,12489
10,12626
10,12686
10,12945
10,13021
10,13102
10,13116
10,13266
10,13346
10,13371
10,13384
10,13465
10,13511
10,13544
10,13568
10,13796
10,13806
10,13984
10,14093
10,14099
10,14143
10,14173
10,14199
10,14419
10,14619
10,14681
10,14719
10,14787
10,14812
10,14947
10,15022
10,15060
10,15066
10,15074
10,15266
10,15286
10,15414
10,15436
10,15438
10,15463
10,15647
10,15733
10,15965
10,16108
10,16124
10,16384
10,16467
10,16522
10,16569
10,16773
10,16870
10,17452
10,17576
10,17804
10,17834
10,17840
10,17884
10,17885
10,18155
10,18215
10,18225
10,18315
10,18640
10,18641
10,18869
10,18967
10,19033
10,19052
10,19132
10,19334
10,19452
10,19602
10,19925
10,19956
10,19973
11,16
11,19
11,20
11,21
11,25
11,27
11,30
11,31
11,35
11,44
11,58
11,59
11,60
11,61
11,77
11,78
11,98
11,117
11,147
11,184
11,210
11,255
11,331
11,355
11,373
11,379
11,388
11,395
11,432
11,438
11,455
11,521
11,532
11,561
11,628
11,643
11,649
11,702
11,708
11,716
11,726
11,762
11,797
11,803
11,836
11,898
11,913
11,925
11,997
11,1009
11,1074
11,1099
11,1141
11,1176
11,1234
11,1323
11,1403
11,1588
11,1659
11,1660
11,1674
11,1714
11,1736
11,1782
11,1810
11,1857
11,1867
11,1924
11,1957
11,1960
11,1963
11,2096
11,2105
11,2106
11,2275
11,2421
11,2445
11,2487
11,2566
11,2600
11,2632
11,2794
11,2853
11,2861
11,2972
11,3077
11,3093
11,3115
11,3146
11,3466
11,3533
11,3622
11,3678
11,3687
11,3884
11,3974
11,4007
11,4025
11,4070
11,4177
11,4220
11,4270
11,4338
11,4362
11,4377
11,4412
11,4446
11,4542
11,4561
11,4597
11,4901
11,4965
11,4975
11,5140
11,5364
11,5402
11,5508
11,5542
11,5645
11,5687
11,5739
11,5748
11,5824
11,5913
11,6064
11,6313
11,6321
11,6593
11,6663
11,6676
11,6684
11,6695
11,6721
11,6770
11,6802
11,6886
11,6937
11,6981
11,7079
11,7213
11,7316
11,7331
11,7338
11,7628
11,7722
11,7753
11,7808
11,7810
11,7832
11,7848
11,7889
11,7981
11,7989
11,8053
11,8074
11,8271
11,8331
11,8364
11,8459
11,8587
11,8745
11,8754
11,8815
11,8853
11,9096
11,9564
11,9588
11,9688
11,9864
11,9941
11,9960
11,10011
11,10100
11,10201
11,10331
11,11062
11,11130
11,11142
11,11201
11,11452
11,11817
11,12080
11,12257
11,12358
11,12379
11,12451
11,12625
11,12715
11,12767
11,12923
11,12951
11,13206
11,13247
11,13254
11,13338
11,13530
11,13612
11,13728
11,13771
11,13778
11,14116
11,14141
11,14151
11,14253
11,14286
11,14312
11,14533
11,14626
11,14715
11,14738
11,14744
11,14815
11,14836
11,15221
11,15278
11,15376
11,15399
11,15504
11,15600
11,15618
11,16057
11,16104
11,16150
11,16486
11,16672
11,16691
11,16711
11,16777
11,16848
11,16932
11,17074
11,17228
11,17249
11,17418
11,17480
11,17502
11,17599
11,17611
11,17849
11,17925
11,18020
11,18072
11,18076
11,18118
11,18303
11,18450
11,18544
11,18590
11,18693
11,18801
11,19255
11,19292
11,19478
11,19513
12,15
12,28
12,31
12,38
12,42
12,47
12,66
12,77
12,80
12,83
12,206
12,284
12,313
12,363
12,382
12,383
12,407
12,491
12,525
12,542
12,554
12,573
12,609
12,655
12,686
12,701
12,739
12,768
12,775
12,801
12,808
12,873
12,905
12,908
12,911
12,918
12,921
12,937
12,942
12,944
12,1028
12,1039
12,1072
12,1102
12,1250
12,1263
12,1290
12,1303
12,1321
12,1380
12,1397
12,1432
12,1588
12,1698
12,1728
12,1878
12,1893
12,1901
12,1912
12,2074
12,2226
12,2251
12,2261
12,2283
12,2305
12,2382
12,2513
12,2590
12,2740
12,2777
12,2779
12,2945
12,3057
12,3095
12,3238
12,3260
12,3417
12,3665
12,3667
12,3897
12,3955
12,4054
12,4297
12,4299
12,4499
12,4536
12,4630
12,4649
12,4725
12,4816
12,5105
12,5241
12,5412
12,5503
12,5685
12,5969
12,6021
12,6471
12,6553
12,6586
12,6623
12,6933
12,6947
12,7135
12,7221
12,7335
12,7655
12,7727
12,7816
12,8092
12,8114
12,8170
12,8591
12,8751
12,9111
12,9318
12,9458
12,9738
12,9839
12,10417
12,10556
12,10560
12,10697
12,10943
12,10951
12,11128
12,11510
12,11780
12,11794
12,12009
12,12347
12,12386
12,12428
12,12610
12,12754
12,14099
12,14695
12,14931
12,15064
12,15842
12,16253
12,16328
12,16477
12,16951
12,17494
12,18247
12,18489
12,18926
12,19000
12,19341
12,19517
12,19813
12,19897
13,15
13,28
13,55
13,73
13,81
13,101
13,103
13,184
13,202
13,203
13,240
13,262
13,263
13,287
13,316
13,324
13,361
13,441
13,453
13,488
13,534
13,587
13,595
13,623
13,682
13,772
13,870
13,882
13,909
13,948
13,1015
13,1076
13,1088
13,1123
13,1137
13,1139
13,1199
13,1247
13,1494
13,1530
13,1585
13,1618
13,1858
13,1938
13,2015
13,2208
13,2281
13,2362
13,2480
13,2517
13,2564
13,2622
13,2671
13,2675
13,2897
13,2998
13,3044
13,3087
13,3089
13,3161
13,3459
13,3661
13,3883
13,4050
13,4428
13,4516
13,4641
13,4803
13,4814
13,4943
13,5106
13,5145
13,5160
13,5241
13,5308
13,5484
13,5724
13,6133
13,6177
13,6237
13,6556
13,6565
13,6749
13,6974
13,7062
13,7279
13,7361
13,7399
13,7531
13,7603
13,7676
13,7799
13,7829
13,7899
13,7967
13,8505
13,8533
13,8556
13,8673
13,8683
13,8752
13,8813
13,8859
13,8945
13,8986
13,9216
13,9330
13,9438
13,9566
13,9660
13,9736
13,10039
13,10117
13,10732
13,10740
13,10955
13,11005
13,11188
13,11250
13,11418
13,11491
13,12180
13,12662
13,12724
13,12812
13,12892
13,12955
13,12965
13,12987
13,13515
13,13596
13,13800
13,13925
13,14166
13,14255
13,14341
13,14418
13,14580
13,14899
13,15404
13,15435
13,15919
13,16389
13,16466
13,17028
13,17048
13,18122
13,18161
13,18279
13,18328
13,18392
13,18423
13,18819
13,18849
13,19065
13,19692
13,19720
13,19991
14,25
14,45
14,49
14,55
14,111
14,275
14,564
14,691
14,722
14,795
14,847
14,866
14,926
14,945
14,975
14,1010
14,1070
14,1118
14,1443
14,1485
14,1582
14,1875
14,1942
14,1954
14,1969
14,1998
14,2158
14,2200
14,2307
14,2369
14,2418
14,2481
14,2564
14,2733
14,2906
14,3309
14,3480
14,3895
14,3922
14,4006
14,4091
14,4332
14,4400
14,4549
14,4635
14,4751
14,4930
14,4953
14,5118
14,5253
14,5292
14,5298
14,5567
14,5607
14,5632
14,5766
14,5812
14,5887
14,6208
14,6269
14,6287
14,6354
14,6370
14,6546
14,6661
14,6987
14,7257
14,7381
14,7514
14,7675
14,7724
14,7894
14,8141
14,8382
14,8498
14,9111
14,9116
14,9540
14,9866
14,10416
14,10697
14,11059
14,11064
14,11124
14,11240
14,11701
14,11928
14,11995
14,12157
14,12738
14,12953
14,13068
14,13421
14,14292
14,14399
14,15038
14,15756
14,16073
14,16493
14,16708
14,17104
14,17690
14,17744
14,18062
14,18348
14,18521
14,19024
14,19092
14,19221
14,19873
15,22
15,24
15,36
15,39
15,43
15,48
15,55
15,58
15,70
15,71
15,74
15,75
15,81
15,87
15,103
15,108
15,121
15,131
15,133
15,135
15,137
15,148
15,159
15,169
15,172
15,174
15,246
15,254
15,267
15,293
15,306
15,312
15,313
15,317
15,318
15,320
15,345
15,347
15,372
15,375
15,383
15,398
15,400
15,427
15,428
15,440
15,490
15,497
15,543
15,550
15,589
15,590
15,597
15,681
15,685
15,695
15,705
15,769
15,971
15,1039
15,1051
15,1052
15,1086
15,1117
15,1124
15,1146
15,1221
15,1227
15,1230
15,1240
15,1249
15,1281
15,1284
15,1293
15,1311
15,1350
15,1351
15,1353
15,1518
15,1533
15,1559
15,1568
15,1605
15,1610
15,1633
15,1699
15,1771
15,1875
15,1962
15,2008
15,2019
15,2205
15,2208
15,2233
15,2234
15,2286
15,2302
15,2391
15,2410
15,2433
15,2454
15,2495
15,2582
15,2716
15,2726
15,2766
15,2774
15,2876
15,2922
15,2979
15,3042
15,3051
15,3056
15,3083
15,3161
15,3179
15,3189
15,3235
15,3304
15,3394
15,3403
15,3423
15,3434
15,3450
15,3593
15,3604
15,3638
15,3678
15,3693
15,3705
15,3769
15,3820
15,3913
15,3921
15,3929
15,3972
15,4098
15,4209
15,4280
15,4300
15,4302
15,4373
15,4375
15,4391
15,4448
15,4450
15,4510
15,4516
15,4582
15,4596
15,4662
15,4668
15,4813
15,4878
15,4887
15,4909
15,4912
15,4974
15,5245
15,5296
15,5305
15,5313
15,5432
15,5435
15,5467
15,5499
15,5515
15,5569
15,5653
15,5671
15,5748
15,5752
15,5757
15,5816
15,5830
15,5893
15,5960
15,6117
15,6141
15,6290
15,6379
15,6456
15,6495
15,6499
15,6506
15,6549
15,6638
15,6671
15,6741
15,6743
15,6845
15,6888
15,6998
15,7005
15,7208
15,7227
15,7432
15,7484
15,7542
15,7834
15,7857
15,7894
15,7953
15,8017
15,8067
15,8147
15,8150
15,8191
15,8212
15,8282
15,8284
15,8386
15,8441
15,8592
15,8622
15,8764
15,8806
15,8846
15,8877
15,8946
15,9006
15,9148
15,9179
15,9294
15,9306
15,9314
15,9414
15,9582
15,9708
15,9743
15,9836
15,9903
15,9905
15,9994
15,10520
15,10552
15,10609
15,10704
15,10765
15,10797
15,11025
15,11134
15,11410
15,11517
15,11618
15,11679
15,11803
15,11900
15,12011
15,12283
15,12329
15,12472
15,12510
15,12604
15,12633
15,12786
15,12960
15,12982
15,13348
15,13372
15,13688
15,13689
15,13749
15,13838
15,13930
15,13965
15,13976
15,14079
15,14346
15,14570
15,14806
15,15032
15,15115
15,15222
15,15227
15,15268
15,15303
15,15542
15,15685
15,15918
15,16295
15,16480
15,16705
15,16772
15,16847
15,16881
15,17071
15,17103
15,17204
15,17428
15,17467
15,17775
15,17841
15,17853
15,17965
15,18200
15,18553
15,18565
15,18567
15,18569
15,18587
15,18789
15,18883
15,18972
15,19043
15,19145
15,19214
15,19278
15,19373
15,19533
15,19716
16,17
16,20
16,25
16,29
16,39
16,40
16,41
16,44
16,45
16,47
16,71
16,83
16,91
16,93
16,95
16,123
16,132
16,162
16,175
16,179
16,180
16,182
16,207
16,213
16,230
16,231
16,294
16,301
16,307
16,331
16,337
16,377
16,382
16,431
16,481
16,495
16,497
16,503
16,510
16,524
16,538
16,567
16,579
16,585
16,603
16,608
16,613
16,762
16,785
16,787
16,806
16,881
16,1002
16,1022
16,1042
16,1054
16,1076
16,1077
16,1118
16,1170
16,1217
16,1436
16,1453
16,1498
16,1564
16,1568
16,1573
16,1586
16,1600
16,1635
16,1704
16,1730
16,1772
16,1793
16,1895
16,1911
16,2121
16,2257
16,2341
16,2383
16,2403
16,2471
16,2512
16,2528
16,2578
16,2611
16,2646
16,2754
16,2761
16,2859
16,2899
16,2916
16,2930
16,3073
16,3086
16,3135
16,3224
16,3382
16,3508
16,3568
16,3626
16,3648
16,3722
16,3741
16,3761
16,3794
16,3817
16,3856
16,3873
16,3891
16,3943
16,3986
16,4020
16,4050
16,4142
16,4206
16,4293
16,4313
16,4385
16,4396
16,4409
16,4497
16,4531
16,4842
16,4863
16,4864
16,4873
16,4921
16,4940
16,5100
16,5242
16,5251
16,5372
16,5401
16,5417
16,5500
16,5586
16,5785
16,5820
16,5902
16,6027
16,6050
16,6074
16,6089
16,6093
16,6131
16,6152
16,6186
16,6324
16,6411
16,6423
16,6534
16,6660
16,6737
16,6760
16,6934
16,6973
16,7350
16,7504
16,7518
16,7563
16,7683
16,7715
16,7857
16,7892
16,7998
16,8009
16,8115
16,8193
16,8217
16,8242
16,8379
16,8529
16,8547
16,8620
16,8776
16,8841
16,8860
16,8919
16,8941
16,8951
16,8966
16,9025
16,9155
16,9198
16,9320
16,9535
16,9919
16,10176
16,10229
16,10712
16,11105
16,11118
16,11121
16,11134
16,11297
16,11493
16,11701
16,11735
16,11818
16,11838
16,11891
16,11904
16,12030
16,12250
16,12535
16,12556
16,12616
16,12763
16,12912
16,13121
16,13141
16,13442
16,13490
16,13505
16,14043
16,14162
16,14398
16,14721
16,14892
16,15038
16,15336
16,15505
16,15524
16,15691
16,15935
16,16032
16,16152
16,16372
16,16477
16,16526
16,16567
16,16720
16,16849
16,17210
16,17253
16,17449
16,17457
16,17502
16,17537
16,17546
16,17610
16,17900
16,18281
16,18305
16,18478
16,18529
16,18605
16,18646
16,18667
16,18767
16,18803
16,18957
16,18966
16,19013
16,19076
16,19346
16,19506
16,19523
16,19560
16,19909
17,20
17,23
17,26
17,29
17,30
17,35
17,38
17,49
17,51
17,62
17,77
17,100
17,123
17,164
17,252
17,256
17,274
17,290
17,297
17,298
17,332
17,357
17,369
17,443
17,526
17,545
17,563
17,578
17,659
17,686
17,816
17,834
17,836
17,928
17,1097
17,1149
17,1226
17,1364
17,1468
17,1535
17,1630
17,1692
17,1758
17,2073
17,2446
17,2530
17,2547
17,2639
17,2722
17,3128
17,3133
17,3180
17,3207
17,3241
17,3270
17,3386
17,3537
17,3626
17,3773
17,3865
17,3900
17,4052
17,4194
17,4372
17,4426
17,4480
17,4531
17,4612
17,4816
17,4836
17,4875
17,4988
17,4991
17,5006
17,5031
17,5297
17,5299
17,5388
17,5587
17,5603
17,5678
17,5935
17,6084
17,6205
17,6752
17,6773
17,6835
17,6905
17,7118
17,7149
17,7293
17,7466
17,7974
17,8039
17,8255
17,8310
17,8444
17,8987
17,9232
17,9403
17,9468
17,9502
17,9565
17,9647
17,10088
17,10243
17,10751
17,10753
17,10791
17,10831
17,10954
17,11139
17,11448
17,11522
17,11590
17,11686
17,11915
17,11963
17,12086
17,12238
17,12529
17,12585
17,12719
17,12833
17,13115
17,13171
17,13476
17,13788
17,13805
17,14402
17,14908
17,15092
17,15300
17,15969
17,16657
17,17167
17,17304
17,17856
17,18728
17,18825
17,19276
17,19639
17,19791
17,19954
18,21
18,25
18,27
18,36
18,37
18,41
18,63
18,65
18,67
18,70
18,85
18,87
18,146
18,155
18,175
18,193
18,216
18,234
18,244
18,245
18,373
18,414
18,427
18,466
18,486
18,543
18,564
18,574
18,583
18,638
18,639
18,683
18,703
18,711
18,725
18,769
18,783
18,849
18,857
18,877
18,885
18,888
18,899
18,919
18,922
18,937
18,960
18,998
18,1012
18,1045
18,1108
18,1124
18,1168
18,1171
18,1246
18,1282
18,1293
18,1354
18,1379
18,1442
18,1450
18,1519
18,1577
18,1605
18,1684
18,1692
18,1706
18,1739
18,1825
18,1893
18,1908
18,1964
18,2126
18,2139
18,2175
18,2256
18,2264
18,2336
18,2406
18,2457
18,2505
18,2542
18,2810
18,2834
18,2845
18,2852
18,2890
18,2906
18,3072
18,3126
18,3277
18,3348
18,3379
18,3492
18,3530
18,3580
18,3633
18,3680
18,3740
18,3778
18,3806
18,3819
18,3965
18,3999
18,4090
18,4093
18,4399
18,4401
18,4481
18,4686
18,4733
18,4740
18,4743
18,4761
18,4855
18,4903
18,4934
18,4971
18,4986
18,5010
18,5022
18,5246
18,5301
18,5316
18,5324
18,5326
18,5368
18,5402
18,5468
18,5474
18,5588
18,5646
18,5821
18,5990
18,6061
18,6112
18,6163
18,6266
18,6346
18,6355
18,6374
18,6482
18,6491
18,6718
18,6883
18,6909
18,7025
18,7070
18,7114
18,7134
18,7163
18,7170
18,7171
18,7215
18,7366
18,7389
18,7513
18,7565
18,7718
18,8271
18,8443
18,8461
18,8501
18,8652
18,8671
18,8731
18,8864
18,8878
18,9130
18,9386
18,9402
18,9514
18,9552
18,9603
18,9662
18,9806
18,10003
18,10086
18,10132
18,10270
18,10288
18,10522
18,10795
18,11087
18,11184
18,11252
18,11285
18,11417
18,11546
18,11602
18,11660
18,11755
18,11774
18,11842
18,11901
18,12323
18,12342
18,12448
18,12488
18,12509
18,12537
18,12580
18,12662
18,12833
18,12860
18,12933
18,13015
18,13229
18,13334
18,13469
18,13523
18,13759
18,13770
18,13937
18,13989
18,13998
18,14037
18,14285
18,14564
18,15042
18,15044
18,15222
18,15352
18,15478
18,15720
18,15787
18,15963
18,15988
18,16061
18,16171
18,16252
18,16658
18,16790
18,16996
18,17139
18,17205
18,17309
18,17455
18,17500
18,17619
18,17823
18,17830
18,17992
18,18314
18,18477
18,18479
18,18641
18,18714
18,18716
18,18748
18,18842
18,18880
18,19164
18,19321
18,19522
18,19633
18,19709
18,19710
18,19858
18,19896
19,21
19,22
19,24
19,26
19,27
19,28
19,29
19,38
19,53
19,56
19,58
19,64
19,88
19,92
19,95
19,96
19,111
19,116
19,130
19,155
19,162
19,172
19,175
19,186
19,190
19,194
19,200
19,203
19,220
19,229
19,266
19,269
19,285
19,307
19,322
19,331
19,332
19,341
19,342
19,346
19,366
19,406
19,437
19,470
19,472
19,488
19,492
19,505
19,622
19,644
19,648
19,668
19,850
19,887
19,1004
19,1033
19,1147
19,1155
19,1169
19,1188
19,1195
19,1221
19,1321
19,1331
19,1355
19,1402
19,1438
19,1476
19,1509
19,1520
19,1550
19,1661
19,1677
19,1733
19,1875
19,1902
19,1947
19,1957
19,1972
19,1985
19,1990
19,2045
19,2144
19,2149
19,2159
19,2180
19,2204
19,2209
19,2232
19,2364
19,2400
19,2409
19,2463
19,2515
19,2533
19,2570
19,2654
19,2691
19,2754
19,2797
19,2869
19,3094
19,3100
19,3134
19,3142
19,3158
19,3268
19,3446
19,3449
19,3481
19,3517
19,3635
19,3646
19,3687
19,3708
19,3792
19,3841
19,3860
19,3883
19,4044
19,4047
19,4124
19,4435
19,4518
19,4621
19,4749
19,4923
19,4967
19,5143
19,5734
19,6005
19,6228
19,6348
19,6352
19,6500
19,6521
19,6525
19,6597
19,6983
19,7070
19,7120
19,7225
19,7306
19,7312
19,7446
19,7560
19,7587
19,7679
19,7812
19,7886
19,7946
19,8076
19,8104
19,8161
19,8249
19,8255
19,8366
19,8512
19,8522
19,8672
19,8886
19,8996
19,9381
19,9407
19,9537
19,9648
19,9883
19,9895
19,10097
19,10251
19,10438
19,10511
19,10561
19,10796
19,10889
19,11141
19,11253
19,11255
19,11280
19,11564
19,11664
19,11728
19,11822
19,11958
19,11984
19,12087
19,12165
19,12172
19,12261
19,12396
19,12546
19,12767
19,12795
19,12930
19,13022
19,13217
19,13347
19,13595
19,13622
19,13784
19,13966
19,14192
19,14216
19,14233
19,14328
19,14550
19,14974
19,15160
19,15255
19,15841
19,15964
19,16207
19,16487
19,16556
19,16563
19,16806
19,16829
19,17226
19,17238
19,17282
19,17289
19,17630
19,17767
19,18098
19,18398
19,18504
19,18614
19,18615
19,18720
19,19138
19,19226
19,19244
19,19319
19,19409
19,19620
19,19738
20,33
20,37
20,40
20,58
20,71
20,74
20,82
20,118
20,120
20,140
20,143
20,159
20,168
20,187
20,282
20,368
20,379
20,382
20,470
20,487
20,513
20,525
20,648
20,800
20,807
20,811
20,813
20,919
20,936
20,1110
20,1122
20,1133
20,1140
20,1223
20,1225
20,1243
20,1269
20,1275
20,1281
20,1303
20,1324
20,1435
20,1536
20,1539
20,1603
20,1616
20,1686
20,1708
20,1762
20,1771
20,1847
20,1888
20,1894
20,1936
20,2002
20,2014
20,2015
20,2374
20,2446
20,2454
20,2568
20,2599
20,2610
20,2686
20,2695
20,2789
20,3068
20,3071
20,3136
20,3347
20,3423
20,3525
20,3541
20,3622
20,3702
20,3923
20,3990
20,4001
20,4048
20,4106
20,4456
20,4465
20,4607
20,4698
20,4744
20,4776
20,5156
20,5388
20,5686
20,5817
20,5912
20,5980
20,6024
20,6049
20,6238
20,6267
20,6279
20,6581
20,6692
20,6768
20,6885
20,7069
20,7513
20,7520
20,7553
20,7628
20,7634
20,7649
20,7884
20,7942
20,8086
20,8276
20,8480
20,8513
20,8658
20,8683
20,8873
20,9035
20,9077
20,9234
20,9297
20,9384
20,9469
20,9596
20,9851
20,9903
20,9954
20,10142
20,10309
20,10419
20,10799
20,10884
20,10919
20,11473
20,11567
20,11880
20,12303
20,12454
20,12469
20,12700
20,13040
20,13449
20,13676
20,13681
20,13949
20,14380
20,14419
20,14610
20,14711
20,14996
20,15006
20,15609
20,15785
20,15789
20,15951
20,16205
20,16232
20,16616
20,16869
20,17116
20,17572
20,17683
20,17711
20,17922
20,18037
20,18203
20,18361
20,18436
20,18440
20,18579
20,18598
20,18727
20,18918
20,19045
20,19108
20,19833
21,32
21,42
21,49
21,76
21,83
21,93
21,120
21,121
21,133
21,141
21,181
21,195
21,202
21,220
21,232
21,247
21,265
21,284
21,335
21,344
21,366
21,394
21,398
21,401
21,449
21,551
21,668
21,681
21,928
21,1007
21,1062
21,1093
21,1144
21,1280
21,1394
21,1469
21,1550
21,1574
21,1634
21,1795
21,1982
21,2101
21,2223
21,2273
21,2288
21,2367
21,2372
21,2552
21,2631
21,2651
21,2851
21,3074
21,3156
21,3173
21,3214
21,3257
21,3306
21,3409
21,3422
21,3424
21,3442
21,3666
21,3983
21,4166
21,4367
21,4476
21,4485
21,4551
21,4833
21,4896
21,4969
21,5060
21,5387
21,5399
21,5506
21,5773
21,5786
21,5791
21,5922
21,5990
21,6104
21,6443
21,6532
21,6676
21,7376
21,7480
21,7496
21,7698
21,7711
21,7775
21,8092
21,8250
21,8333
21,9016
21,9528
21,9851
21,10051
21,10765
21,11271
21,11310
21,11520
21,11648
21,11765
21,12008
21,12521
21,13210
21,13226
21,13261
21,13274
21,13284
21,13980
21,14044
21,14048
21,14050
21,14118
21,14737
21,15692
21,15763
21,15916
21,15956
21,15965
21,16082
21,16156
21,16385
21,16402
21,16562
21,16885
21,17064
21,17447
21,18254
21,18284
21,19065
21,19095
21,19204
21,19723
22,104
22,149
22,154
22,222
22,246
22,273
22,361
22,394
22,404
22,514
22,799
22,998
22,1088
22,1089
22,1093
22,1314
22,1402
22,1484
22,1491
22,1568
22,1636
22,1789
22,1794
22,1810
22,1844
22,1853
22,2001
22,2045
22,2136
22,2588
22,2620
22,2820
22,3172
22,3284
22,3445
22,3588
22,3831
22,3876
22,3896
22,4234
22,4292
22,4364
22,5012
22,5807
22,5894
22,5987
22,7064
22,7463
22,7470
22,7489
22,8058
22,8827
22,8887
22,8995
22,9008
22,9254
22,10239
22,10558
22,10923
22,11850
22,12393
22,12783
22,13148
22,13546
22,13596
22,14882
22,14898
22,15227
22,15895
22,16104
22,16280
22,16471
22,16646
22,17113
22,17312
22,17374
22,18378
22,18793
22,19512
22,19786
23,33
23,196
23,202
23,231
23,255
23,306
23,452
23,522
23,537
23,567
23,634
23,721
23,839
23,1085
23,1109
23,1128
23,1135
23,1252
23,1253
23,1300
23,1329
23,1338
23,1375
23,1392
23,1510
23,1578
23,1659
23,1713
23,1756
23,1811
23,1901
23,2061
23,2169
23,2237
23,2360
23,2483
23,2539
23,2589
23,2739
23,2840
23,2922
23,3432
23,3837
23,3890
23,3944
23,4245
23,4311
23,4389
23,4529
23,4635
23,4663
23,4725
23,4778
23,4814
23,4860
23,4875
23,4928
23,5178
23,5412
23,5561
23,5718
23,6011
23,6201
23,6454
23,6523
23,6550
23,7156
23,7469
23,7584
23,7971
23,8244
23,8381
23,8847
23,9009
23,9055
23,9230
23,9367
23,9827
23,9963
23,10021
23,10052
23,10321
23,10482
23,11016
23,11331
23,11954
23,11974
23,12073
23,12373
23,12782
23,12885
23,13095
23,13200
23,13221
23,13393
23,13528
23,13724
23,13768
23,14340
23,14449
23,14771
23,15001
23,15583
23,15620
23,16164
23,16993
23,17354
23,17444
23,17639
23,17676
23,17975
23,18003
23,18045
23,18094
23,18137
23,18581
23,19144
23,19318
23,19574
24,28
24,30
24,88
24,102
24,116
24,136
24,138
24,200
24,211
24,337
24,362
24,385
24,402
24,408
24,642
24,767
24,990
24,1265
24,1316
24,1345
24,1519
24,1729
24,2017
24,2084
24,2124
24,2164
24,2218
24,2450
24,2673
24,2708
24,2810
24,3432
24,3615
24,3955
24,3988
24,4127
24,4320
24,4462
24,4483
24,4539
24,4593
24,4657
24,4717
24,5027
24,5053
24,5457
24,5631
24,5663
24,5719
24,6114
24,6201
24,6313
24,6317
24,6361
24,6377
24,6565
24,7136
24,7281
24,7305
24,7310
24,7402
24,7484
24,7767
24,7986
24,8025
24,8092
24,8521
24,8747
24,8797
24,8881
24,9278
24,9326
24,9727
24,9841
24,10000
24,10127
24,10241
24,10710
24,10781
24,11292
24,11598
24,12824
24,13119
24,13576
24,13730
24,13757
24,13785
24,14139
24,14183
24,14367
24,14550
24,14735
24,16888
24,17317
24,17576
24,18040
24,18265
24,18465
24,18486
24,18574
24,18585
24,18919
24,18990
24,19251
24,19267
24,19455
24,19474
24,19904
24,19984
25,45
25,48
25,54
25,55
25,56
25,60
25,63
25,72
25,109
25,141
25,152
25,161
25,166
25,247
25,263
25,283
25,297
25,343
25,517
25,611
25,643
25,721
25,774
25,816
25,931
25,976
25,983
25,999
25,1112
25,1155
25,1186
25,1212
25,1584
25,1622
25,1747
25,1844
25,1851
25,1873
25,2149
25,2174
25,2281
25,2318
25,2343
25,2370
25,2381
25,2608
25,2617
25,2753
25,2801
25,2995
25,3123
25,3170
25,3259
25,3274
25,3573
25,3718
25,3723
25,3872
25,4043
25,4131
25,4406
25,4617
25,4694
25,4750
25,4841
25,4890
25,4934
25,5459
25,5785
25,6734
25,7146
25,7292
25,7379
25,7485
25,7714
25,8403
25,8729
25,8911
25,8977
25,8985
25,9152
25,9215
25,9394
25,9481
25,9559
25,9659
25,9913
25,9926
25,10036
25,10363
25,10411
25,10534
25,10969
25,10983
25,11092
25,11146
25,11210
25,11226
25,12026
25,12092
25,12181
25,12786
25,12820
25,13233
25,13835
25,14485
25,14650
25,14980
25,15293
25,15411
25,15554
25,15555
25,15750
25,16125
25,16406
25,16876
25,16914
25,17415
25,17749
25,17818
25,18152
25,18228
25,18310
25,18322
25,18836
25,18922
25,19470
25,19616
25,19658
25,19962
26,36
26,46
26,50
26,52
26,54
26,61
26,67
26,72
26,76
26,80
26,84
26,97
26,102
26,104
26,106
26,111
26,113
26,126
26,145
26,148
26,154
26,157
26,184
26,193
26,235
26,244
26,249
26,251
26,269
26,301
26,321
26,332
26,339
26,365
26,375
26,385
26,424
26,430
26,431
26,436
26,444
26,445
26,458
26,459
26,467
26,508
26,525
26,537
26,573
26,575
26,594
26,652
26,689
26,715
26,716
26,732
26,735
26,759
26,793
26,795
26,852
26,879
26,932
26,1000
26,1006
26,1013
26,1029
26,1047
26,1082
26,1096
26,1110
26,1114
26,1191
26,1209
26,1220
26,1223
26,1228
26,1254
26,1257
26,1271
26,1304
26,1310
26,1336
26,1365
26,1389
26,1434
26,1458
26,1532
26,1578
26,1628
26,1630
26,1683
26,1732
26,1750
26,1794
26,1811
26,1868
26,1886
26,2066
26,2188
26,2193
26,2224
26,2290
26,2305
26,2345
26,2367
26,2390
26,2410
26,2511
26,2535
26,2649
26,2655
26,2670
26,2726
26,2770
26,2771
26,2877
26,2933
26,2948
26,3083
26,3118
26,3217
26,3272
26,3444
26,3463
26,3533
26,3537
26,3592
26,3658
26,3664
26,3710
26,3733
26,3734
26,3852
26,3947
26,3966
26,3995
26,4003
26,4008
26,4084
26,4096
26,4124
26,4384
26,4419
26,4444
26,4453
26,4615
26,4723
26,4777
26,4784
26,4824
26,4853
26,4882
26,4885
26,4931
26,5082
26,5231
26,5242
26,5258
26,5327
26,5419
26,5426
26,5452
26,5489
26,5532
26,5573
26,5611
26,5656
26,5783
26,5871
26,5887
26,5958
26,6000
26,6027
26,6031
26,6043
26,6057
26,6120
26,6125
26,6224
26,6356
26,6462
26,6577
26,6595
26,6639
26,6705
26,6803
26,6812
26,6919
26,6974
26,7032
26,7079
26,7119
26,7262
26,7322
26,7383
26,7473
26,7524
26,7595
26,7598
26,7757
26,7760
26,7769
26,7771
26,7804
26,8013
26,8092
26,8140
26,8194
26,8288
26,8295
26,8315
26,8352
26,8358
26,8433
26,8573
26,8584
26,8710
26,8716
26,8815
26,8873
26,8897
26,9006
26,9249
26,9273
26,9365
26,9416
26,9418
26,9689
26,10112
26,10116
26,10236
26,10441
26,10502
26,10547
26,10680
26,10696
26,10697
26,10907
26,10912
26,10913
26,10963
26,11057
26,11180
26,11200
26,11216
26,11539
26,11562
26,11619
26,11649
26,11674
26,11807
26,11882
26,11955
26,11973
26,11986
26,12057
26,12060
26,12123
26,12141
26,12185
26,12298
26,12377
26,12421
26,12474
26,12608
26,12641
26,12645
26,12669
26,12838
26,12871
26,12885
26,12911
26,12929
26,12990
26,13170
26,13257
26,13317
26,13344
26,13369
26,13464
26,13500
26,13555
26,13578
26,13701
26,13827
26,13918
26,14049
26,14149
26,14204
26,14220
26,14256
26,14411
26,14642
26,14747
26,14769
26,14949
26,14960
26,14978
26,15092
26,15132
26,15312
26,15355
26,15624
26,15630
26,15795
26,15845
26,15883
26,15933
26,15958
26,15979
26,16077
26,16517
26,16529
26,16674
26,16752
26,16799
26,16815
26,17225
26,17258
26,17450
26,17596
26,17727
26,17807
26,18062
26,18204
26,18458
26,18530
26,18677
26,18927
26,18939
26,18952
26,19045
26,19077
26,19246
26,19287
26,19320
26,19540
26,19598
26,19634
26,19638
26,19653
26,19751
26,19760
26,19854
26,19948
27,50
27,51
27,86
27,87
27,88
27,122
27,193
27,231
27,305
27,313
27,387
27,747
27,794
27,826
27,950
27,971
27,1037
27,1274
27,1428
27,1604
27,1705
27,1855
27,2031
27,2184
27,2230
27,2291
27,2710
27,2773
27,2794
27,3125
27,3210
27,3433
27,3585
27,3641
27,3836
27,3949
27,4229
27,4494
27,4784
27,4852
27,5080
27,5086
27,5148
27,5419
27,5622
27,5656
27,5658
27,5865
27,6038
27,6507
27,7060
27,7802
27,7880
27,8037
27,8106
27,8228
27,8366
27,8760
27,8789
27,8926
27,9172
27,9298
27,9387
27,10062
27,10182
27,10300
27,10637
27,11112
27,11182
27,11430
27,11543
27,11744
27,12573
27,12661
27,12937
27,13771
27,13960
27,15370
27,15913
27,16849
27,16868
27,16939
27,17800
27,17842
27,17848
27,18095
27,19094
27,19170
27,19173
27,19406
27,19555
28,46
28,51
28,188
28,207
28,214
28,356
28,449
28,454
28,639
28,803
28,977
28,1150
28,1282
28,1570
28,1626
28,1867
28,1999
28,2032
28,2146
28,2166
28,2167
28,2230
28,2276
28,2418
28,2479
28,2776
28,2785
28,3035
28,3252
28,3258
28,3569
28,3716
28,3754
28,4053
28,4208
28,4287
28,4315
28,4492
28,4699
28,4750
28,4869
28,4912
28,5093
28,5200
28,5220
28,5430
28,5628
28,6154
28,6335
28,6612
28,6714
28,6827
28,7086
28,7740
28,7906
28,7949
28,8005
28,8031
28,8126
28,8828
28,8939
28,9071
28,9443
28,9858
28,9897
28,9979
28,11327
28,11570
28,11665
28,11695
28,11769
28,11964
28,12145
28,12159
28,12163
28,12232
28,12357
28,12459
28,12578
28,13074
28,13100
28,13269
28,13290
28,13930
28,13960
28,14037
28,14188
28,14514
28,14994
28,15435
28,15552
28,16232
28,16244
28,16309
28,16403
28,16582
28,16602
28,16695
28,16816
28,16835
28,16996
28,17183
28,17371
28,17377
28,17405
28,17661
28,18258
28,18832
29,30
29,34
29,43
29,55
29,85
29,106
29,114
29,142
29,161
29,192
29,205
29,219
29,258
29,261
29,274
29,286
29,294
29,339
29,367
29,374
29,392
29,425
29,442
29,481
29,504
29,528
29,534
29,536
29,548
29,702
29,792
29,838
29,916
29,978
29,999
29,1005
29,1013
29,1194
29,1220
29,1242
29,1243
29,1269
29,1315
29,1388
29,1411
29,1442
29,1502
29,1523
29,1638
29,1722
29,1781
29,1792
29,1794
29,1860
29,1905
29,1949
29,1966
29,1971
29,2049
29,2065
29,2094
29,2106
29,2217
29,2484
29,2502
29,2513
29,2598
29,2618
29,2721
29,2812
29,2868
29,2955
29,2991
29,3252
29,3472
29,3654
29,3762
29,3936
29,4039
29,4742
29,5082
29,5094
29,5222
29,5282
29,5288
29,5320
29,5366
29,5440
29,5444
29,5559
29,5619
29,5640
29,5790
29,5811
29,5880
29,6030
29,6119
29,6129
29,6700
29,6958
29,7070
29,7163
29,7236
29,7251
29,7505
29,7540
29,7562
29,7708
29,7934
29,8012
29,8172
29,8495
29,8634
29,8713
29,8804
29,8990
29,9205
29,9223
29,9252
29,9502
29,9612
29,9651
29,9719
29,9857
29,9950
29,10011
29,10102
29,10207
29,10415
29,10452
29,10658
29,10763
29,11018
29,11277
29,11482
29,11518
29,11769
29,11776
29,12048
29,12219
29,12290
29,12607
29,12668
29,12695
29,12702
29,12775
29,12804
29,12884
29,13002
29,13008
29,13220
29,13329
29,13394
29,13450
29,13577
29,13804
29,14041
29,14439
29,14472
29,14540
29,14730
29,15507
29,15514
29,15787
29,15848
29,16069
29,16257
29,16391
29,16516
29,16624
29,16953
29,17263
29,17277
29,17487
29,17493
29,17508
29,17533
29,17568
29,17787
29,18052
29,18187
29,18257
29,18266
29,19215
29,19272
29,19347
29,19497
29,19571
29,19615
29,19673
29,19749
29,19819
29,19870
29,19884
30,31
30,38
30,47
30,73
30,81
30,101
30,136
30,168
30,169
30,253
30,289
30,302
30,376
30,387
30,397
30,402
30,419
30,425
30,452
30,470
30,482
30,512
30,513
30,517
30,544
30,571
30,607
30,655
30,668
30,695
30,697
30,731
30,736
30,780
30,810
30,882
30,947
30,1016
30,1173
30,1184
30,1252
30,1257
30,1400
30,1423
30,1458
30,1466
30,1543
30,1585
30,1665
30,1784
30,1862
30,1896
30,2004
30,2005
30,2104
30,2296
30,2441
30,2609
30,2812
30,2861
30,3064
30,3065
30,3071
30,3079
30,3084
30,3103
30,3179
30,3334
30,3453
30,3610
30,3638
30,3715
30,3774
30,3804
30,4315
30,4322
30,4528
30,4558
30,5171
30,5208
30,5209
30,5212
30,5527
30,5857
30,5974
30,6007
30,6090
30,6278
30,6509
30,6936
30,6979
30,7254
30,7364
30,7369
30,7631
30,7647
30,7817
30,8051
30,8070
30,8212
30,8244
30,8293
30,8402
30,8430
30,8454
30,8463
30,8467
30,8644
30,8759
30,8854
30,9001
30,9139
30,9196
30,9757
30,9798
30,9998
30,10102
30,10235
30,10293
30,10305
30,10381
30,10526
30,10769
30,11001
30,11107
30,11194
30,11454
30,11485
30,11849
30,11897
30,11944
30,11962
30,12065
30,12108
30,12505
30,12594
30,12876
30,12967
30,13147
30,13345
30,13354
30,13510
30,13935
30,14347
30,14521
30,14601
30,14790
30,14811
30,15140
30,15182
30,15368
30,15407
30,15794
30,16000
30,16558
30,16614
30,16670
30,16739
30,16766
30,16933
30,17165
30,17252
30,17441
30,17867
30,17892
30,18255
30,18691
30,19307
30,19498
30,19933
31,63
31,76
31,92
31,267
31,276
31,343
31,421
31,578
31,660
31,1240
31,1412
31,1558
31,1561
31,1711
31,1787
31,1859
31,2565
31,2946
31,3833
31,4404
31,5060
31,5807
31,6072
31,6314
31,6421
31,6472
31,6642
31,7093
31,7825
31,7965
31,8347
31,8536
31,8682
31,9164
31,9732
31,9734
31,9847
31,9932
31,10167
31,11755
31,11891
31,12052
31,12119
31,12454
31,13795
31,14298
31,14587
31,14669
31,14911
31,16987
31,17596
31,18169
31,18468
32,37
32,43
32,53
32,71
32,119
32,130
32,148
32,183
32,195
32,209
32,211
32,215
32,326
32,329
32,363
32,370
32,392
32,396
32,404
32,482
32,527
32,558
32,571
32,583
32,614
32,638
32,671
32,730
32,776
32,798
32,812
32,1009
32,1024
32,1113
32,1235
32,1326
32,1445
32,1504
32,1778
32,1782
32,1891
32,1910
32,1967
32,2048
32,2079
32,2153
32,2158
32,2220
32,2222
32,2429
32,2674
32,2828
32,2939
32,3093
32,3500
32,3667
32,3674
32,3686
32,3691
32,3880
32,3993
32,4064
32,4174
32,4175
32,4176
32,4254
32,4441
32,4487
32,4576
32,4652
32,4779
32,5081
32,5123
32,5164
32,5338
32,5363
32,5770
32,5980
32,6190
32,6275
32,6408
32,6475
32,6547
32,6552
32,6750
32,6802
32,7007
32,7160
32,7250
32,7272
32,7508
32,7511
32,7651
32,7682
32,7767
32,8005
32,8059
32,8134
32,8160
32,8399
32,8412
32,8433
32,8443
32,8555
32,8875
32,9060
32,9231
32,9249
32,9553
32,10108
32,10211
32,10740
32,10805
32,10865
32,10868
32,11952
32,12345
32,12434
32,12951
32,13615
32,13965
32,14069
32,14383
32,14393
32,14569
32,14616
32,14944
32,15049
32,15574
32,16129
32,16159
32,16244
32,16341
32,16349
32,16733
32,16776
32,16951
32,16982
32,17077
32,17175
32,17506
32,17574
32,18411
32,18416
32,18432
32,18860
32,19001
32,19017
32,19099
32,19797
33,72
33,89
33,90
33,107
33,131
33,218
33,264
33,297
33,415
33,420
33,507
33,753
33,1233
33,1342
33,1355
33,1699
33,1817
33,1827
33,1991
33,2193
33,2229
33,2417
33,2515
33,2728
33,2823
33,2912
33,2993
33,3231
33,3460
33,3615
33,3976
33,4025
33,4463
33,4798
33,5174
33,5421
33,5444
33,5537
33,5555
33,5612
33,5689
33,5776
33,5834
33,5981
33,6783
33,6863
33,6892
33,6944
33,6969
33,7300
33,7413
33,8011
33,8103
33,8348
33,8747
33,9064
33,9184
33,9332
33,9561
33,10395
33,10476
33,10718
33,10920
33,11144
33,11278
33,11556
33,11925
33,11989
33,12199
33,12400
33,13696
33,13722
33,14007
33,14747
33,15049
33,15251
33,15279
33,15301
33,15462
33,15747
33,16359
33,16840
33,17003
33,19069
33,19254
34,44
34,312
34,490
34,933
34,2136
34,2213
34,2701
34,2752
34,3230
34,5593
34,7218
34,7473
34,8856
34,9714
34,11092
34,12607
34,12799
34,15927
34,16315
34,19898
35,65
35,69
35,70
35,100
35,105
35,120
35,174
35,189
35,226
35,248
35,325
35,356
35,373
35,489
35,491
35,629
35,736
35,886
35,908
35,977
35,1004
35,1034
35,1035
35,1041
35,1046
35,1061
35,1132
35,1199
35,1211
35,1288
35,1387
35,1540
35,1627
35,1662
35,1672
35,1824
35,1954
35,1969
35,2203
35,2288
35,2329
35,2359
35,2369
35,2458
35,2599
35,2870
35,3210
35,3433
35,3531
35,3602
35,3603
35,3830
35,3961
35,3979
35,4051
35,4239
35,4376
35,4395
35,4420
35,4421
35,4476
35,4834
35,4886
35,4908
35,5086
35,5144
35,5184
35,5287
35,5430
35,5597
35,5606
35,5829
35,6144
35,6705
35,6771
35,7168
35,7406
35,7724
35,7739
35,7761
35,7804
35,7826
35,7952
35,8170
35,8354
35,8450
35,8550
35,8556
35,8637
35,8796
35,8857
35,8996
35,9109
35,9236
35,9248
35,9349
35,9351
35,9513
35,9777
35,9789
35,9967
35,10049
35,10114
35,10268
35,10359
35,10434
35,10687
35,10910
35,10975
35,11442
35,11464
35,11566
35,11645
35,11665
35,11780
35,12649
35,12724
35,12806
35,13192
35,13327
35,13519
35,13660
35,13680
35,13813
35,13860
35,13893
35,13997
35,14564
35,14858
35,15631
35,15677
35,15910
35,15986
35,16299
35,16395
35,16980
35,17108
35,17131
35,17230
35,17395
35,17626
35,17712
35,17954
35,18032
35,18504
35,18627
35,18993
35,19247
35,19263
35,19330
36,80
36,101
36,313
36,355
36,462
36,610
36,936
36,941
36,1175
36,1178
36,1264
36,1539
36,1777
36,2055
36,2467
36,2554
36,2590
36,2623
36,2988
36,3010
36,3151
36,3175
36,3237
36,4333
36,4337
36,4352
36,4507
36,4617
36,4647
36,4923
36,5302
36,6533
36,6721
36,7271
36,8117
36,8412
36,8579
36,9308
36,9792
36,10173
36,11109
36,11213
36,11467
36,12072
36,12214
36,12330
36,13014
36,13122
36,13157
36,13944
36,14109
36,14455
36,14504
36,14614
36,14854
36,15156
36,17304
36,17318
36,17432
36,17666
36,17846
36,18225
36,19059
37,107
37,116
37,204
37,227
37,354
37,462
37,476
37,576
37,625
37,676
37,726
37,828
37,840
37,844
37,887
37,1048
37,1142
37,1312
37,1438
37,1501
37,1787
37,1847
37,1891
37,1948
37,2018
37,2137
37,2476
37,2522
37,2761
37,2953
37,3098
37,3259
37,3368
37,3447
37,3456
37,3478
37,3991
37,4176
37,4179
37,4738
37,5013
37,5482
37,5701
37,5769
37,6156
37,6276
37,6279
37,6302
37,6303
37,6375
37,6447
37,6522
37,6528
37,6570
37,6804
37,6857
37,7378
37,7420
37,7444
37,7512
37,7858
37,8371
37,9147
37,9470
37,9790
37,10109
37,10762
37,12018
37,12497
37,12577
37,12622
37,13579
37,13767
37,15025
37,15085
37,15275
37,15559
37,16236
37,16909
37,16992
37,17358
37,17915
37,18082
37,18516
37,19201
38,45
38,89
38,91
38,99
38,123
38,127
38,138
38,144
38,145
38,153
38,173
38,176
38,190
38,210
38,278
38,319
38,414
38,441
38,461
38,463
38,464
38,465
38,495
38,544
38,554
38,570
38,579
38,593
38,614
38,673
38,738
38,749
38,840
38,943
38,954
38,986
38,991
38,1005
38,1073
38,1092
38,1130
38,1193
38,1293
38,1330
38,1384
38,1490
38,1504
38,1549
38,1557
38,1703
38,1710
38,1730
38,1806
38,1858
38,1990
38,2189
38,2211
38,2370
38,2505
38,3053
38,3067
38,3115
38,3136
38,3142
38,3234
38,3294
38,3318
38,3430
38,3472
38,3594
38,3659
38,3859
38,3882
38,4165
38,4204
38,4297
38,4334
38,4399
38,4800
38,5079
38,5084
38,5117
38,5206
38,5239
38,5252
38,5268
38,5319
38,5348
38,5461
38,5550
38,5557
38,5735
38,5879
38,5953
38,6091
38,6129
38,6169
38,6256
38,6268
38,6372
38,6525
38,6811
38,6943
38,7108
38,7188
38,7211
38,7234
38,7240
38,7302
38,7819
38,7901
38,8022
38,8102
38,8559
38,8587
38,8820
38,8990
38,9077
38,10118
38,10145
38,10190
38,10228
38,10304
38,10481
38,10687
38,10703
38,10788
38,10863
38,11057
38,11205
38,11227
38,11291
38,11293
38,11462
38,12062
38,12226
38,12330
38,12346
38,12574
38,12842
38,12873
38,12917
38,12965
38,12975
38,13369
38,13864
38,13882
38,14363
38,14433
38,14438
38,14497
38,15015
38,15393
38,15469
38,15530
38,15734
38,15866
38,16090
38,16137
38,16770
38,16787
38,17253
38,17518
38,17617
38,17992
38,18071
38,18618
38,18626
38,18635
38,18686
38,18766
38,18850
38,19032
38,19217
38,19295
38,19467
38,19557
38,19586
38,19637
38,19767
38,19901
39,108
39,284
39,300
39,338
39,348
39,350
39,417
39,575
39,784
39,802
39,1049
39,1202
39,1251
39,1556
39,1867
39,1918
39,1995
39,2466
39,2728
39,2900
39,3016
39,3284
39,3861
39,3866
39,3889
39,4513
39,4736
39,4744
39,4785
39,5122
39,5181
39,5536
39,5771
39,5848
39,5979
39,6039
39,6220
39,6240
39,6292
39,6678
39,7029
39,7219
39,7567
39,7711
39,8297
39,8313
39,8443
39,9175
39,9358
39,9361
39,9597
39,9843
39,10474
39,10749
39,10758
39,11049
39,11092
39,11655
39,12368
39,13881
39,15026
39,15106
39,15328
39,15403
39,15501
39,15722
39,15892
39,16460
39,16591
39,17200
39,17350
39,19141
39,19208
39,19273
39,19278
39,19608
40,67
40,87
40,90
40,105
40,107
40,144
40,173
40,182
40,198
40,199
40,205
40,218
40,222
40,284
40,287
40,298
40,361
40,402
40,425
40,448
40,485
40,511
40,549
40,562
40,600
40,701
40,736
40,773
40,802
40,820
40,827
40,830
40,915
40,920
40,934
40,972
40,1051
40,1104
40,1150
40,1191
40,1192
40,1241
40,1309
40,1344
40,1346
40,1373
40,1418
40,1422
40,1456
40,1463
40,1532
40,1573
40,1635
40,1682
40,1709
40,1735
40,1744
40,1780
40,1887
40,1890
40,1910
40,1935
40,2040
40,2102
40,2161
40,2168
40,2181
40,2271
40,2404
40,2413
40,2425
40,2467
40,2555
40,2642
40,2757
40,2838
40,2940
40,2984
40,2997
40,3008
40,3050
40,3167
40,3286
40,3329
40,3371
40,3425
40,3449
40,3618
40,4026
40,4036
40,4087
40,4164
40,4276
40,4309
40,4344
40,4704
40,4730
40,4855
40,4896
40,4908
40,4938
40,4944
40,5047
40,5069
40,5211
40,5221
40,5307
40,5711
40,5796
40,5866
40,5876
40,5897
40,6003
40,6167
40,6459
40,6690
40,6937
40,7135
40,7268
40,7310
40,7326
40,7652
40,7745
40,7836
40,7891
40,8130
40,8223
40,8234
40,8251
40,8304
40,8482
40,8487
40,8503
40,8585
40,8682
40,8706
40,8747
40,8846
40,8900
40,8962
40,9089
40,9122
40,9296
40,9697
40,9864
40,9927
40,10279
40,10463
40,10499
40,10633
40,10999
40,11040
40,11089
40,11463
40,11706
40,11744
40,12029
40,12073
40,12457
40,12491
40,12683
40,12908
40,12986
40,12996
40,13081
40,13177
40,13496
40,13511
40,13607
40,13640
40,13972
40,14027
40,14176
40,14314
40,14364
40,14532
40,14575
40,14579
40,15081
40,15358
40,15497
40,15692
40,15786
40,15826
40,15904
40,16128
40,16168
40,16247
40,16252
40,16315
40,16432
40,16735
40,16804
40,17032
40,17243
40,17385
40,17401
40,17674
40,17937
40,17981
40,18024
40,18358
40,18516
40,18557
40,18924
40,19016
40,19203
40,19221
40,19280
40,19435
40,19544
41,80
41,85
41,167
41,190
41,245
41,250
41,333
41,375
41,583
41,633
41,796
41,1056
41,1278
41,1407
41,1485
41,1547
41,1797
41,2092
41,2103
41,2172
41,2583
41,3407
41,3412
41,3427
41,3545
41,3814
41,4029
41,4144
41,4197
41,4363
41,4407
41,4620
41,4678
41,4737
41,4774
41,4897
41,5067
41,5500
41,5759
41,6038
41,6273
41,7179
41,7312
41,7566
41,7578
41,7664
41,8215
41,8335
41,8537
41,8699
41,9232
41,9338
41,9652
41,9664
41,9985
41,10099
41,10154
41,10440
41,10536
41,10670
41,11001
41,11723
41,12252
41,12581
41,13174
41,13827
41,14211
41,14961
41,15435
41,15466
41,15489
41,15679
41,15860
41,16092
41,16934
41,17759
41,18015
41,18128
41,19389
41,19429
41,19658
42,68
42,78
42,163
42,171
42,208
42,262
42,290
42,298
42,374
42,380
42,412
42,474
42,488
42,496
42,499
42,550
42,585
42,691
42,715
42,731
42,752
42,759
42,788
42,844
42,1151
42,1663
42,2012
42,2395
42,2500
42,2515
42,2718
42,2775
42,2830
42,2865
42,2994
42,3117
42,3391
42,3458
42,3529
42,3654
42,3775
42,3972
42,4193
42,4277
42,4428
42,5108
42,5282
42,5501
42,5591
42,5647
42,5867
42,5953
42,6058
42,6161
42,6539
42,6828
42,7131
42,8188
42,8504
42,8589
42,8919
42,9038
42,9403
42,9461
42,10552
42,10664
42,11202
42,11339
42,11354
42,11922
42,12049
42,12055
42,12175
42,12264
42,12568
42,12797
42,13094
42,13105
42,13372
42,13540
42,13558
42,13841
42,14036
42,14179
42,14235
42,14521
42,14546
42,14551
42,14778
42,14955
42,15136
42,15331
42,16517
42,17026
42,17522
42,17569
42,17712
42,18833
42,19643
42,19848
43,54
43,103
43,155
43,282
43,344
43,786
43,1005
43,1512
43,1522
43,1930
43,2049
43,2071
43,2113
43,2272
43,2365
43,2647
43,2743
43,3481
43,3595
43,3627
43,3879
43,3882
43,4121
43,4321
43,4666
43,4778
43,4915
43,4961
43,5006
43,5409
43,5617
43,5943
43,5961
43,6483
43,7696
43,7838
43,7944
43,8250
43,8305
43,8378
43,8484
43,8757
43,9208
43,9573
43,10012
43,10891
43,10934
43,12004
43,12363
43,13982
43,14020
43,14724
43,17065
43,17557
43,17683
43,18331
43,18430
43,18502
43,18677
44,57
44,94
44,112
44,126
44,148
44,166
44,177
44,201
44,240
44,243
44,256
44,285
44,322
44,350
44,355
44,375
44,425
44,454
44,527
44,559
44,691
44,745
44,778
44,783
44,796
44,943
44,946
44,985
44,1003
44,1017
44,1025
44,1269
44,1304
44,1430
44,1594
44,1640
44,1678
44,1763
44,1779
44,1899
44,1908
44,1951
44,2241
44,2505
44,2628
44,2674
44,2682
44,2787
44,2907
44,3163
44,3239
44,3251
44,3456
44,3535
44,3864
44,3908
44,4072
44,4152
44,4376
44,4390
44,4400
44,4432
44,4736
44,4952
44,5085
44,5124
44,5226
44,5279
44,5316
44,5657
44,5742
44,5748
44,5788
44,5842
44,5860
44,5899
44,6150
44,6238
44,6490
44,6518
44,6542
44,6836
44,7300
44,7340
44,7485
44,7527
44,7645
44,7661
44,7820
44,7933
44,8002
44,8623
44,8693
44,8698
44,8852
44,8871
44,9305
44,9518
44,9541
44,9589
44,9610
44,9639
44,9957
44,10040
44,10187
44,10544
44,10640
44,10721
44,10759
44,10867
44,10888
44,10973
44,11157
44,11348
44,11448
44,11589
44,11731
44,11916
44,12227
44,12283
44,12314
44,12753
44,12890
44,13038
44,13043
44,13144
44,13234
44,13891
44,14054
44,14153
44,14557
44,14671
44,14973
44,15177
44,15276
44,15323
44,15377
44,15667
44,16085
44,16139
44,16199
44,16200
44,16556
44,16615
44,17006
44,17147
44,17433
44,17466
44,17647
44,17968
44,18375
44,18417
44,18445
44,18446
44,18547
44,18739
44,18981
44,19248
45,49
45,52
45,64
45,89
45,90
45,98
45,106
45,110
45,112
45,115
45,135
45,140
45,145
45,151
45,161
45,180
45,188
45,199
45,225
45,239
45,258
45,260
45,279
45,316
45,326
45,358
45,377
45,440
45,447
45,456
45,459
45,470
45,492
45,496
45,514
45,529
45,538
45,589
45,593
45,599
45,605
45,685
45,777
45,795
45,809
45,814
45,849
45,889
45,943
45,1022
45,1036
45,1119
45,1125
45,1127
45,1137
45,1220
45,1229
45,1249
45,1315
45,1333
45,1398
45,1491
45,1502
45,1596
45,1629
45,1644
45,1779
45,1925
45,2001
45,2187
45,2319
45,2407
45,2468
45,2479
45,2480
45,2497
45,2635
45,2665
45,2778
45,2878
45,2916
45,2931
45,2954
45,2958
45,2992
45,3106
45,3204
45,3223
45,3227
45,3231
45,3241
45,3451
45,3481
45,3498
45,3512
45,3533
45,3612
45,3616
45,3629
45,3673
45,3683
45,3705
45,3749
45,3798
45,3809
45,3843
45,3862
45,3888
45,4053
45,4057
45,4106
45,4125
45,4160
45,4248
45,4261
45,4263
45,4270
45,4308
45,4414
45,4456
45,4487
45,4497
45,4505
45,4540
45,4656
45,4657
45,4690
45,4717
45,4804
45,4816
45,4946
45,5040
45,5238
45,5299
45,5386
45,5485
45,5574
45,5594
45,5610
45,5819
45,5822
45,5871
45,5983
45,6054
45,6090
45,6124
45,6129
45,6286
45,6628
45,6723
45,6752
45,6795
45,6816
45,6887
45,6892
45,6911
45,6957
45,7000
45,7010
45,7011
45,7104
45,7155
45,7699
45,7929
45,8323
45,8392
45,8726
45,8739
45,8740
45,8847
45,8947
45,8997
45,9012
45,9132
45,9152
45,9315
45,9340
45,9586
45,9684
45,9746
45,9767
45,9801
45,9815
45,9919
45,9981
45,10232
45,10277
45,10281
45,10340
45,10424
45,10452
45,10467
45,10549
45,10838
45,10926
45,11074
45,11179
45,11183
45,11278
45,11321
45,11483
45,11574
45,11662
45,11705
45,11836
45,11973
45,12002
45,12009
45,12208
45,12261
45,12390
45,12474
45,12681
45,12685
45,12691
45,12707
45,12712
45,12714
45,12790
45,12826
45,12837
45,12859
45,12880
45,12924
45,12971
45,13076
45,13252
45,13428
45,13527
45,13570
45,13584
45,13587
45,13613
45,13942
45,13975
45,14345
45,14494
45,14515
45,14608
45,14775
45,14833
45,15077
45,15223
45,15234
45,15382
45,15438
45,15637
45,15656
45,15677
45,15760
45,15866
45,15964
45,16013
45,16055
45,16069
45,16148
45,16188
45,16428
45,16444
45,16570
45,16611
45,16666
45,16716
45,16845
45,16863
45,16918
45,16976
45,17038
45,17051
45,17185
45,17215
45,17490
45,17637
45,17801
45,17901
45,17912
45,17963
45,17991
45,18064
45,18139
45,18153
45,18178
45,18203
45,18239
45,18428
45,18429
45,18473
45,18500
45,18555
45,18666
45,18746
45,18884
45,19042
45,19090
45,19723
45,19787
45,19790
45,19944
46,82
46,101
46,105
46,133
46,181
46,197
46,200
46,279
46,336
46,364
46,426
46,454
46,457
46,484
46,547
46,771
46,792
46,896
46,1085
46,1151
46,1428
46,1479
46,1558
46,1598
46,1724
46,1841
46,1859
46,2305
46,2567
46,2621
46,3086
46,3132
46,3236
46,3316
46,3497
46,3937
46,3941
46,4204
46,4231
46,4388
46,4422
46,4547
46,5069
46,5473
46,5772
46,5834
46,6404
46,6614
46,7286
46,7347
46,7398
46,7547
46,8045
46,8128
46,8231
46,8261
46,8431
46,8730
46,8822
46,9990
46,10145
46,10169
46,10286
46,10816
46,11046
46,11400
46,11503
46,12067
46,12137
46,12217
46,13007
46,13045
46,13637
46,13819
46,13850
46,14196
46,14210
46,14307
46,14852
46,15104
46,16063
46,16175
46,16273
46,16476
46,16905
46,18394
46,18514
46,19040
46,19481
46,19644
47,53
47,62
47,82
47,180
47,221
47,482
47,962
47,1149
47,1305
47,1308
47,1310
47,1372
47,1434
47,1571
47,2106
47,2641
47,2939
47,3019
47,3282
47,3488
47,3750
47,4082
47,4517
47,4623
47,4823
47,4922
47,5118
47,5563
47,6588
47,6634
47,7397
47,7559
47,7586
47,7768
47,7792
47,8111
47,8179
47,8349
47,8447
47,8600
47,8654
47,8778
47,9883
47,9953
47,10849
47,12288
47,12660
47,12982
47,13104
47,15121
47,15984
47,16362
47,17013
47,17317
47,17322
47,17406
47,18153
47,19944
48,52
48,76
48,108
48,116
48,120
48,121
48,122
48,142
48,203
48,239
48,242
48,427
48,491
48,498
48,583
48,615
48,647
48,655
48,991
48,1054
48,1072
48,1104
48,1140
48,1303
48,1377
48,1435
48,1575
48,1589
48,1594
48,1669
48,1853
48,2001
48,2019
48,2114
48,2277
48,2309
48,2510
48,2569
48,2604
48,2846
48,3211
48,3487
48,3554
48,3582
48,3653
48,3797
48,4055
48,4801
48,4984
48,5092
48,5126
48,5162
48,5442
48,5550
48,5581
48,5734
48,6105
48,6135
48,6381
48,6828
48,7020
48,7087
48,7155
48,7928
48,8061
48,8189
48,8210
48,8632
48,8826
48,10240
48,10401
48,10458
48,10883
48,10958
48,11171
48,11336
48,11545
48,11684
48,11723
48,11734
48,12036
48,12132
48,12653
48,12970
48,13054
48,13069
48,13921
48,15875
48,16412
48,16445
48,16969
48,18015
48,18556
48,18880
48,19072
48,19453
48,19640
48,19687
48,19799
48,19814
49,51
49,56
49,68
49,94
49,96
49,113
49,126
49,129
49,137
49,140
49,177
49,196
49,250
49,270
49,272
49,307
49,328
49,342
49,343
49,355
49,471
49,480
49,497
49,529
49,585
49,641
49,674
49,684
49,702
49,710
49,715
49,719
49,826
49,851
49,874
49,885
49,1107
49,1169
49,1174
49,1217
49,1273
49,1276
49,1292
49,1317
49,1329
49,1403
49,1491
49,1532
49,1656
49,1705
49,1769
49,1800
49,1864
49,2118
49,2243
49,2303
49,2324
49,2330
49,2341
49,2353
49,2404
49,2558
49,2567
49,2613
49,2804
49,2862
49,2894
49,2930
49,2967
49,2987
49,3055
49,3138
49,3151
49,3520
49,3813
49,4084
49,4176
49,4334
49,4414
49,4424
49,4588
49,4607
49,4728
49,4742
49,4955
49,5021
49,5035
49,5107
49,5215
49,5237
49,5359
49,5814
49,5866
49,6045
49,6104
49,6117
49,6153
49,6256
49,6443
49,7039
49,7072
49,7563
49,7584
49,7636
49,7822
49,8087
49,8761
49,8819
49,8900
49,8938
49,8982
49,8991
49,9006
49,9019
49,10175
49,10202
49,10569
49,10836
49,10857
49,10994
49,12284
49,12697
49,12763
49,12806
49,12957
49,13293
49,13635
49,13745
49,13824
49,13918
49,14122
49,14616
49,15453
49,15624
49,15724
49,15877
49,15888
49,15912
49,15981
49,16048
49,16139
49,16157
49,16252
49,16517
49,16645
49,17227
49,17341
49,17597
49,17621
49,17734
49,17893
49,18169
49,18201
49,18219
49,18355
49,18440
49,18690
49,18792
49,19140
49,19467
49,19468
49,19706
49,19797
49,19933
50,134
50,328
50,384
50,444
50,512
50,538
50,573
50,626
50,693
50,808
50,822
50,1714
50,1715
50,1774
50,1953
50,2275
50,3349
50,3542
50,3647
50,4620
50,5402
50,5428
50,5797
50,5928
50,6184
50,6423
50,6829
50,7766
50,7995
50,8102
50,8531
50,8748
50,8888
50,9000
50,9073
50,9685
50,10101
50,10125
50,10808
50,10886
50,11292
50,11443
50,12127
50,12271
50,12311
50,12970
50,13403
50,15512
50,16558
50,16993
50,17053
50,17666
50,17811
50,18201
50,19121
50,19667
51,57
51,65
51,66
51,137
51,166
51,187
51,196
51,265
51,270
51,280
51,304
51,321
51,322
51,328
51,418
51,433
51,777
51,781
51,870
51,907
51,1023
51,1158
51,1314
51,1398
51,1567
51,1643
51,1645
51,1710
51,2156
51,2303
51,2323
51,2601
51,2602
51,2644
51,2685
51,2952
51,2964
51,2999
51,3136
51,3157
51,3246
51,3293
51,3595
51,3599
51,3828
51,3830
51,3922
51,4731
51,4772
51,4939
51,5174
51,5270
51,5397
51,5544
51,5801
51,6729
51,6927
51,7533
51,7998
51,8634
51,9150
51,9380
51,9627
51,10221
51,10413
51,10695
51,10861
51,10939
51,11041
51,11269
51,11338
51,11542
51,12778
51,12955
51,13401
51,13563
51,14356
51,14616
51,14757
51,15482
51,16387
51,16399
51,16601
51,16617
51,17401
51,17490
51,18294
51,18334
51,19329
52,107
52,186
52,193
52,238
52,254
52,255
52,294
52,302
52,369
52,410
52,523
52,591
52,688
52,818
52,898
52,929
52,1019
52,1133
52,1230
52,1380
52,1416
52,1554
52,1606
52,1628
52,1694
52,1702
52,2098
52,2271
52,2285
52,2443
52,2470
52,2535
52,2573
52,2636
52,2783
52,3331
52,3695
52,3718
52,3729
52,3979
52,4003
52,4167
52,4425
52,4611
52,4672
52,5223
52,5405
52,5985
52,6412
52,6517
52,6743
52,6795
52,7298
52,7354
52,8003
52,8059
52,8277
52,8852
52,9259
52,9550
52,9909
52,10085
52,10230
52,10480
52,10864
52,11203
52,11889
52,11900
52,12936
52,13138
52,13253
52,13365
52,13429
52,13433
52,13691
52,14008
52,14013
52,14199
52,14268
52,14298
52,14366
52,16189
52,16230
52,16984
52,17265
52,17390
52,17668
52,18010
52,19346
52,19842
53,59
53,118
53,136
53,189
53,636
53,673
53,677
53,1090
53,1152
53,1477
53,2176
53,2298
53,2324
53,2440
53,2443
53,2764
53,3377
53,3787
53,3827
53,3866
53,3931
53,4399
53,4790
53,5608
53,5772
53,6097
53,6525
53,7148
53,7471
53,7723
53,7753
53,8219
53,8275
53,8458
53,8689
53,9028
53,9371
53,9927
53,10144
53,10419
53,11811
53,12268
53,12317
53,12613
53,14574
53,14841
53,15852
53,16535
53,16569
53,16668
53,19849
54,58
54,112
54,141
54,149
54,158
54,212
54,242
54,244
54,251
54,327
54,385
54,393
54,399
54,453
54,532
54,533
54,562
54,574
54,606
54,609
54,621
54,641
54,660
54,669
54,689
54,727
54,810
54,1053
54,1100
54,1145
54,1163
54,1209
54,1245
54,1411
54,1430
54,1449
54,1555
54,1589
54,1611
54,1629
54,1664
54,1800
54,1863
54,1986
54,2040
54,2123
54,2143
54,2207
54,2279
54,2309
54,2441
54,2796
54,2851
54,2871
54,2883
54,2904
54,2983
54,3076
54,3155
54,3184
54,3191
54,3208
54,3296
54,3600
54,3633
54,3661
54,3765
54,3947
54,4068
54,4138
54,4168
54,4285
54,4406
54,4420
54,4584
54,4595
54,4676
54,4898
54,5052
54,5065
54,5091
54,5322
54,5373
54,5379
54,5450
54,5516
54,5709
54,5752
54,6046
54,6050
54,6125
54,6145
54,6251
54,6270
54,6507
54,6524
54,6541
54,6583
54,6663
54,6745
54,6786
54,7106
54,7278
54,7329
54,7346
54,7380
54,7446
54,7480
54,7547
54,7808
54,7823
54,7894
54,8195
54,8210
54,8297
54,8323
54,8388
54,8477
54,8639
54,8647
54,8726
54,8739
54,8798
54,8824
54,8837
54,9159
54,9470
54,9712
54,9879
54,10297
54,10464
54,10588
54,10625
54,10678
54,11017
54,11117
54,11432
54,11607
54,11678
54,12592
54,12998
54,13090
54,13166
54,13243
54,13457
54,13498
54,13562
54,14377
54,14492
54,14667
54,14693
54,14857
54,15065
54,15112
54,15258
54,15262
54,15553
54,15705
54,16145
54,16654
54,16734
54,16980
54,17084
54,18037
54,18243
54,18399
54,18531
54,18610
54,18955
54,19508
54,19526
54,19677
54,19728
55,117
55,135
55,175
55,251
55,409
55,502
55,509
55,706
55,795
55,847
55,1040
55,1165
55,1166
55,1437
55,1565
55,1715
55,2505
55,2589
55,2602
55,2848
55,3006
55,3097
55,3098
55,3166
55,3301
55,3457
55,3527
55,3577
55,3582
55,3801
55,3820
55,3909
55,3914
55,4059
55,4360
55,4457
55,4465
55,4467
55,4983
55,5117
55,5364
55,5479
55,5509
55,5542
55,5577
55,5981
55,5982
55,6057
55,6174
55,6326
55,6529
55,7065
55,7388
55,7478
55,7507
55,7745
55,7781
55,8126
55,8745
55,8952
55,9031
55,9279
55,9861
55,10055
55,10311
55,10661
55,10719
55,10781
55,10913
55,11670
55,11997
55,12136
55,12311
55,12457
55,12618
55,13317
55,13415
55,13803
55,13891
55,14238
55,14534
55,14591
55,15796
55,15905
55,16006
55,16244
55,16487
55,17566
55,19970
56,67
56,73
56,100
56,122
56,132
56,172
56,207
56,209
56,223
56,224
56,263
56,265
56,270
56,276
56,326
56,341
56,424
56,467
56,531
56,574
56,600
56,664
56,687
56,783
56,811
56,877
56,933
56,957
56,1052
56,1180
56,1183
56,1197
56,1265
56,1393
56,1506
56,1531
56,1723
56,1770
56,1806
56,1865
56,2066
56,2270
56,2395
56,2466
56,2587
56,3024
56,3028
56,3289
56,3374
56,3424
56,3462
56,3507
56,3613
56,3743
56,3834
56,4269
56,4368
56,4708
56,4810
56,4869
56,4957
56,5052
56,5073
56,5161
56,5166
56,5177
56,5343
56,5522
56,5868
56,6457
56,6725
56,7067
56,7171
56,7441
56,7543
56,7604
56,7766
56,7788
56,7940
56,8095
56,8603
56,8942
56,9027
56,9052
56,9122
56,9245
56,9382
56,9556
56,9566
56,9822
56,9960
56,9974
56,10080
56,10137
56,10242
56,10353
56,10794
56,11032
56,11053
56,11240
56,11469
56,11699
56,11771
56,11784
56,11827
56,12475
56,12791
56,13110
56,13164
56,13364
56,13750
56,13780
56,13827
56,14135
56,14138
56,14391
56,14571
56,14666
56,14675
56,14842
56,15142
56,15169
56,15925
56,15928
56,16944
56,16963
56,17093
56,18042
56,18093
56,18373
56,18534
56,18557
56,18616
56,19869
56,19943
57,152
57,154
57,310
57,319
57,348
57,518
57,525
57,581
57,757
57,799
57,811
57,855
57,908
57,980
57,1287
57,1315
57,1595
57,1617
57,1639
57,1742
57,1849
57,1937
57,2071
57,2098
57,2208
57,2289
57,2429
57,2508
57,2814
57,2874
57,2916
57,3250
57,3509
57,3740
57,4006
57,4121
57,4169
57,4284
57,4560
57,4611
57,4707
57,4774
57,4803
57,5384
57,5949
57,6086
57,6328
57,6452
57,7072
57,7181
57,7237
57,7378
57,7846
57,8574
57,8578
57,8772
57,8959
57,9167
57,9170
57,9863
57,10476
57,10692
57,11233
57,12149
57,12181
57,12286
57,12640
57,13422
57,13560
57,13609
57,14094
57,14723
57,15078
57,15159
57,18081
57,18712
57,19290
58,63
58,104
58,164
58,170
58,212
58,244
58,268
58,327
58,358
58,432
58,596
58,632
58,1087
58,1139
58,1382
58,1424
58,1501
58,1938
58,1987
58,2495
58,3090
58,3522
58,3944
58,4035
58,5665
58,5762
58,6000
58,6189
58,6372
58,6544
58,7017
58,9272
58,9413
58,9558
58,9610
58,10106
58,10358
58,10782
58,11281
58,11763
58,12246
58,12350
58,13944
58,14653
58,14838
58,14871
58,15939
58,16068
58,17943
58,18333
58,18730
58,18817
58,19425
59,91
59,148
59,291
59,398
59,489
59,533
59,622
59,844
59,971
59,1188
59,1209
59,1475
59,1483
59,1701
59,1993
59,2005
59,2351
59,2866
59,3032
59,3188
59,3483
59,3607
59,4020
59,4275
59,4302
59,5946
59,6318
59,7038
59,7431
59,7434
59,9420
59,10600
59,10698
59,10770
59,10984
59,11131
59,11230
59,11910
59,11913
59,12322
59,13647
59,15580
59,17512
59,17565
59,17967
59,18100
60,69
60,78
60,119
60,126
60,176
60,193
60,207
60,217
60,256
60,293
60,299
60,301
60,316
60,345
60,367
60,380
60,445
60,469
60,502
60,554
60,560
60,594
60,644
60,646
60,658
60,661
60,730
60,923
60,1061
60,1129
60,1175
60,1336
60,1522
60,1550
60,1554
60,1674
60,1675
60,2045
60,2138
60,2270
60,2286
60,2469
60,2722
60,2760
60,2877
60,2919
60,2974
60,3026
60,3069
60,3109
60,3316
60,3456
60,3503
60,3613
60,3720
60,3742
60,3804
60,4055
60,4305
60,4398
60,4485
60,4629
60,4640
60,4679
60,4682
60,5225
60,5653
60,5655
60,6177
60,6221
60,6302
60,6662
60,6888
60,6988
60,7144
60,7230
60,7558
60,7758
60,7767
60,8195
60,9080
60,9477
60,9759
60,10009
60,10047
60,10312
60,10479
60,10580
60,10815
60,10896
60,11739
60,12071
60,12216
60,12460
60,12690
60,13558
60,13807
60,13904
60,13936
60,14082
60,14092
60,14474
60,15136
60,15871
60,16335
60,16519
60,17018
60,17089
60,17754
60,17890
60,18245
60,18515
60,19652
61,70
61,71
61,79
61,102
61,117
61,119
61,132
61,153
61,164
61,201
61,241
61,268
61,359
61,369
61,380
61,435
61,458
61,474
61,483
61,507
61,512
61,517
61,547
61,552
61,559
61,614
61,661
61,739
61,811
61,816
61,820
61,826
61,837
61,848
61,861
61,927
61,935
61,976
61,990
61,995
61,1025
61,1067
61,1084
61,1086
61,1091
61,1099
61,1116
61,1136
61,1163
61,1175
61,1198
61,1239
61,1354
61,1370
61,1432
61,1541
61,1559
61,1571
61,1576
61,1634
61,1702
61,1731
61,1732
61,1807
61,1813
61,1830
61,1900
61,1904
61,1909
61,1923
61,1942
61,1961
61,2096
61,2152
61,2377
61,2625
61,2635
61,2674
61,2803
61,2868
61,3034
61,3170
61,3198
61,3225
61,3335
61,3339
61,3493
61,3503
61,3527
61,3581
61,3642
61,3707
61,3793
61,3796
61,3898
61,4003
61,4197
61,4314
61,4437
61,4607
61,4638
61,4653
61,4668
61,4689
61,4702
61,4836
61,4859
61,5065
61,5150
61,5298
61,5324
61,5333
61,5472
61,5615
61,5627
61,5664
61,5818
61,5847
61,5848
61,5878
61,5908
61,5996
61,6253
61,6266
61,6651
61,6656
61,6778
61,6782
61,6794
61,6948
61,7057
61,7067
61,7071
61,7191
61,7289
61,8044
61,8245
61,8333
61,8494
61,9110
61,9146
61,9245
61,9390
61,9396
61,9453
61,9516
61,9675
61,9782
61,9964
61,9982
61,10025
61,10036
61,10284
61,10366
61,10434
61,10605
61,10778
61,10842
61,10952
61,11038
61,11066
61,11366
61,11378
61,11425
61,11478
61,11515
61,11630
61,11682
61,11745
61,12169
61,12659
61,12670
61,12714
61,12728
61,13029
61,13047
61,13177
61,13297
61,13504
61,13633
61,14205
61,14593
61,14610
61,14777
61,14889
61,14990
61,15570
61,15581
61,15890
61,15927
61,16117
61,16202
61,16337
61,16342
61,16443
61,16484
61,16576
61,16616
61,16810
61,16887
61,16952
61,17096
61,17302
61,17316
61,17463
61,17561
61,17873
61,18211
61,18343
61,18408
61,18451
61,18626
61,18689
61,18695
61,19130
61,19209
61,19523
61,19535
62,63
62,66
62,165
62,185
62,249
62,346
62,366
62,388
62,418
62,491
62,494
62,522
62,602
62,619
62,676
62,799
62,897
62,1044
62,1078
62,1158
62,1172
62,1215
62,1450
62,1486
62,1497
62,1599
62,1610
62,1719
62,1737
62,1795
62,2112
62,2148
62,2313
62,2880
62,2921
62,3199
62,3310
62,3551
62,3561
62,3603
62,3907
62,3964
62,3991
62,4083
62,4340
62,4432
62,4749
62,5018
62,5194
62,5311
62,5504
62,5638
62,5730
62,6363
62,6445
62,6470
62,6689
62,6949
62,6969
62,7106
62,7255
62,7331
62,7519
62,7520
62,7627
62,8301
62,8492
62,9264
62,9400
62,9479
62,9480
62,9514
62,9664
62,9828
62,9879
62,9886
62,10583
62,10714
62,10730
62,11394
62,11540
62,11904
62,12001
62,12206
62,12484
62,12525
62,12534
62,13030
62,13059
62,13134
62,13197
62,14547
62,15329
62,15859
62,15960
62,15972
62,16249
62,16571
62,16696
62,17177
62,18527
62,19158
63,119
63,235
63,296
63,389
63,454
63,586
63,790
63,837
63,955
63,1152
63,1358
63,1852
63,2080
63,2232
63,2282
63,2975
63,3261
63,3479
63,3562
63,4241
63,5108
63,5491
63,5796
63,6169
63,6253
63,7295
63,7488
63,8281
63,8495
63,9322
63,9684
63,9819
63,9929
63,10155
63,10737
63,10745
63,11184
63,11599
63,11729
63,11877
63,11879
63,12170
63,16026
63,16105
63,16134
63,18165
63,18877
63,19797
64,78
64,169
64,184
64,232
64,264
64,318
64,323
64,334
64,379
64,444
64,516
64,543
64,666
64,725
64,784
64,1299
64,1364
64,1402
64,1642
64,1852
64,2079
64,2097
64,2108
64,2258
64,2426
64,2597
64,2884
64,2917
64,3129
64,3559
64,3653
64,3754
64,3804
64,3842
64,3969
64,3972
64,4333
64,4509
64,4682
64,4838
64,5026
64,5475
64,5985
64,6024
64,6636
64,6656
64,6746
64,6781
64,7003
64,7042
64,7051
64,7088
64,7190
64,7277
64,7427
64,7734
64,7764
64,7796
64,7843
64,8729
64,9523
64,9621
64,9771
64,9820
64,9832
64,9841
64,10052
64,10113
64,10202
64,10696
64,11002
64,11559
64,11673
64,12078
64,12184
64,12517
64,12918
64,12998
64,13564
64,13923
64,13934
64,13967
64,14619
64,15017
64,15483
64,15597
64,15899
64,16078
64,16135
64,16239
64,16350
64,16403
64,16420
64,17279
64,17409
64,17693
64,18224
64,18693
64,19977
65,166
65,178
65,220
65,276
65,427
65,434
65,559
65,577
65,616
65,868
65,1158
65,1514
65,1562
65,1653
65,1743
65,1761
65,1814
65,2175
65,2243
65,2605
65,2849
65,3067
65,3300
65,3335
65,3404
65,3441
65,3745
65,4482
65,4705
65,4914
65,5147
65,5166
65,5548
65,5830
65,5946
65,6072
65,6587
65,6910
65,6924
65,6947
65,7074
65,8158
65,8368
65,8561
65,9375
65,9657
65,9918
65,10758
65,11548
65,11641
65,11705
65,11716
65,12718
65,12949
65,13014
65,14154
65,15759
65,16012
65,17773
65,18194
65,18564
65,18601
65,18685
65,18781
65,19865
66,72
66,141
66,167
66,241
66,319
66,329
66,337
66,345
66,378
66,572
66,604
66,630
66,682
66,912
66,982
66,1015
66,1090
66,1136
66,1186
66,1243
66,1250
66,1310
66,1461
66,1542
66,1575
66,1591
66,1698
66,1707
66,1709
66,1994
66,2009
66,2261
66,2289
66,2363
66,2493
66,2783
66,3395
66,3556
66,3722
66,4015
66,4085
66,4350
66,5135
66,5191
66,5314
66,5415
66,5769
66,6110
66,6242
66,6734
66,7259
66,7359
66,7517
66,7697
66,7713
66,7876
66,7915
66,7935
66,8055
66,8203
66,8285
66,8642
66,8883
66,9025
66,9222
66,9342
66,9377
66,9436
66,9623
66,9823
66,9897
66,10255
66,10266
66,10614
66,10620
66,10635
66,10643
66,10801
66,11126
66,11172
66,11182
66,11460
66,11927
66,11997
66,12003
66,12450
66,13083
66,13354
66,13886
66,13972
66,13974
66,14406
66,14633
66,14698
66,14999
66,15168
66,15185
66,15221
66,15459
66,15733
66,16156
66,16483
66,16844
66,17250
66,17557
66,17653
66,18000
66,18028
66,18033
66,19439
66,19874
67,69
67,158
67,161
67,179
67,191
67,223
67,284
67,324
67,422
67,461
67,584
67,1074
67,1094
67,1280
67,1538
67,1932
67,2432
67,2671
67,2858
67,2863
67,2864
67,2967
67,3127
67,3447
67,3627
67,3821
67,3951
67,4521
67,4966
67,4971
67,5709
67,6204
67,6267
67,6789
67,6970
67,7233
67,7523
67,7736
67,7833
67,7987
67,8345
67,8877
67,8902
67,9664
67,9714
67,9947
67,9968
67,10004
67,10128
67,10277
67,11243
67,11746
67,11923
67,12532
67,13210
67,13662
67,14155
67,14266
67,14270
67,15776
67,16398
67,16619
67,16625
67,16874
67,17264
67,17420
67,17455
67,17524
67,18319
67,18383
67,18776
67,18789
67,19008
68,82
68,99
68,109
68,138
68,139
68,301
68,316
68,480
68,508
68,580
68,700
68,757
68,871
68,890
68,901
68,1004
68,1069
68,1213
68,1326
68,1344
68,1434
68,1490
68,1553
68,1720
68,1748
68,1790
68,1921
68,2334
68,2843
68,2956
68,2957
68,3036
68,3603
68,3619
68,3917
68,4362
68,4412
68,4539
68,4571
68,4591
68,4755
68,4948
68,5295
68,5437
68,5910
68,5949
68,6113
68,6163
68,6362
68,6791
68,6838
68,7123
68,7615
68,7916
68,8135
68,8714
68,8907
68,9082
68,9115
68,9309
68,9532
68,9611
68,9635
68,10048
68,10098
68,10502
68,10741
68,11272
68,11364
68,11440
68,11449
68,11493
68,12631
68,13085
68,13577
68,14166
68,14352
68,14550
68,14572
68,14711
68,15256
68,15578
68,15834
68,15973
68,16347
68,16515
68,16628
68,16791
68,16826
68,17319
68,18263
68,18345
68,18481
68,18820
68,18935
68,19034
68,19091
68,19148
68,19160
68,19678
69,73
69,74
69,115
69,162
69,213
69,217
69,230
69,237
69,438
69,481
69,541
69,569
69,660
69,714
69,731
69,743
69,831
69,914
69,929
69,935
69,946
69,965
69,967
69,1084
69,1098
69,1119
69,1162
69,1204
69,1337
69,1632
69,1749
69,1782
69,1866
69,1868
69,1969
69,2133
69,2229
69,2259
69,2369
69,2579
69,2639
69,2961
69,3167
69,3247
69,3270
69,3435
69,3532
69,3716
69,3808
69,4071
69,4125
69,4376
69,4510
69,4593
69,4594
69,4832
69,5041
69,5042
69,5089
69,5317
69,5448
69,5571
69,5621
69,5833
69,5834
69,5913
69,6023
69,6260
69,6403
69,6592
69,6719
69,6737
69,6865
69,7287
69,7305
69,7448
69,7455
69,7484
69,7496
69,7570
69,7588
69,7694
69,7714
69,7946
69,8216
69,8954
69,9060
69,9207
69,9226
69,9407
69,9486
69,9629
69,9772
69,10271
69,10898
69,11102
69,11246
69,12654
69,12861
69,13071
69,13266
69,13460
69,13701
69,13861
69,14182
69,14253
69,15298
69,16167
69,16623
69,16733
69,16970
69,17422
69,17660
69,17868
69,18478
69,19048
69,19570
69,19578
70,90
70,176
70,197
70,203
70,329
70,349
70,372
70,415
70,448
70,520
70,1018
70,1087
70,1569
70,1631
70,1655
70,2036
70,2432
70,2699
70,2786
70,2931
70,3047
70,3287
70,3480
70,4401
70,4918
70,5324
70,5397
70,5491
70,5974
70,6085
70,6409
70,7121
70,7481
70,7669
70,9085
70,9723
70,10998
70,11347
70,11814
70,12166
70,12365
70,12904
70,13450
70,13470
70,13751
70,14051
70,14281
70,15061
70,15080
70,15328
70,15364
70,15406
70,15854
70,16363
70,16511
70,17805
70,17876
70,18459
70,18548
70,18712
70,19156
71,131
71,151
71,441
71,616
71,987
71,1094
71,1225
71,1583
71,1586
71,1751
71,2022
71,2473
71,2799
71,3708
71,4655
71,4801
71,4854
71,4934
71,5450
71,5549
71,7068
71,7706
71,8014
71,8054
71,8080
71,8339
71,9098
71,10998
71,11998
71,12349
71,12552
71,16638
71,17196
71,17645
71,17717
71,18809
72,88
72,99
72,122
72,160
72,204
72,306
72,360
72,407
72,504
72,573
72,650
72,653
72,659
72,696
72,713
72,729
72,768
72,956
72,1146
72,1281
72,1348
72,1416
72,1652
72,1728
72,1740
72,1797
72,1800
72,1983
72,1984
72,2094
72,2366
72,2524
72,2634
72,2698
72,3230
72,3295
72,3668
72,3711
72,3833
72,4031
72,4564
72,4934
72,5036
72,5143
72,5653
72,5824
72,6019
72,6040
72,6272
72,6411
72,6475
72,6497
72,6659
72,6728
72,7380
72,7500
72,7681
72,7718
72,8677
72,9309
72,9750
72,9830
72,9901
72,10045
72,10062
72,10219
72,10994
72,11019
72,11248
72,11374
72,11466
72,11722
72,12602
72,12715
72,12984
72,13366
72,13717
72,13723
72,13890
72,13945
72,13991
72,14183
72,15152
72,15236
72,15334
72,15496
72,15710
72,15836
72,17023
72,17387
72,17462
72,18325
72,18403
72,19143
72,19429
72,19494
73,84
73,97
73,100
73,109
73,114
73,115
73,117
73,119
73,127
73,149
73,150
73,235
73,291
73,320
73,330
73,366
73,386
73,413
73,449
73,502
73,521
73,558
73,569
73,673
73,798
73,934
73,1108
73,1195
73,1201
73,1216
73,1319
73,1371
73,1562
73,1704
73,1781
73,1798
73,1919
73,1927
73,1990
73,2020
73,2197
73,2357
73,2361
73,2494
73,2645
73,2855
73,3111
73,3193
73,3400
73,3620
73,3646
73,3735
73,3782
73,3948
73,3996
73,4056
73,4103
73,4152
73,4300
73,4423
73,4437
73,4492
73,4624
73,5179
73,5290
73,5820
73,5976
73,6089
73,6163
73,6506
73,6614
73,6804
73,7325
73,7351
73,7384
73,7435
73,7554
73,7620
73,7848
73,8233
73,8544
73,8806
73,8931
73,8962
73,9022
73,9079
73,9544
73,9575
73,9624
73,9700
73,9983
73,10055
73,10154
73,10298
73,10373
73,10910
73,11146
73,11177
73,11221
73,11306
73,11543
73,11757
73,11812
73,11813
73,11992
73,12157
73,12310
73,12609
73,12937
73,13362
73,13425
73,13510
73,13711
73,13783
73,13958
73,13976
73,14225
73,14450
73,14470
73,14496
73,15032
73,15152
73,15579
73,15599
73,15740
73,16081
73,16095
73,16189
73,16218
73,16325
73,16502
73,16756
73,16789
73,16822
73,17151
73,17212
73,17754
73,18208
73,19954
74,81
74,91
74,144
74,152
74,171
74,233
74,620
74,775
74,846
74,863
74,964
74,1018
74,1185
74,1331
74,2058
74,2114
74,2425
74,2565
74,2780
74,3295
74,3521
74,3967
74,4020
74,4061
74,4101
74,4191
74,4366
74,4686
74,4930
74,5206
74,5455
74,5693
74,5825
74,6635
74,6797
74,7163
74,7167
74,7267
74,7568
74,8432
74,8915
74,9360
74,10205
74,10256
74,10508
74,10746
74,10802
74,11048
74,11265
74,12006
74,13156
74,13334
74,14502
74,16267
74,17377
74,17857
74,18255
74,18349
74,18575
74,19353
74,19547
75,77
75,338
75,399
75,432
75,736
75,761
75,1057
75,1404
75,1601
75,1604
75,2206
75,2690
75,3376
75,3476
75,3495
75,3548
75,3672
75,5531
75,5678
75,5919
75,5999
75,6252
75,6751
75,7317
75,9394
75,10085
75,11032
75,11314
75,11738
75,12039
75,12895
75,12968
75,13641
75,15155
75,15659
75,15709
75,15758
75,16160
75,16781
75,17883
75,17958
75,18249
75,18780
75,19334
75,19437
75,19460
75,19683
75,19789
76,85
76,134
76,234
76,245
76,286
76,310
76,400
76,428
76,487
76,592
76,772
76,807
76,810
76,861
76,867
76,895
76,910
76,1001
76,1077
76,1216
76,1222
76,1313
76,1340
76,1424
76,1558
76,1636
76,1835
76,1921
76,2052
76,2073
76,2274
76,2335
76,2421
76,2527
76,2546
76,2635
76,2981
76,3032
76,3067
76,3171
76,3277
76,3395
76,3507
76,3577
76,3753
76,3846
76,4021
76,4100
76,4366
76,4473
76,4661
76,4729
76,4812
76,4889
76,5731
76,5791
76,5909
76,5950
76,6001
76,6342
76,6558
76,6942
76,6956
76,7053
76,7414
76,7752
76,7871
76,8096
76,8154
76,8494
76,9087
76,9186
76,9534
76,9538
76,9751
76,10086
76,10115
76,10199
76,10428
76,10730
76,11753
76,12030
76,12037
76,12111
76,12139
76,12207
76,12327
76,12354
76,12821
76,12859
76,13013
76,13380
76,13476
76,13534
76,14154
76,14495
76,15013
76,15365
76,15419
76,15449
76,15666
76,15748
76,16056
76,16637
76,16743
76,17246
76,17438
76,17846
76,18494
76,18919
76,19516
76,19723
77,96
77,152
77,325
77,1751
77,1752
77,1977
77,2516
77,2712
77,4676
77,5027
77,5525
77,5705
77,5819
77,7113
77,8069
77,8202
77,8285
77,9048
77,9269
77,9666
77,9978
77,10485
77,11022
77,13168
77,13397
78,97
78,100
78,137
78,147
78,166
78,178
78,183
78,233
78,295
78,348
78,353
78,423
78,453
78,494
78,511
78,568
78,575
78,666
78,792
78,967
78,970
78,1031
78,1271
78,1300
78,1675
78,1733
78,1744
78,1980
78,1988
78,2061
78,2373
78,2420
78,2571
78,2737
78,2925
78,3289
78,3320
78,4582
78,4685
78,4905
78,5221
78,5259
78,5445
78,5543
78,6235
78,6375
78,6420
78,6578
78,7225
78,7301
78,7330
78,7561
78,7656
78,7732
78,7793
78,8116
78,8135
78,8919
78,8946
78,9037
78,9143
78,9475
78,9660
78,9986
78,10137
78,10681
78,10730
78,11857
78,11913
78,12581
78,13690
78,14249
78,14341
78,14727
78,15041
78,15137
78,15819
78,15989
78,16485
78,16705
78,17125
78,17360
78,17976
78,18944
78,19561
78,19669
78,19890
79,93
79,304
79,401
79,591
79,699
79,789
79,882
79,916
79,1010
79,1374
79,1579
79,1945
79,2342
79,2693
79,3027
79,3196
79,3201
79,3592
79,4010
79,4561
79,5250
79,5404
79,6218
79,6681
79,6783
79,8628
79,9122
79,9728
79,10644
79,11421
79,11815
79,12599
79,12828
79,13061
79,13194
79,14931
79,15738
79,15862
79,16247
79,18354
79,18587
79,19476
80,97
80,137
80,143
80,149
80,156
80,159
80,349
80,498
80,541
80,555
80,695
80,720
80,910
80,925
80,953
80,1287
80,1405
80,1499
80,1585
80,1593
80,1627
80,1977
80,2011
80,2026
80,2100
80,2523
80,2571
80,3060
80,3167
80,3915
80,3968
80,4347
80,4436
80,5227
80,5346
80,5352
80,6072
80,6921
80,7004
80,7114
80,7185
80,8055
80,8666
80,8702
80,9623
80,9777
80,9886
80,10079
80,10802
80,11303
80,11430
80,12152
80,12690
80,12716
80,13074
80,13594
80,13817
80,14080
80,14245
80,14847
80,14926
80,14981
80,15827
80,15982
80,16290
80,16414
80,17569
80,19001
80,19204
81,82
81,104
81,118
81,140
81,181
81,210
81,310
81,336
81,360
81,391
81,412
81,414
81,439
81,472
81,571
81,574
81,721
81,747
81,947
81,982
81,1007
81,1065
81,1132
81,1202
81,1259
81,1617
81,1902
81,1990
81,2035
81,2136
81,2188
81,2368
81,2443
81,2699
81,2827
81,2943
81,3144
81,3175
81,3176
81,3355
81,3451
81,3654
81,3933
81,4933
81,4993
81,5057
81,5223
81,5324
81,5439
81,5810
81,5858
81,5964
81,6298
81,6349
81,6858
81,6912
81,7077
81,7122
81,7205
81,7290
81,7416
81,7505
81,7784
81,7936
81,8259
81,8483
81,8997
81,9102
81,9111
81,9157
81,9354
81,9538
81,10147
81,10570
81,10618
81,11153
81,12220
81,12358
81,12560
81,12569
81,12807
81,12808
81,12911
81,12965
81,13171
81,13187
81,13284
81,14116
81,14282
81,14460
81,14551
81,15538
81,15638
81,16504
81,16606
81,16749
81,17197
81,17406
81,17603
81,17720
81,17852
81,18433
81,19205
81,19415
81,19595
81,19755
82,124
82,131
82,132
82,135
82,150
82,178
82,213
82,215
82,222
82,242
82,261
82,271
82,278
82,288
82,306
82,321
82,373
82,378
82,389
82,442
82,448
82,473
82,515
82,548
82,582
82,699
82,720
82,732
82,748
82,788
82,794
82,821
82,838
82,931
82,940
82,973
82,992
82,1024
82,1030
82,1062
82,1151
82,1164
82,1202
82,1234
82,1247
82,1250
82,1545
82,1617
82,1778
82,1933
82,2120
82,2137
82,2142
82,2265
82,2378
82,2416
82,2417
82,2433
82,2499
82,2628
82,2941
82,2980
82,3006
82,3027
82,3049
82,3060
82,3083
82,3178
82,3215
82,3270
82,3310
82,3331
82,3400
82,3495
82,4313
82,4714
82,4732
82,4909
82,5053
82,5137
82,5157
82,5193
82,5252
82,5314
82,5349
82,5843
82,6012
82,6148
82,6194
82,6203
82,6309
82,6934
82,7109
82,7309
82,7460
82,8070
82,8296
82,8435
82,8533
82,8594
82,8752
82,9570
82,9593
82,9792
82,9879
82,10235
82,10333
82,10344
82,10662
82,10830
82,11257
82,11511
82,11917
82,12304
82,12383
82,12496
82,12832
82,12963
82,13021
82,13070
82,13122
82,13264
82,13378
82,13613
82,13646
82,13822
82,13926
82,14148
82,14541
82,14739
82,14959
82,15148
82,15432
82,15743
82,16024
82,16045
82,16350
82,16382
82,16494
82,17040
82,17060
82,17725
82,19510
83,112
83,354
83,567
83,797
83,841
83,897
83,922
83,1003
83,1106
83,1143
83,1355
83,1370
83,1578
83,1614
83,1911
83,1939
83,1986
83,2376
83,2722
83,2790
83,3456
83,3544
83,3995
83,4322
83,4682
83,5004
83,5240
83,5322
83,5415
83,5772
83,6763
83,8293
83,9337
83,9366
83,10279
83,11007
83,12413
83,12552
83,13079
83,15100
83,15304
83,17575
83,17894
83,18724
83,18971
84,123
84,125
84,127
84,631
84,922
84,966
84,1871
84,2242
84,2854
84,2992
84,3059
84,3569
84,3582
84,3679
84,3706
84,4110
84,4592
84,4721
84,5045
84,5111
84,6011
84,6395
84,6851
84,7423
84,7592
84,9247
84,9358
84,12230
84,13078
84,13202
84,13872
84,13973
84,15084
84,15430
84,16487
84,17752
84,18154
84,18296
84,19938
85,94
85,128
85,308
85,323
85,483
85,549
85,624
85,627
85,696
85,872
85,948
85,1260
85,1326
85,1406
85,1507
85,1678
85,1804
85,1832
85,1845
85,2041
85,2163
85,2686
85,2821
85,2936
85,2990
85,3007
85,3164
85,3658
85,3933
85,3951
85,4104
85,4128
85,5249
85,5402
85,5828
85,5966
85,6137
85,6180
85,6855
85,6925
85,8356
85,8679
85,9114
85,10301
85,10405
85,10843
85,11131
85,12235
85,13605
85,13888
85,14573
85,15428
85,15827
85,16329
85,16424
85,17257
85,17955
85,18421
85,18705
85,18876
85,19351
85,19417
85,19789
86,112
86,165
86,238
86,368
86,404
86,692
86,716
86,959
86,1090
86,1462
86,1570
86,1668
86,1708
86,2142
86,2213
86,2480
86,2485
86,2684
86,2742
86,2752
86,2951
86,3208
86,3232
86,3554
86,3590
86,3949
86,3982
86,4235
86,4405
86,5216
86,5428
86,5463
86,5533
86,5906
86,6176
86,6204
86,6443
86,6489
86,6643
86,6968
86,7119
86,7242
86,7499
86,8014
86,8470
86,8531
86,9288
86,9382
86,9487
86,10096
86,10118
86,10319
86,11026
86,11806
86,11873
86,12333
86,12725
86,13852
86,13986
86,14088
86,14400
86,14609
86,14914
86,15971
86,17120
86,17699
86,17980
86,18194
87,96
87,127
87,157
87,194
87,208
87,241
87,403
87,526
87,880
87,1111
87,1256
87,1417
87,1498
87,1749
87,2518
87,3012
87,3552
87,3652
87,4326
87,4416
87,4450
87,4451
87,5125
87,5896
87,6735
87,6807
87,8631
87,11960
87,12090
87,13000
87,13338
87,13427
87,14162
87,15369
87,16397
87,16746
87,17067
87,19454
88,183
88,203
88,308
88,318
88,469
88,519
88,576
88,592
88,666
88,681
88,687
88,705
88,748
88,813
88,972
88,1251
88,1349
88,1355
88,1650
88,1900
88,2483
88,2824
88,3188
88,3192
88,3247
88,3309
88,3516
88,3579
88,4418
88,4763
88,4962
88,5104
88,5175
88,5215
88,5224
88,5339
88,5453
88,5633
88,5972
88,6666
88,6920
88,6984
88,7042
88,7044
88,7201
88,7311
88,7367
88,7418
88,7453
88,8217
88,8553
88,8575
88,9042
88,9608
88,9950
88,10263
88,10563
88,11196
88,11425
88,12343
88,12433
88,12685
88,12962
88,13018
88,13063
88,13146
88,13440
88,13553
88,14028
88,15641
88,15675
88,16438
88,16495
88,16719
88,17070
88,17486
88,17650
88,18138
88,18225
88,18622
88,19867
89,111
89,121
89,179
89,264
89,432
89,590
89,594
89,680
89,705
89,1361
89,1489
89,1818
89,1842
89,2252
89,2555
89,2650
89,2813
89,2996
89,3154
89,3179
89,3340
89,3385
89,3561
89,3650
89,3881
89,4162
89,4387
89,4456
89,4706
89,5387
89,6161
89,6479
89,6684
89,7282
89,8139
89,9107
89,9135
89,10260
89,11165
89,11198
89,11580
89,11867
89,12038
89,12536
89,12823
89,13002
89,13348
89,14302
89,14454
89,15445
89,15446
89,15602
89,15994
89,16793
89,17680
89,18534
89,19216
89,19220
90,125
90,628
90,1320
90,1605
90,1612
90,2239
90,2337
90,4023
90,4602
90,5056
90,5897
90,6972
90,7671
90,8621
90,8838
90,10327
90,10420
90,10947
90,11405
90,12684
90,13162
90,13321
90,13364
90,13539
90,15994
90,16831
90,17001
90,17875
91,99
91,262
91,308
91,447
91,623
91,750
91,783
91,880
91,977
91,1282
91,1390
91,1598
91,1614
91,2374
91,2462
91,2668
91,2701
91,2718
91,2935
91,2973
91,3024
91,3026
91,3201
91,3297
91,3624
91,3935
91,4608
91,4689
91,4785
91,4959
91,4966
91,5270
91,5405
91,5719
91,5739
91,5880
91,6218
91,7205
91,7295
91,7416
91,7667
91,8166
91,8479
91,9086
91,9237
91,9767
91,10183
91,10450
91,10626
91,11376
91,11507
91,11780
91,11923
91,12433
91,14027
91,14445
91,14463
91,14918
91,14980
91,15103
91,15328
91,15833
91,16071
91,16088
91,16319
91,17263
91,17934
91,18492
91,18555
92,129
92,143
92,179
92,353
92,492
92,566
92,598
92,603
92,804
92,848
92,903
92,906
92,977
92,1053
92,1064
92,1103
92,1263
92,1267
92,1687
92,1733
92,1845
92,1851
92,1856
92,2064
92,2085
92,2141
92,2226
92,2311
92,2327
92,2369
92,2556
92,2822
92,3021
92,3266
92,3439
92,3517
92,3531
92,3535
92,4264
92,4793
92,4855
92,4911
92,4939
92,5033
92,5246
92,5297
92,5455
92,5708
92,5802
92,5954
92,5979
92,6148
92,6429
92,6574
92,6830
92,6838
92,6994
92,7432
92,7551
92,7916
92,8394
92,8523
92,8765
92,8989
92,9658
92,10030
92,11629
92,11823
92,12030
92,12099
92,12568
92,13220
92,13477
92,13570
92,13664
92,13887
92,13961
92,14136
92,15359
92,15379
92,15463
92,15853
92,16438
92,16675
92,16712
92,16715
92,17010
92,17068
92,17198
92,18986
92,19493
92,19540
92,19568
92,19834
93,145
93,259
93,858
93,905
93,957
93,1006
93,1061
93,1099
93,1121
93,1156
93,1189
93,1191
93,1253
93,1572
93,1601
93,1679
93,1902
93,1980
93,2514
93,2729
93,2971
93,3087
93,3153
93,3391
93,3424
93,3661
93,3752
93,4422
93,4713
93,4780
93,4867
93,4872
93,5270
93,5450
93,5552
93,6047
93,6437
93,6866
93,7432
93,7760
93,7823
93,8075
93,8962
93,11113
93,11213
93,11413
93,11573
93,12327
93,12931
93,13265
93,13802
93,14178
93,14591
93,15665
93,16100
93,16627
93,16975
93,17146
93,17286
93,17417
93,18099
93,18573
93,18751
93,19852
94,192
94,194
94,242
94,403
94,467
94,620
94,634
94,1431
94,1554
94,1614
94,1790
94,1894
94,2534
94,2789
94,2876
94,3014
94,3499
94,4299
94,4878
94,5983
94,8625
94,8670
94,8834
94,8931
94,8936
94,9775
94,9800
94,10402
94,10823
94,14356
94,15236
94,15546
94,16234
94,16723
94,17285
94,17690
94,17724
94,18108
94,19027
94,19044
95,108
95,116
95,178
95,200
95,253
95,272
95,302
95,320
95,352
95,374
95,420
95,523
95,609
95,649
95,655
95,735
95,1154
95,1420
95,1712
95,1768
95,1960
95,1986
95,2456
95,2629
95,2633
95,2668
95,3686
95,3722
95,4034
95,4740
95,4942
95,5168
95,5393
95,6159
95,6457
95,7080
95,7912
95,8012
95,8113
95,8911
95,9159
95,9691
95,9970
95,10368
95,10466
95,11215
95,11412
95,11895
95,11914
95,12113
95,12307
95,13123
95,13126
95,13589
95,13829
95,14237
95,14395
95,14791
95,15078
95,15831
95,16250
95,16657
95,17452
95,17725
95,18112
95,18826
95,19134
95,19200
96,156
96,290
96,332
96,377
96,508
96,639
96,646
96,808
96,1059
96,1184
96,1251
96,1385
96,1537
96,1562
96,1750
96,1922
96,2024
96,2040
96,2098
96,2112
96,2423
96,2638
96,2697
96,2756
96,2909
96,3115
96,3237
96,3308
96,3401
96,3448
96,4114
96,4243
96,4524
96,4674
96,4715
96,4822
96,4885
96,5235
96,5392
96,5547
96,5642
96,5691
96,6328
96,6465
96,7343
96,7605
96,8150
96,8384
96,8599
96,9368
96,9734
96,9778
96,9882
96,10129
96,10484
96,10622
96,10708
96,11438
96,12081
96,12473
96,12721
96,13080
96,13300
96,13921
96,13995
96,14277
96,14438
96,14511
96,14538
96,16151
96,16258
96,16590
96,16659
96,16722
96,16746
96,18932
97,161
97,163
97,186
97,211
97,252
97,278
97,292
97,303
97,354
97,416
97,424
97,472
97,532
97,535
97,542
97,601
97,621
97,626
97,663
97,754
97,905
97,921
97,946
97,978
97,1025
97,1039
97,1083
97,1100
97,1123
97,1200
97,1268
97,1345
97,1413
97,1545
97,1680
97,1815
97,2040
97,2102
97,2147
97,2296
97,2569
97,3197
97,3372
97,3606
97,3609
97,3656
97,3674
97,4031
97,4172
97,4760
97,4896
97,4976
97,5509
97,5571
97,5951
97,5958
97,6135
97,6192
97,6456
97,6658
97,6802
97,6836
97,7516
97,7619
97,7976
97,8022
97,8233
97,8581
97,8941
97,9146
97,9313
97,9333
97,9874
97,10034
97,10121
97,10851
97,10939
97,11085
97,11186
97,11472
97,11789
97,12146
97,12485
97,12721
97,12737
97,12753
97,12968
97,13421
97,14006
97,14345
97,14880
97,15252
97,15270
97,15680
97,16001
97,16084
97,16579
97,16875
97,17212
97,17461
97,18053
97,18118
97,18723
97,19311
98,281
98,302
98,646
98,664
98,1544
98,1751
98,2213
98,2600
98,2893
98,3082
98,3354
98,3591
98,4500
98,5999
98,6199
98,7042
98,7780
98,9431
98,10076
98,10273
98,10671
98,10955
98,11372
98,12061
98,12067
98,12403
98,13339
98,13795
98,15050
98,15544
98,16075
98,16362
98,16658
98,17793
98,17957
98,18176
98,19135
98,19834
99,130
99,1828
99,1949
99,2913
99,3026
99,4576
99,4951
99,4994
99,5706
99,6242
99,6357
99,6423
99,7805
99,8044
99,8330
99,10340
99,10596
99,11149
99,11882
99,16648
100,128
100,192
100,222
100,225
100,238
100,252
100,363
100,492
100,649
100,717
100,750
100,940
100,1030
100,1224
100,1332
100,1465
100,1493
100,1712
100,1819
100,1895
100,1941
100,2129
100,2186
100,2387
100,2486
100,2574
100,2683
100,2733
100,2776
100,2791
100,3092
100,3495
100,3743
100,3765
100,3768
100,4402
100,4979
100,6930
100,7180
100,7245
100,7469
100,8289
100,8352
100,8662
100,8852
100,9588
100,10283
100,10291
100,10542
100,10995
100,11272
100,11575
100,11671
100,12570
100,13173
100,13426
100,13499
100,13502
100,13683
100,15341
100,16143
100,17438
100,18696
100,19057
100,19373
100,19690
100,19891
101,108
101,136
101,159
101,260
101,298
101,323
101,376
101,382
101,386
101,419
101,453
101,502
101,509
101,539
101,649
101,657
101,743
101,760
101,766
101,776
101,816
101,824
101,900
101,924
101,1020
101,1025
101,1046
101,1166
101,1188
101,1198
101,1222
101,1229
101,1306
101,1361
101,1592
101,1608
101,1609
101,1616
101,1677
101,1724
101,1827
101,1915
101,1947
101,2064
101,2070
101,2124
101,2141
101,2223
101,2264
101,2281
101,2298
101,2531
101,2534
101,2537
101,2632
101,2712
101,2720
101,2752
101,2853
101,2865
101,2915
101,2955
101,3066
101,3173
101,3185
101,3187
101,3196
101,3368
101,3389
101,3597
101,3646
101,3731
101,3830
101,3871
101,3899
101,3930
101,4014
101,4075
101,4103
101,4386
101,4515
101,4615
101,4819
101,5068
101,5310
101,5371
101,5429
101,5432
101,5452
101,5498
101,5577
101,5653
101,5682
101,5895
101,5932
101,5977
101,5988
101,6028
101,6176
101,6203
101,6328
101,6338
101,6444
101,6649
101,6660
101,6879
101,6949
101,7170
101,7211
101,7288
101,7321
101,7340
101,7366
101,7533
101,7681
101,7754
101,8042
101,8211
101,8243
101,8490
101,8578
101,8582
101,8589
101,8725
101,8851
101,9052
101,9205
101,9299
101,9546
101,10187
101,10471
101,10542
101,10685
101,11155
101,11224
101,11386
101,11541
101,11891
101,12230
101,12314
101,12607
101,12619
101,12648
101,12666
101,13128
101,13398
101,13417
101,13546
101,13849
101,14187
101,14321
101,14400
101,14524
101,14572
101,14919
101,15591
101,15699
101,15887
101,16102
101,16216
101,16347
101,17337
101,17838
101,17920
101,18007
101,18176
101,18188
101,18455
101,18672
101,18877
101,18931
101,19464
101,19785
101,19826
101,19954
102,124
102,156
102,172
102,221
102,364
102,384
102,385
102,471
102,522
102,613
102,637
102,738
102,757
102,764
102,830
102,952
102,1099
102,1199
102,1353
102,1618
102,1623
102,1891
102,2254
102,2329
102,2881
102,3034
102,3318
102,3343
102,3413
102,3476
102,3637
102,3704
102,4047
102,4076
102,4085
102,4241
102,4480
102,4794
102,5107
102,5203
102,5271
102,5314
102,5329
102,5429
102,5519
102,5530
102,5583
102,5704
102,6299
102,6446
102,6464
102,6539
102,6673
102,6860
102,6863
102,7082
102,7343
102,7476
102,7630
102,7828
102,8278
102,8314
102,8533
102,9035
102,9669
102,9726
102,9831
102,10079
102,10112
102,10259
102,10277
102,10313
102,10399
102,10507
102,10996
102,11753
102,12047
102,12223
102,12599
102,12670
102,13444
102,13545
102,13676
102,13713
102,13720
102,13825
102,13855
102,14176
102,14245
102,14332
102,14478
102,14958
102,15608
102,15648
102,15858
102,15965
102,16090
102,17083
102,17646
102,17662
102,17798
102,17890
102,18020
102,18183
102,18690
102,19274
102,19355
102,19416
102,19700
102,19714
102,19732
103,234
103,390
103,396
103,459
103,487
103,498
103,595
103,702
103,779
103,784
103,810
103,1463
103,1656
103,1690
103,1718
103,1958
103,2054
103,2406
103,2479
103,2537
103,2962
103,2973
103,3194
103,3864
103,4013
103,4502
103,4604
103,4824
103,4935
103,4983
103,5187
103,5193
103,5281
103,5332
103,5373
103,5581
103,5631
103,7047
103,7709
103,8211
103,8580
103,9687
103,9930
103,10331
103,10657
103,11731
103,12060
103,12857
103,13267
103,13388
103,13539
103,14330
103,14472
103,15767
103,16076
103,16156
103,16190
103,16492
103,16537
103,17813
103,18523
103,19009
103,19170
103,19705
103,19758
104,126
104,151
104,216
104,263
104,318
104,396
104,405
104,407
104,469
104,479
104,521
104,658
104,779
104,812
104,833
104,859
104,875
104,913
104,1117
104,1211
104,1410
104,1454
104,1731
104,1765
104,1951
104,2084
104,2127
104,2135
104,2311
104,2406
104,2435
104,2519
104,2940
104,3022
104,3145
104,3405
104,3446
104,3510
104,3586
104,3625
104,3962
104,3986
104,4108
104,4122
104,4618
104,5595
104,6030
104,6212
104,6227
104,6241
104,6292
104,6758
104,7113
104,7649
104,7915
104,8033
104,8100
104,8136
104,8171
104,8294
104,8458
104,8554
104,8604
104,8698
104,8832
104,9384
104,9521
104,9792
104,9945
104,10136
104,10392
104,11236
104,11423
104,12183
104,12191
104,12389
104,12514
104,13273
104,13632
104,13831
104,14082
104,14314
104,15559
104,15598
104,15769
104,16297
104,16475
104,17614
104,17615
104,18231
104,18453
104,19001
104,19060
104,19108
105,156
105,164
105,170
105,173
105,202
105,712
105,717
105,858
105,862
105,928
105,1295
105,1447
105,1488
105,1602
105,1741
105,2238
105,2601
105,2649
105,3128
105,3733
105,4108
105,4128
105,4272
105,4277
105,4348
105,4550
105,5001
105,5010
105,5212
105,5263
105,7316
105,7419
105,8274
105,8442
105,8485
105,8501
105,9069
105,9135
105,10177
105,10849
105,11078
105,11602
105,13172
105,14964
105,15814
105,16312
105,16971
105,18434
105,19110
105,19261
105,19715
105,19828
106,436
106,693
106,857
106,979
106,1292
106,2543
106,3028
106,3213
106,4210
106,4482
106,4613
106,5783
106,7618
106,7705
106,7946
106,8397
106,9162
106,9528
106,11828
106,13218
106,15041
106,15580
106,16727
106,17454
106,17475
106,18009
106,19632
107,243
107,267
107,315
107,398
107,433
107,439
107,478
107,1043
107,1080
107,2465
107,2786
107,2881
107,2984
107,3265
107,4386
107,4428
107,4737
107,6050
107,6825
107,6962
107,7058
107,7093
107,7426
107,7584
107,8051
107,8421
107,9482
107,10795
107,11164
107,11500
107,11705
107,11780
107,12919
107,13066
107,13142
107,13853
107,14058
107,14294
107,15107
107,15193
107,16045
107,16932
107,17199
107,18226
107,18444
107,18917
107,19495
107,19634
108,143
108,395
108,406
108,440
108,654
108,678
108,742
108,744
108,800
108,804
108,844
108,944
108,1010
108,1156
108,1201
108,1212
108,1217
108,1414
108,1474
108,1477
108,1580
108,1668
108,1737
108,1927
108,1983
108,2013
108,2071
108,2298
108,2345
108,2450
108,2507
108,2639
108,2847
108,3334
108,3381
108,3412
108,3458
108,3584
108,3589
108,3682
108,3924
108,4154
108,4471
108,4849
108,5045
108,5348
108,6021
108,6225
108,6244
108,6362
108,6648
108,7255
108,7503
108,8417
108,8450
108,9309
108,9736
108,9753
108,9817
108,9912
108,10000
108,10598
108,11168
108,11802
108,12139
108,13453
108,14397
108,14580
108,15040
108,15634
108,16451
108,16562
108,16840
108,17665
108,18662
108,18771
108,19331
108,19718
109,236
109,308
109,323
109,382
109,645
109,893
109,1020
109,1089
109,1154
109,1298
109,1573
109,1877
109,2007
109,2385
109,2974
109,3159
109,3502
109,3516
109,3952
109,4215
109,4287
109,4365
109,5366
109,5480
109,5481
109,5689
109,6233
109,6483
109,6690
109,6741
109,6922
109,7159
109,7402
109,8917
109,9565
109,9792
109,9850
109,12142
109,12186
109,12636
109,13521
109,13864
109,14075
109,19665
110,154
110,435
110,801
110,1508
110,1810
110,1836
110,2058
110,2743
110,3046
110,3088
110,3168
110,3210
110,3331
110,3333
110,3383
110,3547
110,4133
110,4139
110,4274
110,5277
110,5717
110,5905
110,6295
110,6532
110,6555
110,6618
110,6932
110,7235
110,7569
110,7595
110,8115
110,8571
110,8812
110,9005
110,9329
110,9886
110,9898
110,10562
110,11251
110,11660
110,12701
110,14501
110,14808
110,15697
110,16696
110,17206
110,18024
110,18343
110,18705
110,18929
111,117
111,146
111,163
111,220
111,304
111,344
111,411
111,462
111,610
111,647
111,690
111,692
111,916
111,1418
111,1626
111,1681
111,1803
111,1918
111,1972
111,2119
111,2182
111,2449
111,2498
111,2692
111,2828
111,2901
111,3865
111,4481
111,4546
111,4737
111,4777
111,5232
111,5369
111,5805
111,5966
111,6072
111,6075
111,6331
111,6758
111,7538
111,7634
111,7859
111,7952
111,8017
111,8532
111,8719
111,8787
111,9061
111,10109
111,10238
111,10271
111,10569
111,11136
111,11431
111,11561
111,11608
111,11892
111,12008
111,12322
111,12712
111,13554
111,14181
111,16058
111,16623
111,17482
111,18895
111,19393
111,19507
112,878
112,1303
112,1739
112,3254
112,3928
112,5219
112,5942
112,7707
112,7758
112,7775
112,10662
112,11873
112,12740
112,12823
112,17555
112,18675
112,18876
113,115
113,133
113,159
113,227
113,269
113,359
113,406
113,466
113,520
113,592
113,678
113,700
113,864
113,869
113,898
113,1056
113,1218
113,1383
113,1467
113,2183
113,2557
113,2579
113,2605
113,2727
113,3198
113,4286
113,4802
113,4885
113,5427
113,5578
113,5799
113,5864
113,5872
113,6698
113,6748
113,6810
113,6835
113,7301
113,7396
113,7564
113,7751
113,8107
113,8108
113,8124
113,8696
113,9019
113,9071
113,9120
113,9799
113,10072
113,10394
113,10470
113,10839
113,11336
113,11428
113,11476
113,11800
113,11986
113,12589
113,13627
113,13683
113,13755
113,13805
113,13820
113,13932
113,13999
113,14122
113,14340
113,14420
113,14421
113,15198
113,15965
113,16925
113,17473
113,18106
113,18402
113,19162
113,19334
114,163
114,294
114,395
114,456
114,493
114,539
114,648
114,858
114,865
114,866
114,1015
114,1395
114,1535
114,1610
114,1738
114,1814
114,2095
114,2344
114,2453
114,3019
114,3364
114,4170
114,4415
114,4445
114,4745
114,4950
114,5219
114,5275
114,5346
114,5784
114,5842
114,5896
114,6094
114,6284
114,6738
114,6959
114,7970
114,8182
114,8200
114,8713
114,9665
114,9766
114,10769
114,10829
114,11077
114,11220
114,11600
114,11730
114,11947
114,12579
114,12923
114,13514
114,13982
114,14247
114,14860
114,16130
114,16154
114,16676
114,18821
114,19270
114,19671
115,120
115,175
115,194
115,210
115,282
115,518
115,603
115,854
115,1108
115,1360
115,1518
115,2235
115,2549
115,2781
115,2934
115,3069
115,4427
115,4493
115,4680
115,4768
115,4789
115,4996
115,5065
115,5249
115,5336
115,6194
115,6401
115,6766
115,8006
115,8421
115,8740
115,8757
115,9485
115,10376
115,10680
115,11073
115,12032
115,12791
115,13722
115,14728
115,15489
115,15789
115,16619
115,16845
115,17732
115,17774
115,18673
115,19317
116,125
116,188
116,197
116,215
116,226
116,247
116,295
116,304
116,330
116,372
116,409
116,606
116,656
116,724
116,764
116,782
116,864
116,968
116,993
116,1093
116,1627
116,1884
116,2358
116,2699
116,2712
116,2850
116,3263
116,3398
116,3845
116,3902
116,4089
116,4196
116,4198
116,4273
116,4812
116,5266
116,5403
116,5459
116,5600
116,6420
116,6455
116,6842
116,7555
116,7918
116,7937
116,8799
116,9335
116,9513
116,9613
116,9916
116,12409
116,13456
116,13565
116,13569
116,15093
116,15522
116,15559
116,16594
116,17352
116,17675
116,17816
116,18076
116,18209
116,18680
116,18729
116,18937
116,19296
116,19472
116,19665
117,160
117,206
117,277
117,283
117,330
117,423
117,486
117,560
117,650
117,651
117,663
117,747
117,928
117,1060
117,1065
117,1208
117,1748
117,1893
117,1940
117,2093
117,2201
117,2380
117,2989
117,3037
117,3570
117,3746
117,3881
117,4501
117,4524
117,4575
117,4842
117,4973
117,5382
117,5468
117,6098
117,6277
117,6351
117,6551
117,6694
117,7557
117,7699
117,7939
117,8241
117,8491
117,9687
117,10253
117,10466
117,10844
117,11958
117,12147
117,12306
117,12819
117,12874
117,14970
117,15084
117,15181
117,16601
117,16724
117,16912
117,17180
117,18159
117,19901
118,153
118,155
118,164
118,195
118,260
118,266
118,412
118,430
118,447
118,549
118,598
118,608
118,926
118,1039
118,1107
118,1421
118,1448
118,1534
118,1667
118,1849
118,2801
118,2807
118,3158
118,3515
118,3591
118,3601
118,3718
118,3797
118,4065
118,4094
118,4151
118,4245
118,4289
118,4352
118,4462
118,4977
118,5295
118,5362
118,5417
118,6350
118,6568
118,6915
118,7034
118,7322
118,7384
118,7573
118,7647
118,8625
118,8817
118,9111
118,9181
118,9310
118,9411
118,9678
118,9952
118,10015
118,10038
118,10214
118,10614
118,10674
118,10878
118,11050
118,11382
118,11422
118,11430
118,11520
118,11627
118,12063
118,12119
118,13116
118,14037
118,14342
118,15124
118,15451
118,15765
118,15809
118,15867
118,16560
118,17862
118,18161
118,18221
118,18431
118,18683
118,18881
118,18900
118,19805
118,19865
118,19947
118,19977
119,258
119,432
119,464
119,473
119,529
119,557
119,582
119,640
119,654
119,712
119,714
119,737
119,760
119,795
119,976
119,1009
119,1327
119,1435
119,1459
119,1547
119,1564
119,1658
119,1661
119,1742
119,2235
119,2292
119,2606
119,2760
119,2822
119,2830
119,2908
119,3091
119,3435
119,3593
119,3794
119,4070
119,4503
119,4554
119,4585
119,4637
119,4942
119,6262
119,6345
119,6461
119,7245
119,7792
119,7885
119,8137
119,8397
119,8633
119,9427
119,9702
119,10164
119,10332
119,10949
119,11232
119,11520
119,12214
119,12299
119,12344
119,12363
119,12604
119,12742
119,13068
119,13072
119,13802
119,14047
119,14665
119,15306
119,15440
119,16204
119,16270
119,17188
119,17214
119,17951
119,18712
119,19370
119,19552
119,19794
120,129
120,136
120,138
120,142
120,219
120,341
120,378
120,650
120,1075
120,1352
120,1672
120,1848
120,2748
120,4313
120,5466
120,5883
120,6856
120,7334
120,7635
120,9425
120,9501
120,10934
120,11122
120,11212
120,12446
120,13132
120,14753
120,16443
120,16678
120,18182
120,18250
120,18800
121,150
121,191
121,362
121,372
121,419
121,772
121,903
121,1147
121,1185
121,1207
121,1415
121,1429
121,1737
121,2028
121,2177
121,2336
121,2610
121,2751
121,2764
121,2771
121,2891
121,3134
121,3345
121,3363
121,3373
121,3420
121,3915
121,4605
121,4752
121,4894
121,5684
121,6368
121,6710
121,6845
121,7048
121,7413
121,7893
121,8225
121,9673
121,10181
121,10488
121,10555
121,11471
121,11700
121,12206
121,12323
121,12415
121,14578
121,15905
121,16682
121,17110
121,17808
121,18098
121,18670
122,124
122,139
122,170
122,197
122,212
122,229
122,236
122,253
122,279
122,288
122,309
122,332
122,379
122,409
122,446
122,605
122,674
122,695
122,743
122,862
122,868
122,925
122,992
122,1002
122,1026
122,1032
122,1127
122,1131
122,1166
122,1194
122,1248
122,1315
122,1319
122,1465
122,1479
122,1526
122,1539
122,1580
122,1696
122,1737
122,1739
122,1820
122,1850
122,1928
122,2051
122,2099
122,2182
122,2301
122,2323
122,2685
122,2778
122,2852
122,2869
122,3036
122,3099
122,3374
122,3457
122,3735
122,3857
122,3987
122,4039
122,4119
122,4144
122,4195
122,4260
122,4417
122,4427
122,4526
122,4549
122,4788
122,4866
122,4902
122,5019
122,5078
122,5262
122,5351
122,5393
122,5621
122,5837
122,5940
122,5968
122,6142
122,6175
122,6540
122,6748
122,6827
122,6936
122,7193
122,7200
122,7251
122,7420
122,7562
122,7696
122,7741
122,7786
122,7903
122,8092
122,8132
122,8322
122,8338
122,8350
122,8427
122,9247
122,9348
122,9627
122,9814
122,9959
122,10231
122,10233
122,10259
122,10497
122,10761
122,11012
122,11027
122,11118
122,11175
122,11515
122,11629
122,11756
122,12122
122,12303
122,12479
122,12556
122,12643
122,12714
122,12831
122,12832
122,13471
122,13599
122,13604
122,13718
122,14307
122,14541
122,14548
122,15267
122,15330
122,15358
122,15382
122,15521
122,15584
122,16672
122,16800
122,17262
122,17564
122,17900
122,17925
122,18251
122,18301
122,18332
122,19030
122,19226
122,19313
122,19537
122,19599
122,19883
123,139
123,309
123,315
123,410
123,455
123,657
123,663
123,708
123,720
123,831
123,1011
123,1103
123,1227
123,1230
123,1472
123,1506
123,1557
123,1757
123,2017
123,2032
123,2109
123,2160
123,2328
123,3819
123,4188
123,4402
123,4489
123,4491
123,4559
123,4609
123,4630
123,4669
123,4828
123,5557
123,5927
123,6110
123,6210
123,7507
123,7578
123,8241
123,8905
123,9500
123,9573
123,9605
123,9927
123,10523
123,10558
123,10819
123,11055
123,11108
123,11584
123,12387
123,12468
123,12503
123,12969
123,13248
123,13556
123,13871
123,14753
123,14847
123,15639
123,15871
123,16141
123,16731
123,16910
123,17013
123,17311
123,17469
123,17826
123,17837
123,17970
123,18857
123,18947
123,19424
124,201
124,215
124,480
124,551
124,599
124,678
124,904
124,1022
124,1273
124,2033
124,2116
124,2330
124,2483
124,2848
124,2960
124,3051
124,3135
124,3440
124,3791
124,3968
124,4067
124,4444
124,4569
124,5393
124,5683
124,5819
124,6576
124,6961
124,6966
124,7085
124,7454
124,7487
124,7646
124,7838
124,7857
124,8086
124,8743
124,8748
124,8855
124,8898
124,9292
124,10403
124,10669
124,11605
124,11689
124,11881
124,12050
124,12927
124,12995
124,13203
124,13344
124,13395
124,14179
124,14278
124,14701
124,14877
124,15161
124,16192
124,16596
124,17112
124,17442
124,17753
124,17855
124,18087
124,18296
124,18437
124,18519
124,19043
125,165
125,178
125,187
125,240
125,245
125,248
125,278
125,384
125,522
125,844
125,1153
125,1427
125,1694
125,1971
125,2537
125,3286
125,3431
125,4583
125,5593
125,6006
125,6104
125,8009
125,10649
125,10732
125,10836
125,12495
125,12857
125,14297
125,14382
125,14784
126,184
126,191
126,212
126,468
126,567
126,710
126,789
126,807
126,817
126,845
126,1055
126,1235
126,1274
126,1894
126,1945
126,2995
126,3356
126,4025
126,4556
126,4857
126,5575
126,5794
126,5840
126,6304
126,9741
126,10344
126,10349
126,10551
126,12816
126,13070
126,13591
126,16853
126,16941
126,18542
126,18709
126,18925
126,18983
127,141
127,231
127,237
127,300
127,320
127,510
127,590
127,753
127,808
127,846
127,907
127,932
127,949
127,1001
127,1408
127,1526
127,1660
127,2209
127,2434
127,2530
127,2718
127,3091
127,3367
127,3955
127,4304
127,4871
127,5132
127,5320
127,5641
127,5763
127,6040
127,6714
127,7703
127,7790
127,9411
127,10162
127,11213
127,11928
127,12174
127,12533
127,12774
127,13159
127,13198
127,13465
127,13473
127,14033
127,14917
127,15517
127,16540
127,16686
127,16970
127,17214
127,17296
127,18064
127,18308
127,18718
127,19359
128,196
128,238
128,254
128,273
128,560
128,1034
128,1329
128,1983
128,2086
128,2447
128,2807
128,3316
128,4120
128,5401
128,5471
128,6351
128,6914
128,7514
128,9084
128,11112
128,12429
128,14109
128,14770
128,16052
128,17774
128,18308
128,18351
128,19348
129,150
129,167
129,180
129,187
129,255
129,312
129,362
129,553
129,796
129,1111
129,1391
129,1619
129,2359
129,2528
129,2740
129,2798
129,2952
129,2979
129,3969
129,4282
129,4708
129,4944
129,5453
129,5572
129,5625
129,6388
129,6603
129,7968
129,8832
129,9109
129,9425
129,10613
129,11045
129,11627
129,12610
129,13012
129,13316
129,13858
129,13924
129,14327
129,14550
129,15511
129,16413
129,16713
129,17354
129,18783
130,421
130,1492
130,2312
130,2888
130,3521
130,4144
130,4603
130,5738
130,7852
130,10688
130,11489
130,12878
130,13325
130,14333
130,14639
130,14790
130,14863
130,15651
130,15853
130,16043
130,17801
130,19684
131,177
131,243
131,295
131,349
131,353
131,364
131,977
131,1088
131,1161
131,1353
131,1931
131,2257
131,2577
131,2713
131,2799
131,3611
131,3979
131,4640
131,4800
131,5524
131,5529
131,5874
131,8575
131,8691
131,9120
131,9132
131,9825
131,11227
131,11234
131,12627
131,12905
131,13095
131,13283
131,13315
131,14798
131,15794
131,16874
131,16973
131,18517
131,18717
131,19804
132,288
132,300
132,747
132,1048
132,1226
132,1441
132,1450
132,1481
132,1961
132,2969
132,3046
132,3294
132,3316
132,3358
132,4094
132,5061
132,5079
132,6132
132,6391
132,6641
132,6934
132,7216
132,8521
132,8717
132,8928
132,9245
132,9431
132,9557
132,10389
132,10605
132,10620
132,10727
132,13025
132,13634
132,13967
132,14077
132,14774
132,17769
132,18403
132,19864
133,173
133,748
133,771
133,1116
133,1250
133,1386
133,1422
133,1907
133,3390
133,3640
133,3876
133,4277
133,4317
133,5224
133,7281
133,8685
133,8871
133,9188
133,9258
133,9994
133,11308
133,12977
133,16098
133,17628
133,18689
134,228
134,1147
134,1173
134,1205
134,1399
134,2119
134,2449
134,2732
134,3250
134,3483
134,3730
134,3840
134,4598
134,4870
134,5008
134,5154
134,5670
134,7429
134,8332
134,8381
134,9651
134,11093
134,11234
134,12053
134,13257
134,13910
134,14273
134,14763
134,15985
134,16038
134,16044
134,16809
134,17242
134,19504
135,169
135,297
135,377
135,450
135,451
135,493
135,503
135,820
135,868
135,1164
135,1280
135,1649
135,1767
135,1928
135,2080
135,2315
135,2884
135,2984
135,3128
135,3218
135,3257
135,3352
135,3369
135,3493
135,3511
135,3653
135,3870
135,3930
135,4501
135,4644
135,4909
135,5159
135,5332
135,5371
135,5438
135,5854
135,6242
135,6776
135,7234
135,7665
135,7953
135,8219
135,8273
135,8448
135,8507
135,8530
135,8622
135,9160
135,9275
135,9398
135,9488
135,10048
135,10545
135,10661
135,11231
135,11306
135,11366
135,11883
135,13224
135,13324
135,13746
135,13769
135,14889
135,15490
135,15661
135,17768
135,18063
135,19029
135,19466
136,221
136,276
136,336
136,347
136,1397
136,1552
136,1920
136,2297
136,2908
136,2988
136,3202
136,3262
136,3498
136,3948
136,5094
136,6022
136,6785
136,8812
136,11775
136,12087
136,12482
136,15119
136,17041
136,17139
136,19164
136,19272
137,144
137,189
137,231
137,269
137,300
137,333
137,368
137,413
137,437
137,451
137,457
137,600
137,636
137,696
137,797
137,867
137,906
137,1042
137,1098
137,1160
137,1242
137,1261
137,1267
137,1378
137,1399
137,1708
137,1780
137,1840
137,1889
137,1988
137,2197
137,2578
137,2750
137,2796
137,2840
137,3034
137,3191
137,3211
137,3741
137,4003
137,4391
137,4898
137,5129
137,5191
137,5648
137,5671
137,5705
137,6314
137,6470
137,6904
137,6987
137,6999
137,7369
137,7999
137,8039
137,8328
137,8514
137,8736
137,9051
137,9297
137,9965
137,10211
137,10226
137,10495
137,10649
137,11133
137,12024
137,12073
137,12323
137,12707
137,13268
137,13815
137,14725
137,15048
137,15297
137,15698
137,15831
137,16031
137,16165
137,16321
137,17314
137,17668
137,19071
137,19900
138,245
138,265
138,1647
138,1821
138,2319
138,2662
138,3005
138,3431
138,5103
138,5269
138,5707
138,6206
138,7573
138,7611
138,9345
138,12025
138,13019
138,14027
138,14513
138,17272
138,17489
138,19052
139,209
139,227
139,265
139,350
139,437
139,510
139,562
139,635
139,756
139,783
139,878
139,996
139,1002
139,1055
139,1125
139,1215
139,1392
139,1462
139,1463
139,1552
139,1619
139,1649
139,1665
139,1812
139,1813
139,1835
139,1913
139,2038
139,2115
139,2317
139,2395
139,2579
139,2587
139,2642
139,2725
139,2746
139,2863
139,3027
139,3030
139,3092
139,3130
139,3277
139,3377
139,3511
139,3513
139,3641
139,3669
139,3694
139,4134
139,4244
139,4319
139,4462
139,4635
139,4737
139,4992
139,4995
139,5007
139,5165
139,5450
139,5454
139,5919
139,6209
139,6218
139,6505
139,6835
139,7052
139,7127
139,7356
139,7610
139,7621
139,7895
139,7966
139,8230
139,8409
139,9255
139,10420
139,11086
139,11637
139,11688
139,11937
139,12135
139,12203
139,12436
139,12706
139,12843
139,12897
139,13331
139,13727
139,13761
139,13889
139,13898
139,14047
139,14569
139,14842
139,15616
139,16049
139,16119
139,16765
139,16941
139,17163
139,17357
139,17491
139,17940
139,19039
139,19992
140,158
140,205
140,224
140,409
140,654
140,671
140,697
140,752
140,917
140,1328
140,1636
140,2463
140,2561
140,2712
140,3091
140,3107
140,3728
140,3751
140,3848
140,3997
140,4102
140,4201
140,4301
140,5304
140,5519
140,6837
140,8352
140,8914
140,9679
140,10165
140,10789
140,10985
140,11593
140,12977
140,17708
140,18465
140,18995
140,19436
140,19892
141,150
141,263
141,346
141,417
141,535
141,600
141,653
141,741
141,748
141,808
141,958
141,1034
141,1152
141,1208
141,1337
141,1661
141,1954
141,2017
141,2295
141,2751
141,2913
141,3362
141,4194
141,4401
141,4632
141,5867
141,6060
141,6321
141,6477
141,7260
141,7525
141,8744
141,8940
141,9039
141,9287
141,9542
141,10472
141,10488
141,10780
141,10885
141,11637
141,12245
141,12852
141,13436
141,13973
141,14499
141,15039
141,15747
141,15829
141,16408
141,16898
141,17585
141,17969
141,18605
141,19327
141,19751
141,19801
142,198
142,216
142,358
142,371
142,408
142,417
142,556
142,661
142,674
142,803
142,833
142,948
142,1023
142,1086
142,1492
142,1728
142,1882
142,1953
142,2373
142,2477
142,2649
142,2745
142,2856
142,2872
142,3222
142,3366
142,4008
142,4207
142,4301
142,4801
142,5905
142,6025
142,6707
142,8277
142,8730
142,8996
142,9517
142,9819
142,9942
142,10159
142,10216
142,10748
142,10753
142,11193
142,12224
142,13167
142,15268
142,15840
142,16208
142,16955
142,17383
142,18298
142,18318
142,19610
143,227
143,248
143,281
143,333
143,342
143,399
143,411
143,498
143,557
143,598
143,602
143,617
143,677
143,749
143,909
143,1028
143,1236
143,1467
143,1470
143,1664
143,1666
143,2277
143,2278
143,2307
143,2328
143,2392
143,2543
143,2571
143,2709
143,2907
143,2932
143,3072
143,3081
143,3116
143,3160
143,3221
143,3369
143,3665
143,4039
143,4143
143,4540
143,5035
143,5152
143,5179
143,5273
143,5290
143,5523
143,5779
143,5861
143,6957
143,7208
143,7350
143,7641
143,7707
143,7823
143,7850
143,8044
143,8566
143,8697
143,10074
143,10384
143,10399
143,11054
143,11221
143,11227
143,11470
143,11576
143,11893
143,11969
143,12064
143,12097
143,12806
143,13152
143,13392
143,13643
143,13943
143,14007
143,14545
143,14743
143,15214
143,15670
143,15917
143,16983
143,17255
143,17368
143,17663
143,17980
143,18051
143,18312
143,18362
143,18779
143,18976
143,19702
144,299
144,354
144,469
144,636
144,1003
144,1075
144,1227
144,1338
144,1414
144,1521
144,1704
144,2198
144,2453
144,2508
144,2608
144,2635
144,2700
144,2803
144,3942
144,5078
144,5103
144,5198
144,5243
144,5323
144,6592
144,10705
144,10907
144,11733
144,12912
144,13395
144,13858
144,13930
144,14240
144,15009
144,16812
144,18576
145,174
145,186
145,281
145,337
145,551
145,630
145,1115
145,1272
145,1772
145,3114
145,3315
145,3373
145,3434
145,3502
145,4574
145,4926
145,5690
145,5889
145,6095
145,6561
145,6855
145,7576
145,8200
145,8486
145,8507
145,8708
145,8940
145,11149
145,11501
145,11951
145,12607
145,14103
145,14785
145,14929
145,15169
145,15230
145,16209
145,17960
145,18294
145,18762
146,158
146,191
146,237
146,251
146,262
146,283
146,325
146,474
146,509
146,653
146,663
146,675
146,724
146,784
146,805
146,806
146,854
146,871
146,898
146,1012
146,1290
146,1348
146,1525
146,1614
146,1624
146,1710
146,1747
146,2025
146,2181
146,2207
146,2261
146,2276
146,2418
146,2501
146,2562
146,2710
146,2734
146,2772
146,2847
146,2924
146,3140
146,3963
146,4009
146,4473
146,4557
146,4879
146,4891
146,4964
146,5031
146,5197
146,5238
146,5249
146,5301
146,5373
146,5462
146,5505
146,5551
146,5554
146,5888
146,6171
146,6234
146,6244
146,6338
146,6493
146,6786
146,6817
146,6900
146,7252
146,7543
146,7887
146,7961
146,8209
146,8406
146,8576
146,8653
146,8762
146,8837
146,9005
146,9114
146,9598
146,9655
146,9846
146,10035
146,10206
146,10410
146,10700
146,11126
146,12070
146,12907
146,13073
146,13118
146,13415
146,13572
146,14214
146,14545
146,14678
146,15109
146,15204
146,15452
146,15733
146,16119
146,16734
146,16762
146,17193
146,17347
146,17581
146,18314
146,18447
146,18992
146,19882
147,169
147,429
147,635
147,762
147,865
147,1187
147,1405
147,1538
147,1854
147,2134
147,2246
147,4256
147,4474
147,4553
147,4732
147,5604
147,5701
147,6698
147,7413
147,7786
147,9166
147,11465
147,12392
147,13126
147,14084
147,14387
147,14448
147,15527
147,16942
147,19054
148,153
148,160
148,185
148,271
148,296
148,317
148,322
148,352
148,371
148,496
148,535
148,738
148,851
148,913
148,964
148,973
148,1060
148,1173
148,1295
148,1354
148,1365
148,1439
148,1598
148,1651
148,1690
148,1767
148,1808
148,1822
148,1830
148,1844
148,2017
148,2107
148,2167
148,2332
148,2775
148,2856
148,3021
148,3048
148,3280
148,3653
148,3700
148,4255
148,4381
148,4427
148,4643
148,4873
148,4887
148,4978
148,5072
148,5394
148,5687
148,5726
148,5742
148,5944
148,6550
148,6851
148,6860
148,7182
148,7844
148,7853
148,8449
148,9055
148,9113
148,9236
148,10126
148,10289
148,11407
148,11735
148,11972
148,12105
148,12144
148,12150
148,13151
148,13473
148,14616
148,14730
148,14970
148,15492
148,15966
148,16216
148,17246
148,18362
148,18505
148,18548
148,18941
148,19800
149,185
149,225
149,287
149,390
149,1134
149,1459
149,1480
149,1674
149,1815
149,2756
149,3107
149,3417
149,3639
149,3706
149,4375
149,4911
149,6015
149,6592
149,7223
149,8335
149,8870
149,10993
149,13204
149,13441
149,14032
149,15005
149,15384
149,15478
149,16002
149,17659
149,18441
149,19260
149,19744
150,156
150,608
150,931
150,2374
150,2784
150,2957
150,3039
150,3071
150,3791
150,4513
150,5474
150,5713
150,6081
150,6409
150,7066
150,8134
150,8431
150,9028
150,9649
150,9770
150,10061
150,10988
150,11038
150,12266
150,12521
150,13431
150,14450
150,15383
150,17443
150,18694
151,232
151,261
151,268
151,293
151,311
151,400
151,550
151,566
151,578
151,626
151,730
151,753
151,758
151,933
151,1164
151,1197
151,1266
151,1544
151,1774
151,1851
151,2139
151,2150
151,2241
151,2408
151,2438
151,2652
151,2816
151,3160
151,3196
151,3253
151,3296
151,3611
151,3617
151,3742
151,4044
151,4050
151,4282
151,4341
151,4607
151,4767
151,4835
151,5015
151,5678
151,6128
151,6591
151,6747
151,6923
151,7021
151,7228
151,7745
151,7747
151,7866
151,7891
151,8253
151,8349
151,8493
151,8791
151,10057
151,10221
151,10805
151,11141
151,11160
151,11340
151,11784
151,12203
151,12665
151,13356
151,13958
151,16490
151,17616
151,17644
151,18120
151,18543
151,19000
152,162
152,334
152,392
152,415
152,728
152,827
152,932
152,1099
152,1181
152,1258
152,1334
152,1744
152,1803
152,1845
152,2126
152,2428
152,3621
152,4250
152,6518
152,6807
152,8048
152,9066
152,10641
152,10811
152,10820
152,10964
152,11166
152,11485
152,13668
152,14284
152,14357
152,15931
152,17461
152,18982
153,260
153,353
153,956
153,1551
153,1637
153,2337
153,3197
153,3567
153,3874
153,4059
153,4096
153,4123
153,4255
153,4267
153,4318
153,4352
153,5150
153,7467
153,7877
153,8002
153,8563
153,9235
153,9607
153,10212
153,10484
153,12186
153,13173
153,13452
153,13847
153,14539
153,16563
153,17170
153,19567
154,246
154,249
154,649
154,1198
154,1566
154,1629
154,1963
154,2046
154,2177
154,2428
154,2919
154,3155
154,3879
154,4249
154,4404
154,4700
154,4798
154,5896
154,6194
154,6497
154,7067
154,7206
154,7261
154,7479
154,8269
154,8364
154,8571
154,9328
154,9464
154,9481
154,9673
154,9731
154,10617
154,10679
154,11246
154,11581
154,11721
154,13280
154,13307
154,13325
154,13554
154,14765
154,15582
154,16939
154,18341
154,18809
154,18827
154,18900
154,19550
154,19659
154,19865
155,251
155,291
155,365
155,409
155,536
155,557
155,994
155,1123
155,1246
155,1495
155,1522
155,1586
155,1676
155,1850
155,1887
155,1966
155,2253
155,2285
155,2650
155,2828
155,3108
155,3420
155,3527
155,3593
155,3727
155,3756
155,3909
155,3928
155,4347
155,4487
155,4623
155,4783
155,4906
155,5287
155,5336
155,6878
155,6997
155,7197
155,7427
155,7955
155,8675
155,9661
155,10677
155,10915
155,10922
155,11158
155,11207
155,11918
155,11932
155,12234
155,14638
155,14643
155,15520
155,15774
155,16009
155,16699
155,18560
156,180
156,257
156,259
156,299
156,389
156,514
156,548
156,1397
156,1399
156,2151
156,2672
156,3003
156,3307
156,3601
156,4084
156,4286
156,5218
156,5305
156,6418
156,6754
156,7380
156,7938
156,8095
156,8781
156,9094
156,9171
156,9593
156,10253
156,12282
156,13669
156,14369
156,14846
156,16441
156,17609
156,17981
156,19312
157,160
157,285
157,341
157,395
157,400
157,475
157,491
157,495
157,628
157,638
157,700
157,846
157,1070
157,1359
157,1386
157,1620
157,1822
157,1862
157,1878
157,1879
157,1998
157,2235
157,2363
157,2662
157,3659
157,4301
157,5136
157,5166
157,5954
157,6489
157,7879
157,8956
157,9355
157,9482
157,9625
157,9770
157,10724
157,10942
157,11110
157,11205
157,11267
157,11519
157,11758
157,12634
157,12754
157,14942
157,15194
157,15533
157,15689
157,15867
157,16787
157,17014
157,18853
158,232
158,377
158,593
158,684
158,801
158,1188
158,1694
158,1981
158,2041
158,2078
158,2969
158,3224
158,3518
158,4035
158,4080
158,4399
158,4412
158,4446
158,4979
158,5237
158,5433
158,5786
158,5962
158,6296
158,6559
158,6606
158,6712
158,7026
158,7257
158,7575
158,8144
158,8207
158,8896
158,8956
158,9181
158,10588
158,12659
158,13261
158,13336
158,13412
158,15164
158,15821
158,16038
158,16348
158,16525
158,16786
158,17758
159,199
159,221
159,367
159,711
159,718
159,954
159,995
159,1923
159,3293
159,3387
159,3643
159,4147
159,5283
159,5450
159,6754
159,7724
159,7964
159,8001
159,9076
159,10304
159,15027
159,15269
159,16881
160,165
160,206
160,228
160,260
160,310
160,451
160,523
160,545
160,563
160,680
160,765
160,814
160,936
160,1074
160,1299
160,1519
160,1590
160,1756
160,1852
160,2316
160,2319
160,2421
160,2707
160,2911
160,2993
160,3000
160,3152
160,3283
160,3581
160,4562
160,4578
160,5282
160,5888
160,6408
160,6496
160,6552
160,6898
160,7130
160,7937
160,7981
160,8014
160,8943
160,9140
160,9506
160,9629
160,9707
160,10189
160,10345
160,10389
160,10494
160,11072
160,11310
160,11530
160,11935
160,12074
160,12639
160,12915
160,13360
160,13525
160,14556
160,14759
160,15449
160,15740
160,16843
160,17013
160,17594
160,17932
160,18586
160,19473
160,19540
160,19597
161,176
161,198
161,222
161,234
161,315
161,786
161,1077
161,1153
161,1514
161,1595
161,1604
161,1710
161,1942
161,1993
161,2557
161,2574
161,2834
161,2935
161,3001
161,3046
161,3244
161,3308
161,3973
161,4081
161,4220
161,5597
161,6015
161,6030
161,6079
161,7439
161,7477
161,7518
161,7727
161,8021
161,8457
161,8798
161,8830
161,8909
161,9289
161,9458
161,9467
161,9922
161,9999
161,10725
161,11104
161,12107
161,12118
161,12399
161,12461
161,12643
161,13796
161,13894
161,14689
161,14825
161,15342
161,16225
161,16621
161,16713
161,17539
161,17790
161,18131
161,18718
161,18738
161,19389
162,239
162,455
162,476
162,494
162,595
162,645
162,756
162,892
162,1068
162,1138
162,1215
162,1799
162,2902
162,4431
162,4492
162,4521
162,4959
162,4991
162,5272
162,5345
162,5725
162,6070
162,6479
162,6668
162,7262
162,7398
162,8207
162,8480
162,8873
162,9007
162,9460
162,9492
162,9764
162,10518
162,10982
162,11178
162,11229
162,11416
162,11553
162,12077
162,12408
162,12479
162,13436
162,14162
162,14176
162,16405
162,17887
163,177
163,341
163,852
163,1134
163,1329
163,2375
163,2897
163,3594
163,3969
163,4212
163,5911
163,6713
163,7028
163,7032
163,7484
163,8019
163,8022
163,10130
163,11687
163,12197
163,13217
163,13238
163,13521
163,13704
163,14220
163,16850
163,16961
163,17945
163,18102
163,19200
163,19217
164,394
164,466
164,656
164,865
164,899
164,959
164,1444
164,1511
164,1695
164,1831
164,2051
164,2162
164,3040
164,3069
164,3221
164,3608
164,3625
164,3891
164,4135
164,5375
164,5535
164,5788
164,5991
164,6087
164,6243
164,6546
164,7150
164,7464
164,7520
164,7563
164,8318
164,10167
164,10866
164,12396
164,13256
164,14606
164,15055
164,16365
164,16518
164,17088
164,18606
164,18848
164,18864
164,19145
164,19167
164,19712
164,19958
165,348
165,439
165,471
165,539
165,553
165,855
165,874
165,909
165,1023
165,1244
165,1401
165,1508
165,1610
165,1634
165,2471
165,2627
165,2955
165,5328
165,6089
165,7599
165,9018
165,9181
165,9919
165,12188
165,12871
165,13582
165,14514
165,15203
165,15418
165,15993
165,16210
165,16776
165,17059
165,19026
165,19248
166,177
166,250
166,307
166,465
166,580
166,639
166,685
166,705
166,800
166,867
166,1218
166,1228
166,1360
166,1493
166,1581
166,1861
166,1974
166,2205
166,2559
166,3170
166,3297
166,3774
166,3884
166,3904
166,4466
166,4481
166,4631
166,4679
166,4838
166,4985
166,5198
166,5304
166,5471
166,5640
166,6566
166,7343
166,7656
166,7694
166,7770
166,7778
166,7986
166,8524
166,8616
166,8779
166,8792
166,9036
166,9266
166,9763
166,10151
166,11268
166,12109
166,12827
166,13279
166,13350
166,13514
166,14138
166,14542
166,14885
166,15209
166,15970
166,16011
166,16061
166,16260
166,17231
166,17287
166,17995
166,18242
166,18708
166,19447
167,227
167,249
167,266
167,312
167,483
167,535
167,830
167,853
167,941
167,963
167,993
167,1130
167,1240
167,1364
167,1668
167,1775
167,2384
167,2503
167,2561
167,2839
167,2938
167,3216
167,3455
167,4171
167,4511
167,4533
167,4750
167,5323
167,7422
167,7759
167,8261
167,8783
167,8867
167,10240
167,11621
167,11908
167,12582
167,12723
167,13750
167,14475
167,14676
167,16057
167,16081
167,16249
167,16775
167,17078
167,17118
167,17695
167,18402
167,19574
167,19633
167,19717
168,410
168,426
168,611
168,934
168,1024
168,1131
168,1310
168,1583
168,1599
168,1823
168,2244
168,2360
168,2551
168,2630
168,2652
168,2935
168,3020
168,3098
168,3191
168,3208
168,3290
168,3719
168,4112
168,4171
168,5200
168,5256
168,5313
168,5667
168,5942
168,5955
168,6675
168,6704
168,7535
168,7592
168,8390
168,9206
168,9672
168,10632
168,11132
168,11785
168,13136
168,13359
168,13597
168,14294
168,14903
168,16093
168,16949
168,17361
168,17408
168,17444
168,18545
168,19729
169,188
169,274
169,397
169,430
169,607
169,4523
169,5358
169,6397
169,7427
169,7552
169,9368
169,9490
169,10372
169,12212
169,15783
169,16566
169,17551
169,18028
170,314
170,315
170,482
170,501
170,509
170,694
170,832
170,848
170,933
170,1052
170,1071
170,1226
170,1377
170,1550
170,2003
170,2135
170,2217
170,2494
170,2704
170,2907
170,3395
170,3477
170,3578
170,3656
170,3854
170,4075
170,4729
170,4737
170,4746
170,4773
170,5209
170,5528
170,5540
170,6853
170,7278
170,8018
170,8117
170,8425
170,8438
170,8831
170,9632
170,10102
170,10633
170,10825
170,11422
170,11595
170,11737
170,12381
170,12805
170,14378
170,14383
170,15751
170,16992
170,18073
170,18129
170,18384
170,18571
170,19158
170,19552
170,19769
170,19814
171,202
171,206
171,526
171,540
171,1744
171,1862
171,1956
171,2280
171,2314
171,2329
171,2514
171,3324
171,3360
171,3584
171,3840
171,4187
171,4449
171,4477
171,5213
171,5240
171,5525
171,5968
171,6261
171,6526
171,7139
171,8728
171,9102
171,9986
171,10325
171,11635
171,12401
171,12566
171,12700
171,16587
171,16605
171,17257
171,18335
171,18491
171,19580
172,226
172,546
172,891
172,980
172,1160
172,1179
172,1240
172,1301
172,1392
172,1412
172,1925
172,1998
172,3500
172,4344
172,4365
172,4628
172,4821
172,5523
172,6036
172,6441
172,6909
172,7019
172,7075
172,8545
172,8619
172,10596
172,12058
172,13292
172,13329
172,13363
172,13434
172,13450
172,13467
172,13622
172,13727
172,15088
172,17037
172,17164
172,17555
172,17710
172,17954
172,19375
172,19817
173,191
173,209
173,233
173,249
173,300
173,361
173,418
173,526
173,641
173,777
173,1062
173,1153
173,1405
173,1433
173,1460
173,1646
173,1697
173,2002
173,2270
173,2302
173,2347
173,2498
173,2736
173,2833
173,3032
173,3325
173,3390
173,3608
173,4631
173,4754
173,5058
173,5246
173,5649
173,6327
173,6727
173,6850
173,7374
173,7470
173,7576
173,7789
173,8862
173,9093
173,9337
173,9414
173,9800
173,10864
173,10902
173,11309
173,11537
173,12053
173,12168
173,13487
173,14235
173,15154
173,15631
173,15950
173,16047
173,16100
173,16503
173,16834
173,17618
173,17625
173,18729
173,18753
174,218
174,257
174,258
174,303
174,375
174,473
174,477
174,579
174,672
174,681
174,757
174,785
174,860
174,941
174,968
174,1005
174,1200
174,1506
174,1591
174,1647
174,1654
174,1789
174,1940
174,1945
174,1978
174,2148
174,2243
174,2522
174,2840
174,3008
174,3109
174,3150
174,3670
174,3707
174,4493
174,4858
174,5368
174,5528
174,6362
174,6463
174,6517
174,6662
174,6900
174,6988
174,7234
174,7355
174,7690
174,7810
174,8206
174,9524
174,9525
174,9773
174,10312
174,10943
174,11541
174,11874
174,12225
174,12280
174,13221
174,13339
174,13349
174,13360
174,13526
174,13602
174,14258
174,14494
174,14513
174,14546
174,16347
174,16928
174,17415
174,17776
174,18906
174,19278
174,19470
175,391
175,837
175,1232
175,1790
175,1809
175,2116
175,2125
175,2282
175,2304
175,2320
175,2589
175,2757
175,3048
175,3794
175,6224
175,6419
175,7494
175,7930
175,8409
175,9170
175,9444
175,10937
175,11708
175,11772
175,12178
175,12383
175,13846
175,14610
175,15483
175,16507
175,17539
175,18260
175,19033
175,19494
175,19636
176,257
176,299
176,386
176,613
176,655
176,662
176,669
176,720
176,794
176,814
176,845
176,926
176,956
176,1023
176,1060
176,1098
176,1181
176,1564
176,1766
176,1934
176,2096
176,2160
176,2216
176,2622
176,2659
176,2727
176,2744
176,2828
176,2926
176,3065
176,3269
176,3320
176,3440
176,3816
176,4142
176,4210
176,4333
176,4560
176,4766
176,5239
176,5689
176,5863
176,5921
176,6004
176,6076
176,6205
176,6337
176,7802
176,8093
176,8152
176,9357
176,9376
176,10185
176,10274
176,10543
176,11491
176,12725
176,13445
176,13588
176,14191
176,14403
176,14769
176,15179
176,15956
176,16029
176,16104
176,18303
176,18887
176,18925
176,19554
177,442
177,1230
177,2032
177,2929
177,3406
177,4030
177,4965
177,5037
177,5300
177,6149
177,6311
177,6763
177,7426
177,8221
177,8562
177,10192
177,13781
177,16425
177,16589
178,238
178,303
178,414
178,545
178,688
178,836
178,1011
178,1245
178,1417
178,1543
178,2157
178,2679
178,2899
178,3007
178,3412
178,3621
178,4134
178,5135
178,5463
178,6270
178,6790
178,7338
178,7478
178,8125
178,9240
178,9344
178,9494
178,9608
178,10186
178,10731
178,11953
178,15676
178,15804
178,16899
178,17344
178,18145
178,18450
178,19163
178,19509
178,19673
178,19868
179,274
179,283
179,700
179,709
179,1079
179,1116
179,1222
179,1307
179,1556
179,1807
179,2027
179,2689
179,2937
179,3052
179,3977
179,4294
179,4300
179,5128
179,5190
179,5428
179,5573
179,5866
179,5909
179,7338
179,8130
179,8445
179,9835
179,10955
179,11429
179,11626
179,12412
179,13573
179,14468
179,14822
179,14950
179,15226
179,16222
179,17136
179,17932
179,19648
179,19803
180,204
180,292
180,314
180,390
180,426
180,640
180,669
180,675
180,806
180,1200
180,1563
180,2677
180,3265
180,4411
180,4746
180,5600
180,5750
180,5798
180,5813
180,6567
180,7306
180,9215
180,9461
180,10113
180,10262
180,11581
180,12672
180,13724
180,13940
180,14096
180,14713
180,15411
180,16451
180,16780
180,17613
180,18420
180,18718
180,18963
180,19534
180,19749
181,285
181,726
181,964
181,1010
181,1144
181,1284
181,2510
181,2738
181,2774
181,3077
181,4979
181,6175
181,6320
181,6377
181,6986
181,7008
181,7370
181,7543
181,8714
181,9095
181,11008
181,11322
181,12747
181,13551
181,15605
181,15752
182,230
182,529
182,544
182,711
182,717
182,1066
182,1314
182,1362
182,1439
182,1454
182,1508
182,1536
182,1803
182,1902
182,2069
182,2339
182,2491
182,2795
182,3438
182,3481
182,3731
182,3915
182,4543
182,4871
182,5794
182,6061
182,6328
182,6820
182,6876
182,7460
182,7607
182,7621
182,8099
182,8803
182,9497
182,9556
182,10485
182,10775
182,10785
182,10860
182,12782
182,13648
182,14388
182,14987
182,16015
182,16321
182,16847
182,17881
182,18533
182,19654
182,19908
183,313
183,317
183,410
183,506
183,515
183,536
183,1157
183,1289
183,1462
183,1638
183,1698
183,1819
183,2006
183,2171
183,2444
183,2464
183,2724
183,2890
183,2968
183,3018
183,3118
183,3174
183,3313
183,3323
183,3550
183,4041
183,5923
183,6071
183,6354
183,6412
183,6767
183,7057
183,7646
183,7718
183,7771
183,8761
183,10029
183,10405
183,12847
183,13393
183,13764
183,14144
183,14296
183,14884
183,17272
183,18046
183,18795
183,19630
184,339
184,504
184,594
184,823
184,979
184,1018
184,1458
184,1646
184,1992
184,2530
184,2536
184,2663
184,2808
184,2865
184,3378
184,3506
184,4337
184,4684
184,4890
184,5424
184,6684
184,8548
184,8681
184,10999
184,11520
184,12477
184,12982
184,13419
184,13723
184,13829
184,14861
184,15266
184,16617
184,17516
184,18218
184,19168
184,19237
185,237
185,244
185,504
185,660
185,689
185,931
185,1176
185,1184
185,1215
185,1254
185,1616
185,1808
185,2016
185,2097
185,2442
185,2766
185,2895
185,3269
185,3419
185,3748
185,4573
185,4603
185,6348
185,8214
185,8758
185,9491
185,9852
185,10112
185,10148
185,10702
185,10820
185,10904
185,11163
185,11250
185,11396
185,11692
185,14612
185,15393
185,15555
185,15667
185,16564
185,18039
185,18195
185,18959
185,19251
186,230
186,259
186,275
186,362
186,532
186,624
186,831
186,1067
186,1465
186,1527
186,1612
186,1741
186,1831
186,1945
186,2088
186,2092
186,4109
186,4425
186,4633
186,4960
186,5589
186,5904
186,7321
186,7981
186,8341
186,8645
186,9026
186,9221
186,9525
186,12464
186,13967
186,14029
186,15684
186,16313
186,17017
186,19153
187,220
187,225
187,270
187,392
187,745
187,758
187,1147
187,1361
187,1395
187,1494
187,1742
187,1757
187,1925
187,1993
187,2153
187,2392
187,2898
187,3054
187,3256
187,4087
187,4234
187,4550
187,4795
187,4919
187,4927
187,6119
187,6198
187,6587
187,6623
187,6910
187,8869
187,9320
187,9926
187,9967
187,10839
187,11137
187,11221
187,11411
187,13704
187,14717
187,15201
187,15320
187,15846
187,16848
187,16922
187,17428
187,17753
187,17814
187,17956
187,18396
187,18958
188,271
188,327
188,363
188,381
188,430
188,463
188,692
188,755
188,828
188,843
188,867
188,1085
188,1126
188,1343
188,1348
188,1367
188,1396
188,1425
188,1478
188,1649
188,1677
188,1741
188,2044
188,2120
188,2249
188,2301
188,2545
188,2625
188,2643
188,3029
188,3058
188,3106
188,3235
188,3374
188,3405
188,3428
188,3822
188,3910
188,4128
188,4590
188,4663
188,4874
188,5161
188,6197
188,6336
188,7597
188,7695
188,7788
188,8227
188,8975
188,9904
188,9912
188,10018
188,10473
188,10858
188,10929
188,11004
188,11879
188,12169
188,12516
188,12632
188,13183
188,13478
188,14057
188,14986
188,14993
188,15406
188,15419
188,15504
188,16977
188,17004
188,17098
188,17806
188,18135
189,281
189,293
189,337
189,374
189,437
189,484
189,537
189,571
189,733
189,1318
189,1430
189,1599
189,1747
189,2215
189,2255
189,2576
189,3094
189,3595
189,3782
189,3853
189,3857
189,3964
189,4087
189,4358
189,5143
189,5182
189,5206
189,5230
189,5790
189,5895
189,5947
189,6220
189,6515
189,7549
189,7698
189,8538
189,10506
189,10901
189,11732
189,12615
189,13084
189,13219
189,13972
189,14322
189,14389
189,14679
189,14847
189,14963
189,15108
189,15342
189,15542
189,15754
189,16021
189,16474
189,16477
189,16877
189,17330
189,17566
189,18178
189,18206
189,18504
189,19531
189,19790
190,256
190,279
190,282
190,287
190,299
190,317
190,350
190,492
190,744
190,769
190,998
190,1055
190,1101
190,1486
190,1502
190,1872
190,1882
190,1885
190,1970
190,1976
190,2034
190,2059
190,2218
190,2674
190,2716
190,2741
190,2765
190,3380
190,3392
190,3414
190,3650
190,3986
190,4375
190,4421
190,4581
190,4622
190,4679
190,4803
190,4982
190,5002
190,5568
190,5733
190,6679
190,6725
190,8664
190,8778
190,9344
190,10214
190,10648
190,11086
190,11488
190,11968
190,12072
190,12712
190,12717
190,13104
190,13168
190,13868
190,14297
190,15129
190,15495
190,16850
190,17731
190,17752
190,17968
190,18376
190,19492
190,19512
190,19950
191,221
191,586
191,927
191,938
191,959
191,1378
191,2056
191,2454
191,3341
191,4443
191,4822
191,6228
191,6514
191,9042
191,9982
191,10162
191,11889
191,12217
191,12646
191,12936
191,13472
191,17112
191,17773
192,200
192,271
192,273
192,280
192,684
192,704
192,761
192,838
192,867
192,964
192,997
192,1021
192,1068
192,1080
192,1091
192,1411
192,1734
192,1772
192,2006
192,2171
192,2352
192,2509
192,2559
192,2698
192,2772
192,2779
192,2881
192,2900
192,3022
192,3199
192,3265
192,3338
192,3468
192,3706
192,3864
192,4355
192,4672
192,4730
192,4848
192,4916
192,5119
192,5194
192,5493
192,5571
192,6019
192,6162
192,6280
192,6516
192,6597
192,6624
192,6837
192,6847
192,7547
192,7754
192,7783
192,7902
192,8052
192,8070
192,8147
192,8650
192,8808
192,10380
192,10472
192,10748
192,10881
192,10929
192,11056
192,11467
192,11653
192,11676
192,12154
192,12610
192,12785
192,13489
192,13529
192,13573
192,14773
192,15274
192,15441
192,15626
192,16056
192,16898
192,17105
192,17116
192,17677
192,17939
192,18468
192,18616
192,18790
192,18818
192,19201
192,19212
192,19306
192,19416
193,235
193,286
193,630
193,634
193,3578
193,3605
193,4038
193,5853
193,5953
193,6317
193,6927
193,7560
193,7595
193,7941
193,9160
193,9499
193,9752
193,13022
193,13141
193,13711
193,15828
193,16777
193,18235
193,19474
193,19711
194,334
194,560
194,637
194,773
194,797
194,923
194,936
194,972
194,1139
194,1312
194,1403
194,1833
194,2034
194,2180
194,2321
194,2760
194,2888
194,2889
194,3231
194,3296
194,3550
194,4723
194,4894
194,7749
194,7888
194,8062
194,8083
194,8843
194,8997
194,9002
194,9482
194,9806
194,10343
194,10670
194,10796
194,10984
194,11632
194,11964
194,12171
194,12384
194,13928
194,14054
194,14311
194,15335
194,15386
194,15406
194,15478
194,15860
194,16343
194,18896
194,19154
194,19838
194,19875
194,19919
195,236
195,485
195,767
195,798
195,820
195,1213
195,1600
195,2114
195,3236
195,5248
195,5662
195,6904
195,10455
195,10717
195,15013
195,17631
196,248
196,271
196,528
196,530
196,698
196,1104
196,1683
196,1693
196,1943
196,2806
196,4205
196,4222
196,4544
196,5422
196,5514
196,6417
196,6861
196,7049
196,8257
196,8350
196,9831
196,10196
196,11146
196,11749
196,11818
196,11820
196,11926
196,14208
196,16949
196,19356
196,19901
196,19994
197,394
197,500
197,850
197,890
197,903
197,927
197,1069
197,1170
197,1344
197,1410
197,1595
197,1809
197,1890
197,1919
197,2036
197,2204
197,2675
197,3339
197,3453
197,3909
197,4021
197,4191
197,5075
197,5565
197,5985
197,6017
197,6731
197,6827
197,7138
197,7619
197,8027
197,9899
197,11190
197,11694
197,12270
197,13037
197,13238
197,13512
197,13791
197,13962
197,14151
197,14449
197,14816
197,15588
197,15637
197,16547
197,16720
197,18417
197,19073
197,19390
198,205
198,223
198,310
198,380
198,406
198,430
198,438
198,502
198,603
198,646
198,712
198,718
198,774
198,778
198,896
198,1009
198,1043
198,1054
198,1191
198,1304
198,1372
198,1482
198,1504
198,1541
198,1563
198,1748
198,1776
198,2315
198,2367
198,2465
198,2474
198,2736
198,2767
198,2768
198,2811
198,3045
198,3071
198,3294
198,3772
198,3786
198,3898
198,4313
198,4343
198,4648
198,5237
198,5284
198,5480
198,5524
198,5733
198,5988
198,6140
198,6159
198,6282
198,6567
198,7544
198,7650
198,7651
198,7882
198,7910
198,7952
198,8783
198,9053
198,10116
198,10546
198,10578
198,10660
198,11563
198,12131
198,12146
198,12952
198,13149
198,13829
198,14288
198,14439
198,14539
198,14824
198,15092
198,15234
198,15272
198,15588
198,15866
198,15918
198,16020
198,16148
198,16693
198,16915
198,17081
198,18130
198,19593
198,19603
198,19747
199,336
199,1217
199,2612
199,2744
199,2862
199,3470
199,4255
199,4308
199,5146
199,5732
199,6542
199,6867
199,9268
199,10914
199,11158
199,12553
199,12919
199,13663
199,14275
199,14884
199,15066
199,16300
199,16649
199,17415
199,18941
199,19723
200,987
200,2782
200,3216
200,3554
200,3622
200,4151
200,6582
200,7533
200,8518
200,12257
200,13185
200,17719
200,19297
201,370
201,580
201,807
201,1141
201,1524
201,1657
201,1716
201,2412
201,3285
201,3628
201,3919
201,3960
201,4721
201,5247
201,5431
201,5561
201,5724
201,6084
201,6749
201,8646
201,9286
201,9965
201,13479
201,14052
201,14220
201,15946
201,17870
201,17898
201,18078
201,18088
201,18612
201,18942
201,19453
201,19990
202,216
202,239
202,290
202,335
202,821
202,914
202,963
202,1083
202,1473
202,1577
202,1580
202,2321
202,2461
202,5496
202,5521
202,5744
202,5775
202,7187
202,7298
202,7879
202,9165
202,9276
202,9307
202,10039
202,10566
202,10706
202,10722
202,11071
202,11668
202,12113
202,12489
202,13320
202,13798
202,13947
202,13955
202,14750
202,15733
202,16527
202,16554
202,16934
202,18702
203,208
203,212
203,303
203,450
203,484
203,540
203,546
203,597
203,609
203,620
203,639
203,750
203,752
203,755
203,763
203,790
203,859
203,1030
203,1140
203,1158
203,1284
203,1468
203,1531
203,1549
203,1612
203,1694
203,1782
203,1794
203,1865
203,1871
203,1948
203,1990
203,2129
203,2245
203,2246
203,2315
203,2690
203,2708
203,3322
203,3437
203,3969
203,4181
203,4276
203,4562
203,4725
203,5014
203,5041
203,5175
203,5316
203,6728
203,6917
203,8090
203,8325
203,8773
203,9452
203,9643
203,9841
203,9863
203,10431
203,10581
203,10590
203,11342
203,11352
203,11491
203,11508
203,12000
203,12472
203,12893
203,13300
203,13896
203,14506
203,15021
203,15998
203,16025
203,16341
203,16919
203,16974
203,17362
203,17573
203,17765
203,19324
203,19706
204,228
204,635
204,969
204,985
204,1167
204,1186
204,1362
204,1524
204,2056
204,2136
204,2283
204,2352
204,2435
204,2445
204,2692
204,3453
204,3744
204,3916
204,4180
204,4299
204,5976
204,6472
204,6497
204,6580
204,6764
204,6936
204,7107
204,8121
204,8196
204,8266
204,8876
204,9801
204,10430
204,11364
204,12056
204,13407
204,13834
204,14297
204,14534
204,16329
204,16682
204,16946
204,19005
204,19985
205,219
205,275
205,443
205,501
205,548
205,553
205,766
205,871
205,1038
205,1138
205,1335
205,1485
205,1530
205,2023
205,2297
205,3229
205,3310
205,3799
205,3803
205,3806
205,4152
205,4216
205,4237
205,4510
205,4541
205,6096
205,6430
205,6509
205,7729
205,8393
205,8603
205,8938
205,9362
205,9614
205,9759
205,9835
205,10014
205,11209
205,11300
205,11888
205,12096
205,13222
205,13308
205,15421
205,16278
205,16549
205,16685
205,17855
205,18006
205,18537
205,18881
206,255
206,476
206,588
206,697
206,920
206,965
206,1016
206,1103
206,1274
206,1297
206,2111
206,2386
206,2389
206,2507
206,2769
206,2835
206,2864
206,2949
206,3052
206,3164
206,3549
206,3571
206,3579
206,3687
206,3841
206,4087
206,4124
206,4148
206,4289
206,4770
206,5403
206,5570
206,5602
206,6126
206,7710
206,8884
206,9056
206,9694
206,10084
206,11975
206,12545
206,12870
206,13881
206,13979
206,14339
206,14917
206,15141
206,15461
206,17021
206,19202
206,19329
207,223
207,507
207,524
207,667
207,679
207,714
207,821
207,882
207,1935
207,2077
207,2195
207,2717
207,3501
207,3691
207,3721
207,4383
207,5256
207,5518
207,6002
207,6367
207,6725
207,6761
207,7219
207,7227
207,7510
207,8164
207,9157
207,11861
207,13238
207,13276
207,13414
207,13472
207,13817
207,14076
207,14490
207,14757
207,16059
207,16403
207,16609
207,16954
207,19075
208,234
208,309
208,412
208,1032
208,1911
208,2066
208,2124
208,3108
208,3617
208,3646
208,4627
208,5445
208,5769
208,7823
208,8060
208,8514
208,10647
208,12868
208,14527
208,14851
208,15497
208,16446
208,18850
208,19246
208,19629
209,311
209,387
209,448
209,517
209,678
209,793
209,1053
209,1152
209,1180
209,1742
209,2223
209,5063
209,6017
209,6256
209,6298
209,7497
209,7674
209,8752
209,8944
209,9993
209,10182
209,11334
209,14962
209,18327
209,18871
210,224
210,247
210,367
210,376
210,416
210,566
210,719
210,1038
210,1074
210,1465
210,1777
210,1951
210,1985
210,2125
210,2703
210,2938
210,3214
210,3262
210,3521
210,3543
210,3824
210,3920
210,4031
210,4510
210,4594
210,4892
210,5043
210,5077
210,5795
210,6236
210,6794
210,7017
210,7038
210,7101
210,7251
210,7739
210,8049
210,8456
210,8570
210,8776
210,9107
210,9138
210,10069
210,10497
210,11857
210,11925
210,11968
210,12078
210,12353
210,12686
210,13594
210,13609
210,13901
210,14068
210,14390
210,14817
210,15352
210,15534
210,16114
210,16774
210,17590
210,18047
210,18216
210,18794
210,19333
210,19672
210,19699
211,338
211,568
211,615
211,859
211,863
211,3496
211,3651
211,3696
211,4384
211,4914
211,5177
211,5660
211,5765
211,6281
211,6808
211,7124
211,8275
211,8638
211,9567
211,10129
211,11504
211,12525
211,12910
211,13031
211,13124
211,13265
211,14751
211,14920
211,15817
211,18070
212,218
212,289
212,331
212,333
212,356
212,393
212,759
212,1086
212,1244
212,1491
212,1589
212,1651
212,1801
212,2038
212,2365
212,2925
212,3639
212,4048
212,4154
212,4568
212,4876
212,5344
212,5484
212,5560
212,5751
212,5836
212,5961
212,6136
212,7499
212,7743
212,8784
212,8883
212,9269
212,10876
212,11572
212,12363
212,12599
212,12890
212,13214
212,13327
212,13662
212,14010
212,15302
212,15365
212,15426
212,16927
212,18913
212,19321
213,321
213,540
213,748
213,835
213,878
213,1333
213,1432
213,1456
213,1521
213,1558
213,1877
213,2036
213,2060
213,2713
213,2892
213,2906
213,3161
213,3264
213,3332
213,3555
213,3625
213,4203
213,5534
213,5587
213,5770
213,5976
213,6009
213,6496
213,6516
213,6737
213,6815
213,7073
213,7494
213,7715
213,8320
213,8837
213,9853
213,11458
213,12248
213,12492
213,12583
213,12961
213,13434
213,13478
213,13728
213,14356
213,14484
213,14505
213,14752
213,15176
213,15206
213,15677
213,16554
213,17307
213,17498
213,17772
213,18471
213,18913
214,304
214,900
214,1057
214,1113
214,2073
214,2098
214,2284
214,2807
214,3394
214,3738
214,3813
214,4586
214,5488
214,6360
214,6825
214,7274
214,9293
214,9544
214,10848
214,12443
214,13614
214,13820
214,14154
214,14608
214,15125
214,17130
214,17224
214,18211
214,18604
214,18648
214,18947
214,19595
215,495
215,555
215,1617
215,2164
215,2548
215,2717
215,3493
215,5856
215,6702
215,8140
215,8867
215,9803
215,10020
215,11256
215,11408
215,11957
215,12228
215,12263
215,13588
215,14193
215,15931
215,16212
215,16832
215,17423
215,17520
215,17989
215,18316
216,624
216,2124
216,2189
216,2648
216,4360
216,4572
216,5925
216,8696
216,9069
216,10442
216,10801
216,11088
216,12154
216,12264
216,12291
216,14985
216,15395
216,16824
216,18265
216,19325
217,413
217,1216
217,1368
217,1380
217,1441
217,1525
217,1666
217,2029
217,2253
217,3037
217,3606
217,3869
217,4322
217,5083
217,5405
217,5583
217,5598
217,5753
217,6326
217,6674
217,6942
217,8899
217,9615
217,11887
217,12665
217,12804
217,13532
217,13942
217,14370
217,15921
217,16082
217,16308
217,17265
217,19307
218,273
218,325
218,499
218,552
218,626
218,778
218,829
218,832
218,1036
218,1058
218,1070
218,1262
218,1570
218,1774
218,2024
218,2275
218,2722
218,3694
218,3760
218,3812
218,4357
218,6135
218,6136
218,6372
218,6555
218,7087
218,7373
218,8408
218,8437
218,9979
218,13900
218,14426
218,15674
218,16035
218,16661
218,16855
219,318
219,340
219,643
219,726
219,919
219,1130
219,1229
219,1391
219,1748
219,1989
219,2452
219,3153
219,3681
219,5005
219,5043
219,5158
219,5755
219,5975
219,6014
219,6197
219,6223
219,6716
219,6960
219,7530
219,8349
219,9085
219,9843
219,10457
219,10878
219,10988
219,11185
219,11554
219,13634
219,14552
219,14624
219,15612
219,16107
219,16112
219,17310
219,17916
219,18167
219,18408
220,306
220,351
220,357
220,876
220,1020
220,1299
220,1308
220,1313
220,1345
220,1351
220,1423
220,1992
220,2321
220,2456
220,2546
220,2611
220,2719
220,2761
220,3298
220,3522
220,3560
220,3769
220,3899
220,3919
220,4200
220,5346
220,5356
220,5531
220,5800
220,6470
220,6874
220,7192
220,7259
220,7893
220,8193
220,9452
220,9474
220,9586
220,10016
220,11266
220,11867
220,12134
220,12256
220,12678
220,12939
220,15668
220,16546
220,17621
220,17986
220,18381
220,19242
221,441
221,456
221,475
221,888
221,1066
221,1081
221,1259
221,1482
221,1683
221,1807
221,1885
221,2529
221,2581
221,2759
221,3181
221,3513
221,3968
221,5783
221,6156
221,8302
221,8594
221,8650
221,9235
221,9977
221,10602
221,12005
221,12047
221,12517
221,13187
221,13214
221,13984
221,14228
221,15611
221,15801
221,17166
221,17665
221,19066
221,19573
222,233
222,468
222,662
222,815
222,999
222,2934
222,4453
222,4601
222,6348
222,7611
222,10041
222,11108
222,14417
222,14527
222,19630
223,228
223,364
223,500
223,568
223,971
223,1014
223,1062
223,1167
223,1521
223,1583
223,1615
223,1690
223,1740
223,1937
223,2081
223,2880
223,2985
223,3055
223,5259
223,5567
223,7030
223,7086
223,8491
223,8773
223,8866
223,9199
223,9506
223,10459
223,11518
223,12673
223,12740
223,13311
223,13849
223,14828
223,14907
223,15406
223,16095
223,16916
223,17289
223,18323
223,18808
223,19036
223,19895
224,250
224,388
224,542
224,589
224,599
224,688
224,1067
224,1133
224,1255
224,1301
224,1312
224,1339
224,1583
224,1648
224,2122
224,2539
224,2739
224,2927
224,2982
224,3555
224,3671
224,4321
224,4705
224,4880
224,5102
224,5141
224,5401
224,5632
224,5641
224,5703
224,5771
224,6096
224,6686
224,6856
224,7019
224,7201
224,7312
224,7797
224,7814
224,8079
224,8635
224,10257
224,10394
224,10496
224,10651
224,11268
224,11283
224,11314
224,11646
224,12003
224,12229
224,12379
224,12407
224,13133
224,13165
224,13251
224,13547
224,14289
224,14631
224,15831
224,16839
224,18638
224,18973
224,19086
224,19096
224,19555
224,19650
225,246
225,592
225,965
225,1058
225,1203
225,1262
225,1738
225,2107
225,2388
225,2527
225,4600
225,4611
225,5334
225,5351
225,8238
225,9224
225,10493
225,11131
225,11301
225,11513
225,13919
225,14071
225,14609
225,16490
225,18757
225,19258
226,228
226,816
226,1301
226,1332
226,2252
226,2334
226,2624
226,2633
226,3581
226,3822
226,4562
226,6471
226,7474
226,7476
226,7832
226,8380
226,8546
226,9119
226,9886
226,11534
226,11946
226,17276
226,17647
226,17685
226,19662
226,19751
226,19888
227,393
227,463
227,483
227,745
227,781
227,1490
227,1722
227,1756
227,1761
227,2377
227,2535
227,2738
227,2739
227,3029
227,4421
227,4571
227,5853
227,5885
227,6207
227,6387
227,6539
227,6811
227,7907
227,8334
227,8995
227,9401
227,10041
227,12071
227,12816
227,14955
227,15179
227,17653
227,18107
227,18255
227,18463
227,19327
227,19907
228,236
228,399
228,494
228,585
228,817
228,819
228,833
228,1176
228,1618
228,1694
228,1714
228,1733
228,1746
228,1934
228,2050
228,2088
228,2468
228,2707
228,3105
228,3354
228,4182
228,4381
228,4748
228,4806
228,5355
228,5364
228,5797
228,5881
228,6215
228,6241
228,6912
228,7132
228,7150
228,7178
228,7799
228,7826
228,7914
228,7980
228,8303
228,8645
228,9906
228,10261
228,10537
228,11029
228,11892
228,13703
228,14180
228,14867
228,15247
228,15275
228,15306
228,15371
228,15427
228,15805
228,16358
228,16410
228,16960
228,17003
228,17650
228,18554
228,19024
228,19400
228,19469
228,19502
229,277
229,383
229,391
229,418
229,439
229,458
229,493
229,507
229,586
229,604
229,612
229,761
229,771
229,860
229,926
229,1100
229,1136
229,1165
229,1295
229,1357
229,1467
229,1595
229,1897
229,2543
229,2597
229,2837
229,3137
229,3585
229,3785
229,3863
229,4457
229,4482
229,4491
229,4652
229,5586
229,5945
229,6830
229,7680
229,9392
229,11196
229,11307
229,11668
229,12401
229,12428
229,13463
229,13893
229,14295
229,14892
229,15221
229,15243
229,15533
229,15751
229,16714
229,18336
229,18928
230,280
230,524
230,1148
230,2511
230,2640
230,2702
230,7888
230,8560
230,9333
230,10066
230,10326
230,10528
230,11111
230,11372
230,11728
230,11849
230,12181
230,14493
230,18336
230,18364
230,18730
231,393
231,714
231,936
231,1244
231,2024
231,2469
231,2992
231,2998
231,3371
231,5251
231,5561
231,6269
231,7122
231,7172
231,7357
231,8444
231,9004
231,10319
231,11197
231,11461
231,11813
231,11863
231,11968
231,12478
231,13220
231,13601
231,14071
231,17307
231,17492
231,18595
231,18959
231,19159
232,286
232,291
232,683
232,1051
232,1448
232,1462
232,2065
232,2363
232,2459
232,2568
232,2619
232,3228
232,3366
232,3687
232,4017
232,4403
232,4697
232,4756
232,4854
232,5372
232,7045
232,7673
232,8255
232,8522
232,8855
232,9336
232,9862
232,10162
232,10467
232,11317
232,11354
232,11978
232,13232
232,13346
232,13347
232,13891
232,14272
232,14651
232,15480
232,16779
232,16933
232,17820
232,19382
233,311
233,344
233,349
233,395
233,476
233,551
233,625
233,631
233,853
233,982
233,1098
233,1379
233,1405
233,1446
233,1754
233,2156
233,2620
233,2854
233,2966
233,3210
233,3562
233,3920
233,4492
233,4582
233,5063
233,5844
233,6026
233,6702
233,6723
233,7076
233,7141
233,7381
233,7464
233,7980
233,8716
233,9466
233,10752
233,10819
233,11229
233,11597
233,11681
233,12614
233,12751
233,13687
233,13732
233,13966
233,14575
233,14852
233,15265
233,15441
233,16042
233,16600
233,16624
233,16978
233,17466
233,18484
233,18633
234,253
234,292
234,577
234,610
234,673
234,856
234,1040
234,1043
234,1226
234,1369
234,1496
234,1904
234,2192
234,2199
234,2949
234,3848
234,4546
234,4743
234,5298
234,5963
234,6198
234,6797
234,7561
234,8914
234,8963
234,9353
234,10486
234,10530
234,11177
234,11339
234,12051
234,12352
234,12942
234,14479
234,15780
234,16583
234,17898
234,18354
234,18409
234,19637
235,326
235,364
235,1132
235,1264
235,1597
235,1631
235,1922
235,2168
235,2306
235,3212
235,3482
235,3501
235,3528
235,3641
235,4180
235,5110
235,5117
235,6161
235,7102
235,7453
235,8553
235,9282
235,9604
235,9819
235,10103
235,10111
235,10768
235,10938
235,11579
235,12145
235,14257
235,14651
235,16158
235,16264
235,16749
235,16795
235,18012
235,18477
235,18936
235,18971
235,19844
236,241
236,296
236,547
236,950
236,1016
236,1141
236,1278
236,1413
236,1532
236,1567
236,1644
236,1774
236,1832
236,2076
236,2110
236,2153
236,2532
236,2618
236,2749
236,3013
236,3231
236,4111
236,4919
236,5262
236,5483
236,5515
236,6677
236,6690
236,7018
236,11012
236,12493
236,13349
236,13617
236,14868
236,15850
236,16407
236,19310
236,19626
237,438
237,826
237,1038
237,1064
237,1134
237,1202
237,1326
237,1477
237,1480
237,1548
237,1556
237,1807
237,1811
237,2466
237,2997
237,3073
237,3172
237,3409
237,3666
237,3912
237,3935
237,4377
237,4556
237,4921
237,4945
237,5270
237,5701
237,5778
237,6024
237,7148
237,7300
237,7402
237,7429
237,8233
237,8844
237,9443
237,9770
237,9850
237,11079
237,11518
237,12399
237,12539
237,12611
237,15217
237,15246
237,17176
237,18114
237,18831
237,19128
237,19225
237,19230
237,19379
237,19961
238,366
238,391
238,426
238,488
238,1063
238,1172
238,2044
238,2599
238,2820
238,3038
238,3068
238,3468
238,4540
238,6227
238,6639
238,6883
238,8557
238,9866
238,10088
238,10144
238,10362
238,10933
238,15024
238,15228
238,17537
238,18067
238,18609
238,18964
238,19891
239,314
239,519
239,565
239,727
239,907
239,1400
239,1492
239,3101
239,4140
239,4807
239,5139
239,5885
239,6362
239,6854
239,6896
239,7231
239,7302
239,9116
239,9910
239,10088
239,11245
239,11258
239,11356
239,12339
239,12905
239,13243
239,14061
239,14782
239,15354
239,16737
239,19767
240,314
240,389
240,479
240,481
240,871
240,1466
240,1536
240,1669
240,2137
240,2402
240,2728
240,3443
240,3451
240,3463
240,3523
240,3598
240,4042
240,4165
240,4312
240,5007
240,5011
240,5392
240,5982
240,6082
240,6652
240,7596
240,8197
240,8218
240,9457
240,10495
240,10560
240,10750
240,11239
240,12367
240,14523
240,14902
240,15707
240,17236
240,17240
240,17306
240,17648
240,17872
240,17961
240,17977
240,18904
240,19440
240,19941
241,289
241,477
241,530
241,654
241,950
241,1178
241,1342
241,2298
241,2822
241,2823
241,3778
241,3967
241,4064
241,4657
241,4711
241,4944
241,5017
241,7630
241,9528
241,11330
241,12248
241,12341
241,12596
241,12603
241,13279
241,14164
241,14209
241,15275
241,15987
241,16623
241,16888
242,334
242,428
242,449
242,480
242,1302
242,1499
242,1508
242,1890
242,2090
242,2554
242,2630
242,2739
242,2922
242,3739
242,4304
242,4381
242,5240
242,5427
242,5590
242,5726
242,6501
242,6828
242,9593
242,10329
242,10842
242,10889
242,11358
242,12097
242,13013
242,13335
242,13853
242,15297
242,15727
242,16066
242,16889
242,17192
242,17842
243,346
243,608
243,613
243,762
243,778
243,1133
243,1270
243,1366
243,1678
243,1989
243,2718
243,2747
243,3046
243,3148
243,3655
243,3760
243,4251
243,4472
243,6625
243,6710
243,7951
243,9524
243,9664
243,10402
243,11473
243,11758
243,14677
243,14744
243,15085
243,15140
243,15747
243,19217
244,277
244,675
244,906
244,962
244,979
244,991
244,1042
244,1756
244,2085
244,3933
244,4471
244,4794
244,5851
244,6462
244,7132
244,7199
244,7628
244,7676
244,7690
244,9771
244,10525
244,11362
244,14126
244,14223
244,16666
244,17458
245,257
245,415
245,1059
245,2227
245,2758
245,4844
245,10270
245,10584
245,10889
245,12050
245,18987
246,496
246,504
246,553
246,588
246,809
246,850
246,862
246,1116
246,1216
246,1274
246,1678
246,1806
246,1833
246,1870
246,1955
246,1998
246,2014
246,2022
246,2134
246,2405
246,2759
246,2808
246,2856
246,2915
246,3012
246,3997
246,4020
246,4169
246,4338
246,4417
246,5309
246,6048
246,6108
246,6322
246,6419
246,6795
246,7133
246,7416
246,8498
246,10309
246,10708
246,11114
246,11487
246,11651
246,11679
246,11760
246,12348
246,12968
246,13053
246,13103
246,13128
246,13205
246,13352
246,14416
246,15130
246,16046
246,16166
246,16667
246,17131
246,17983
246,18933
246,19601
246,19641
247,305
247,397
247,868
247,1259
247,1352
247,2152
247,2888
247,3225
247,3607
247,4262
247,4405
247,5274
247,5470
247,5657
247,5886
247,6223
247,7045
247,7058
247,8056
247,8295
247,8861
247,11360
247,11574
247,11934
247,12570
247,14408
247,16170
247,16736
247,17572
247,18639
247,19561
248,348
248,443
248,477
248,647
248,667
248,746
248,947
248,1037
248,1238
248,1257
248,1541
248,1602
248,1634
248,1984
248,2245
248,2401
248,2679
248,2885
248,3558
248,3622
248,3862
248,3914
248,4380
248,5161
248,5165
248,6273
248,8096
248,8708
248,9095
248,10861
248,11236
248,11578
248,12006
248,12279
248,12814
248,13461
248,13956
248,14241
248,14446
248,15047
248,15488
248,16191
248,17168
248,17189
248,17417
248,17829
248,19585
248,19592
249,262
249,278
249,342
249,358
249,397
249,477
249,545
249,607
249,791
249,848
249,963
249,1232
249,1389
249,1410
249,1708
249,1799
249,2207
249,2355
249,2629
249,2992
249,3406
249,4317
249,4376
249,4452
249,5213
249,5526
249,5739
249,5827
249,5877
249,6360
249,6487
249,6565
249,6683
249,6964
249,6999
249,7604
249,8404
249,8654
249,9974
249,10173
249,10208
249,10538
249,10723
249,12207
249,12361
249,13183
249,14825
249,15898
249,16272
249,16725
249,17136
249,17582
249,18104
249,18844
249,19223
249,19781
250,288
250,412
250,429
250,436
250,438
250,452
250,466
250,536
250,568
250,570
250,601
250,625
250,633
250,708
250,728
250,842
250,869
250,894
250,915
250,1018
250,1033
250,1120
250,1339
250,1341
250,1376
250,1417
250,1577
250,1625
250,1783
250,1941
250,2008
250,2087
250,2339
250,2431
250,2442
250,2579
250,2586
250,2677
250,2845
250,3086
250,3161
250,3412
250,3495
250,3645
250,3715
250,3785
250,3931
250,3970
250,4366
250,4853
250,4887
250,4948
250,5010
250,5020
250,5129
250,5191
250,5202
250,5216
250,5347
250,5390
250,5395
250,5562
250,6100
250,6236
250,6490
250,6745
250,7143
250,7173
250,7210
250,7332
250,7831
250,7997
250,8597
250,8726
250,8998
250,10210
250,10429
250,10621
250,11161
250,11755
250,11816
250,12202
250,12471
250,12591
250,13160
250,13236
250,14488
250,14589
250,14592
250,14985
250,15333
250,15433
250,15626
250,15635
250,15741
250,15795
250,15938
250,16146
250,16190
250,16700
250,17555
250,17579
250,18011
251,324
251,345
251,373
251,513
251,541
251,599
251,668
251,728
251,1181
251,1319
251,1538
251,1755
251,3031
251,3181
251,3215
251,4240
251,4700
251,4824
251,7125
251,7828
251,7855
251,9350
251,9534
251,10085
251,11248
251,11395
251,11398
251,11779
251,14479
251,14853
251,17369
252,279
252,336
252,368
252,858
252,1300
252,1495
252,1666
252,1881
252,2444
252,3392
252,4134
252,4316
252,4545
252,5894
252,7744
252,8127
252,8466
252,9645
252,11437
252,11980
252,11994
252,13645
253,303
253,763
253,1294
253,1307
253,1443
253,1796
253,2042
253,2688
253,3743
253,4196
253,5962
253,6547
253,8234
253,8638
253,11139
253,11438
253,11946
253,15277
253,16023
253,19249
253,19364
254,340
254,433
254,604
254,740
254,1027
254,2380
254,2784
254,4541
254,7414
254,10557
254,10840
254,14737
254,16262
254,19108
255,924
255,1256
255,1264
255,1537
255,1735
255,1845
255,2082
255,2150
255,2937
255,3142
255,3144
255,3371
255,3624
255,3682
255,3693
255,3921
255,3962
255,4445
255,4850
255,5197
255,5343
255,5503
255,5699
255,5831
255,6530
255,6870
255,7091
255,8034
255,8245
255,8877
255,9045
255,9713
255,9988
255,10440
255,10535
255,10587
255,10893
255,11285
255,11390
255,11469
255,12151
255,12298
255,13743
255,14381
255,15098
255,15477
255,16513
255,17291
255,17344
255,17503
255,17716
255,17739
255,19103
256,272
256,333
256,390
256,643
256,770
256,851
256,952
256,990
256,1005
256,1049
256,1349
256,1528
256,1696
256,1765
256,1826
256,1948
256,2238
256,2269
256,2422
256,2436
256,2508
256,2769
256,2777
256,2845
256,3480
256,3730
256,3818
256,3830
256,4383
256,4579
256,4619
256,4701
256,5326
256,5446
256,5780
256,5812
256,6028
256,6360
256,6369
256,6376
256,6474
256,6511
256,7112
256,7358
256,7935
256,8191
256,8217
256,10095
256,10237
256,10259
256,10491
256,11265
256,12052
256,12602
256,12764
256,13099
256,13962
256,14197
256,14441
256,14565
256,14753
256,15889
256,16472
256,16823
256,16967
256,17614
256,18321
256,18553
256,18651
256,19729
257,452
257,548
257,591
257,785
257,1011
257,1040
257,1087
257,1214
257,1464
257,1500
257,1576
257,1660
257,1770
257,1860
257,1966
257,2106
257,2118
257,2273
257,2407
257,2419
257,2478
257,2655
257,2832
257,3123
257,3275
257,3288
257,4090
257,4150
257,4606
257,4723
257,4759
257,5139
257,5155
257,5383
257,5399
257,5471
257,5787
257,6247
257,6628
257,6890
257,7169
257,7635
257,7877
257,8048
257,8309
257,8508
257,8693
257,8719
257,8914
257,9350
257,10118
257,10998
257,11031
257,11202
257,11585
257,11706
257,11715
257,12881
257,14475
257,15991
257,16511
257,16608
257,16879
257,17527
257,18787
258,731
258,989
258,1079
258,1157
258,1197
258,1208
258,1225
258,1247
258,1516
258,1540
258,1641
258,1870
258,2038
258,2408
258,2487
258,2525
258,2663
258,2817
258,2818
258,2967
258,2991
258,3204
258,3669
258,3839
258,3903
258,3917
258,4042
258,4294
258,4867
258,4881
258,5266
258,5558
258,5626
258,6202
258,6739
258,7572
258,10212
258,10826
258,12155
258,12419
258,12899
258,15994
258,17208
259,292
259,503
259,761
259,1092
259,1159
259,1280
259,1383
259,1487
259,1707
259,1855
259,2422
259,2475
259,2476
259,2489
259,2495
259,2714
259,3001
259,3350
259,4066
259,4158
259,4512
259,4726
259,4787
259,5300
259,5454
259,5587
259,5636
259,5760
259,6303
259,6307
259,6377
259,6695
259,6831
259,6901
259,7406
259,7694
259,7782
259,7898
259,8368
259,9271
259,9957
259,10022
259,10024
259,10223
259,10323
259,10363
259,10459
259,10716
259,11266
259,12266
259,12660
259,12844
259,13140
259,13400
259,13925
259,13954
259,14125
259,14322
259,14731
259,14764
259,15076
259,15435
259,16664
259,17074
259,17327
259,17751
259,18586
259,19752
260,277
260,328
260,360
260,630
260,733
260,776
260,1116
260,1244
260,1272
260,1523
260,1631
260,1856
260,1913
260,2422
260,2589
260,3336
260,3483
260,3576
260,3661
260,4084
260,4118
260,4358
260,4398
260,4890
260,5632
260,6538
260,6658
260,7224
260,7978
260,8171
260,9690
260,10037
260,11206
260,11535
260,12282
260,14117
260,14213
260,14678
260,14788
260,15032
260,16283
260,16523
260,16548
260,17216
260,17289
260,17335
260,17681
260,18335
260,19938
261,328
261,471
261,644
261,648
261,705
261,792
261,975
261,1037
261,1239
261,1507
261,1621
261,2835
261,3337
261,3840
261,3941
261,4017
261,4225
261,4774
261,4795
261,4879
261,5039
261,5329
261,10426
261,11000
261,11048
261,12483
261,15802
261,16921
261,17459
261,17790
261,18632
261,18636
261,19133
262,423
262,512
262,578
262,654
262,713
262,884
262,1053
262,1097
262,1684
262,1706
262,2033
262,2138
262,2263
262,2319
262,2451
262,2485
262,2590
262,2703
262,2917
262,2967
262,3096
262,3169
262,3640
262,3744
262,4094
262,4143
262,4573
262,5042
262,5419
262,5485
262,5530
262,5641
262,5903
262,6371
262,7008
262,7047
262,7138
262,7217
262,7315
262,7448
262,8152
262,8503
262,8707
262,8760
262,9028
262,9101
262,9565
262,9847
262,10285
262,10945
262,11085
262,11527
262,12128
262,12561
262,13607
262,14381
262,14451
262,14533
262,14598
262,15053
262,15601
262,15757
262,16395
262,16543
262,17364
262,17651
262,18903
262,19455
262,19594
262,19766
262,19928
263,329
263,334
263,388
263,401
263,515
263,763
263,1302
263,1415
263,1605
263,1626
263,2407
263,2624
263,2651
263,3102
263,3320
263,3809
263,4032
263,4852
263,5012
263,5179
263,5220
263,5254
263,5382
263,5404
263,6345
263,6501
263,6887
263,8670
263,10059
263,12219
263,12391
263,13088
263,13536
263,13570
263,14092
263,16415
263,17352
263,18431
263,19800
263,19803
263,19885
264,434
264,478
264,558
264,909
264,1190
264,2023
264,2607
264,2876
264,3148
264,3644
264,4520
264,5743
264,6292
264,6768
264,7284
264,8744
264,8963
264,10093
264,11974
264,12307
264,12709
264,14072
264,14933
264,14989
264,15214
264,16497
264,18927
264,18953
264,18955
264,19088
264,19602
265,464
265,780
265,958
265,1041
265,1437
265,1982
265,2105
265,2806
265,2824
265,3663
265,3677
265,4359
265,4846
265,5244
265,5483
265,5495
265,5612
265,5637
265,5670
265,6179
265,6186
265,6883
265,6960
265,7196
265,7348
265,7565
265,9785
265,9897
265,9942
265,10238
265,10325
265,10597
265,10766
265,12297
265,12766
265,13325
265,13607
265,15144
265,15673
265,16871
265,17093
265,17275
265,17363
265,17894
265,18308
265,18377
265,19218
265,19662
265,19824
265,19915
266,386
266,428
266,446
266,1059
266,1339
266,1474
266,1560
266,1601
266,2068
266,2163
266,2621
266,3089
266,3326
266,3692
266,3715
266,4092
266,5476
266,5491
266,5902
266,6010
266,6119
266,6442
266,7814
266,8078
266,8253
266,8528
266,10108
266,10965
266,11281
266,11807
266,11871
266,11932
266,12927
266,17630
266,17844
266,19737
267,369
267,531
267,606
267,901
267,929
267,1208
267,1503
267,1654
267,1766
267,1899
267,2361
267,2617
267,3598
267,4909
267,8471
267,8952
267,9031
267,9236
267,12351
267,12503
267,12948
267,13133
267,14642
267,15189
267,15662
267,15686
267,18175
267,18841
267,18957
267,19106
267,19880
268,273
268,349
268,450
268,518
268,679
268,755
268,846
268,978
268,988
268,1019
268,1028
268,1057
268,1350
268,2784
268,3194
268,4319
268,4780
268,5512
268,6303
268,6325
268,6549
268,7202
268,7236
268,8004
268,8653
268,9472
268,9929
268,9938
268,9975
268,10043
268,10051
268,10951
268,11193
268,11264
268,12702
268,12868
268,13878
268,14519
268,16055
268,16407
268,17171
268,17935
268,18111
268,18421
268,18439
268,19532
269,338
269,352
269,407
269,426
269,487
269,863
269,1276
269,1301
269,1328
269,1338
269,1726
269,1979
269,2379
269,2626
269,3422
269,3808
269,3978
269,4660
269,6557
269,7778
269,9241
269,10625
269,12764
269,13888
269,14914
269,19792
270,596
270,1341
270,1828
270,1965
270,2570
270,3175
270,3771
270,3840
270,4080
270,4434
270,4519
270,4676
270,5202
270,6375
270,6523
270,7800
270,7811
270,8358
270,9532
270,9582
270,11256
270,11427
270,13654
270,14474
270,14823
270,14888
270,15165
270,19077
270,19297
270,19774
271,280
271,335
271,610
271,885
271,1581
271,1711
271,2029
271,2037
271,2179
271,2286
271,2481
271,2966
271,3740
271,3882
271,4139
271,4724
271,4783
271,5073
271,5194
271,5564
271,6444
271,6760
271,7030
271,7517
271,7593
271,7635
271,8018
271,8284
271,8584
271,8679
271,8857
271,9044
271,9209
271,9643
271,9937
271,10044
271,10077
271,10793
271,10938
271,11112
271,11455
271,12063
271,12228
271,12955
271,13153
271,13335
271,13714
271,14265
271,14431
271,14490
271,14810
271,14821
271,15033
271,15048
271,15839
271,15983
271,16546
271,16647
271,16863
271,19073
272,732
272,884
272,1137
272,1171
272,1847
272,2470
272,3514
272,3553
272,4669
272,6146
272,6887
272,7043
272,7218
272,13904
272,14865
272,15311
272,19529
272,19818
273,290
273,345
273,347
273,408
273,416
273,464
273,497
273,510
273,630
273,631
273,789
273,854
273,873
273,904
273,930
273,961
273,1021
273,1029
273,1276
273,1291
273,1336
273,1457
273,1460
273,1620
273,1911
273,2081
273,2182
273,2187
273,2209
273,2362
273,2486
273,2562
273,2576
273,3272
273,3348
273,3379
273,3423
273,3713
273,3773
273,3812
273,4202
273,4655
273,5209
273,5660
273,5706
273,5916
273,6353
273,6421
273,6426
273,6573
273,7659
273,8246
273,8369
273,8392
273,8474
273,8559
273,8763
273,8886
273,8921
273,9010
273,9151
273,9329
273,9352
273,9432
273,9487
273,9728
273,11355
273,11526
273,11531
273,11543
273,12025
273,12881
273,13664
273,14554
273,14968
273,15299
273,15642
273,16585
273,18072
273,18684
273,18707
273,19361
273,19553
273,19562
273,19571
274,605
274,1721
274,4460
274,5049
274,5330
274,5672
274,9513
274,10832
274,10966
274,11827
274,11890
274,19614
275,485
275,494
275,540
275,949
275,2223
275,2306
275,2387
275,2627
275,3113
275,4120
275,4371
275,4763
275,4797
275,5856
275,6531
275,7416
275,10586
275,11945
275,12096
275,12301
275,13226
275,14157
275,14762
275,17030
275,17807
275,18304
275,18586
275,19963
276,346
276,442
276,467
276,508
276,539
276,581
276,623
276,802
276,1040
276,1309
276,1387
276,1391
276,1599
276,1859
276,1880
276,2237
276,2522
276,2527
276,3170
276,3451
276,3463
276,4640
276,4660
276,4791
276,5609
276,5682
276,5761
276,6236
276,6370
276,6615
276,7115
276,7191
276,8140
276,8633
276,11700
276,11750
276,12833
276,13631
276,15628
276,15713
276,16231
276,16513
276,17018
276,17405
276,19038
276,19089
276,19389
277,287
277,435
277,462
277,516
277,544
277,842
277,1059
277,1328
277,1407
277,1570
277,1785
277,1849
277,2134
277,2247
277,2350
277,2621
277,2826
277,3443
277,3449
277,4010
277,4283
277,4982
277,5265
277,6722
277,6951
277,6993
277,7310
277,8367
277,8387
277,8418
277,8712
277,9653
277,9785
277,10500
277,10650
277,10856
277,11166
277,13474
277,13609
277,13854
277,15245
277,15273
277,16896
277,16969
277,17737
277,17892
277,18348
277,18384
277,18566
278,311
278,391
278,752
278,819
278,862
278,915
278,986
278,1277
278,1675
278,1771
278,2048
278,2174
278,2224
278,2368
278,2396
278,2452
278,2458
278,2469
278,2735
278,3041
278,3074
278,3462
278,3767
278,5985
278,6726
278,7440
278,7689
278,7787
278,8109
278,10044
278,10546
278,11236
278,11285
278,11316
278,11680
278,11703
278,12021
278,12283
278,12444
278,12573
278,12659
278,12858
278,14107
278,14405
278,14974
278,15947
278,16187
278,16784
278,18622
278,18793
278,19609
278,19939
279,352
279,1064
279,1145
279,1505
279,1952
279,2405
279,2861
279,2956
279,3782
279,4501
279,5176
279,6116
279,6611
279,6802
279,7644
279,10324
279,11525
279,12749
279,12830
279,12912
279,13616
279,13993
279,14537
279,14940
279,15709
279,15933
279,16122
279,16437
279,16715
279,17769
279,17851
279,19835
280,465
280,483
280,960
280,3220
280,3387
280,4837
280,4947
280,5461
280,7444
280,12236
280,12585
280,12676
280,13649
280,19489
281,440
281,555
281,689
281,920
281,1795
281,2782
281,2803
281,2832
281,5047
281,5164
281,6132
281,9334
281,9520
281,10189
281,10746
281,11101
281,13225
281,15628
281,18354
281,19816
282,305
282,344
282,365
282,460
282,793
282,992
282,1095
282,1892
282,2037
282,2290
282,2381
282,2599
282,2685
282,2846
282,3361
282,3438
282,3594
282,3934
282,3985
282,4023
282,4326
282,4662
282,4835
282,5171
282,5172
282,5219
282,5378
282,7297
282,7466
282,7640
282,7702
282,7835
282,7968
282,7982
282,8052
282,8441
282,8820
282,9000
282,9081
282,9429
282,9802
282,10361
282,10548
282,10573
282,10595
282,11941
282,12129
282,13079
282,13199
282,13386
282,13545
282,13767
282,14473
282,14663
282,14988
282,15161
282,15287
282,16201
282,16558
282,17272
282,17584
282,18068
282,18725
282,18855
282,19631
283,327
283,445
283,506
283,846
283,899
283,1725
283,1729
283,2427
283,2684
283,3488
283,3519
283,3601
283,3884
283,4107
283,4433
283,4572
283,5768
283,5914
283,5915
283,5994
283,6170
283,6706
283,7014
283,7405
283,7475
283,7563
283,8201
283,9030
283,9263
283,9507
283,10109
283,10682
283,11277
283,11542
283,12351
283,12742
283,13172
283,13561
283,13979
283,15374
283,16098
283,17495
283,18265
283,18359
284,853
284,1158
284,1340
284,1431
284,1572
284,2203
284,2839
284,3269
284,3548
284,3623
284,4232
284,4448
284,5146
284,5166
284,6005
284,6222
284,6793
284,8256
284,8343
284,8406
284,8656
284,8663
284,9510
284,10825
284,11021
284,14362
284,14672
284,15767
284,16572
284,16683
284,16793
284,19394
284,19875
285,351
285,371
285,411
285,746
285,801
285,804
285,959
285,1414
285,1806
285,1816
285,2082
285,2163
285,2466
285,2946
285,4036
285,4194
285,4722
285,5190
285,5383
285,5401
285,5534
285,6466
285,6519
285,6544
285,6658
285,8161
285,8359
285,8597
285,9139
285,9267
285,9733
285,11943
285,12245
285,13972
285,17187
285,17666
285,18235
285,19360
286,691
286,815
286,2654
286,2715
286,2725
286,2782
286,4109
286,4296
286,4493
286,4901
286,5456
286,5960
286,7493
286,10220
286,16087
286,17643
286,17998
287,446
287,480
287,628
287,660
287,875
287,1246
287,1272
287,1450
287,1511
287,3913
287,4042
287,4355
287,4987
287,5002
287,5642
287,5863
287,6127
287,6620
287,6874
287,6894
287,8774
287,9504
287,9867
287,10860
287,12555
287,12802
287,13124
287,13907
287,15881
287,16090
287,16099
287,16311
287,17979
288,360
288,481
288,524
288,682
288,767
288,888
288,935
288,973
288,1082
288,1161
288,1212
288,1441
288,1507
288,1803
288,2065
288,2118
288,2294
288,2409
288,2460
288,2533
288,2836
288,2905
288,3726
288,3856
288,4036
288,4302
288,4518
288,4984
288,5067
288,5086
288,5265
288,5315
288,5545
288,5764
288,6047
288,7365
288,7663
288,7721
288,7807
288,8572
288,8612
288,8749
288,8941
288,9538
288,9946
288,10157
288,10925
288,11006
288,11432
288,12163
288,12321
288,13216
288,13828
288,14179
288,14732
288,15397
288,16269
288,16401
288,16850
288,17582
288,17740
288,18114
288,18240
288,18297
288,19649
288,19856
289,401
289,428
289,520
289,825
289,879
289,968
289,986
289,1047
289,1533
289,1873
289,1919
289,2269
289,2582
289,2600
289,2882
289,4102
289,4290
289,4811
289,4940
289,5009
289,5626
289,5640
289,6952
289,6979
289,8310
289,8870
289,9336
289,9463
289,9818
289,10304
289,10576
289,11061
289,11496
289,11759
289,11800
289,12156
289,13695
289,13713
289,15069
289,15284
289,15306
289,15494
289,15630
289,16705
289,16910
289,19028
289,19191
289,19664
289,19733
290,478
290,530
290,668
290,680
290,1142
290,1591
290,1786
290,2186
290,2327
290,2372
290,2397
290,2444
290,2644
290,3634
290,4544
290,4957
290,5287
290,5827
290,6155
290,6639
290,6670
290,7602
290,7631
290,9711
290,10936
290,10993
290,11157
290,11377
290,11379
290,12734
290,13221
290,14101
290,14453
290,14512
290,14926
290,15163
290,15809
290,17258
290,18685
290,19082
290,19501
291,1102
291,1396
291,1441
291,3472
291,4380
291,4730
291,5061
291,5329
291,5394
291,5918
291,7076
291,11590
291,12107
291,12541
291,13149
291,13295
291,14035
291,14674
291,15128
291,15849
291,19015
292,295
292,350
292,417
292,709
292,713
292,827
292,1032
292,1132
292,1153
292,1317
292,1380
292,1474
292,1497
292,2235
292,2417
292,2455
292,2827
292,3497
292,3666
292,3930
292,3953
292,4397
292,4766
292,5068
292,5125
292,5510
292,5546
292,6021
292,6444
292,6491
292,6816
292,7133
292,7492
292,7922
292,7969
292,8813
292,9142
292,10077
292,10693
292,11919
292,13115
292,14153
292,14896
292,15654
292,16753
292,17207
292,17503
292,18164
292,18854
293,381
293,418
293,556
293,825
293,1444
293,1600
293,1940
293,2536
293,2592
293,2648
293,2934
293,3044
293,3145
293,3624
293,4267
293,4605
293,5301
293,5926
293,6012
293,7113
293,7242
293,7286
293,7596
293,9811
293,10673
293,10777
293,11011
293,11533
293,12625
293,13212
293,13294
293,19206
293,19686
293,19742
293,19780
294,339
294,595
294,806
294,908
294,935
294,1284
294,1358
294,1423
294,1683
294,1788
294,2214
294,2501
294,2669
294,3175
294,3696
294,4979
294,5545
294,6214
294,6499
294,6939
294,7404
294,8236
294,11942
294,12501
294,12734
294,16276
294,16671
294,18874
294,19266
295,314
295,326
295,621
295,824
295,830
295,883
295,986
295,1068
295,1357
295,1826
295,1984
295,2896
295,3764
295,3984
295,5095
295,6288
295,6297
295,7039
295,7495
295,8041
295,8481
295,8759
295,10131
295,10455
295,11357
295,12328
295,14341
295,14989
295,15219
295,15463
295,17510
295,18416
295,18567
295,18939
296,1006
296,1356
296,1534
296,1615
296,1792
296,1797
296,1799
296,1924
296,2016
296,2055
296,2254
296,3130
296,3266
296,3449
296,3824
296,3835
296,4400
296,5090
296,5282
296,5449
296,5511
296,6961
296,8934
296,10227
296,10833
296,13012
296,13223
296,13345
296,15437
296,15438
296,15721
296,18860
296,19808
297,338
297,378
297,819
297,1083
297,1217
297,1610
297,1929
297,2433
297,2637
297,4063
297,7185
297,7839
297,8380
297,8768
297,9274
297,10040
297,10663
297,11290
297,14070
297,14464
297,16911
297,17540
297,17722
297,18361
297,19128
297,19866
298,785
298,1041
298,1505
298,1586
298,1813
298,1941
298,1959
298,2221
298,2495
298,2545
298,3589
298,3654
298,4120
298,4420
298,4671
298,4966
298,6138
298,6244
298,8847
298,9308
298,10068
298,11410
298,12644
298,13129
298,14525
298,17660
299,362
299,501
299,505
299,549
299,592
299,619
299,1059
299,1130
299,1331
299,1370
299,1470
299,1518
299,1592
299,1636
299,1860
299,1970
299,2447
299,2484
299,2566
299,2894
299,3488
299,3713
299,3732
299,3823
299,4486
299,5667
299,5869
299,5892
299,6272
299,6311
299,6315
299,6762
299,7549
299,7568
299,8332
299,8463
299,8839
299,9370
299,10486
299,10499
299,11375
299,11584
299,11945
299,12205
299,12705
299,13482
299,13528
299,13606
299,13938
299,14290
299,14646
299,15014
299,15082
299,15840
299,16258
299,17607
299,18873
299,19226
299,19228
299,19422
299,19423
299,19427
299,19672
300,431
300,601
300,722
300,1232
300,1773
300,1775
300,1785
300,1838
300,1912
300,2594
300,2671
300,2923
300,3696
300,5152
300,5673
300,6138
300,6560
300,7273
300,7701
300,8036
300,9160
300,9461
300,9462
300,9629
300,9757
300,9894
300,10364
300,11109
300,11143
300,11835
300,11842
300,14583
300,14659
300,15619
300,16418
300,17361
300,17489
300,17692
300,18187
300,18218
300,18681
300,18773
300,19444
300,19840
301,421
301,458
301,552
301,899
301,942
301,1014
301,1238
301,1409
301,1738
301,2472
301,3045
301,4341
301,4483
301,5352
301,5663
301,5751
301,6124
301,7811
301,8955
301,10515
301,10642
301,11461
301,12292
301,12682
301,12918
301,13099
301,13524
301,13838
301,14222
301,15064
301,17689
301,17948
301,18069
301,18449
301,18464
301,18776
301,19338
302,322
302,383
302,414
302,419
302,1063
302,1115
302,1185
302,1310
302,1371
302,2314
302,2850
302,2924
302,4114
302,4557
302,4982
302,6417
302,6727
302,7889
302,7916
302,8993
302,9591
302,9824
302,10145
302,10509
302,11164
302,12039
302,12379
302,13034
302,13581
302,14080
302,15819
302,19679
302,19774
303,1176
303,2076
303,4595
303,4634
303,4757
303,5040
303,5409
303,5469
303,5607
303,5984
303,6118
303,6452
303,6777
303,10968
303,11764
303,12493
303,12829
303,13117
303,13529
303,14566
304,456
304,457
304,460
304,642
304,870
304,900
304,938
304,981
304,1120
304,1194
304,1492
304,1676
304,1700
304,1879
304,1892
304,1978
304,2092
304,2255
304,2350
304,2378
304,2652
304,2871
304,3112
304,3376
304,3895
304,4079
304,4099
304,4555
304,4600
304,4666
304,5612
304,5668
304,6824
304,7189
304,7704
304,7876
304,8030
304,8135
304,8178
304,8515
304,8985
304,9068
304,10104
304,10355
304,10564
304,10936
304,12412
304,12498
304,13003
304,16667
304,17160
304,17404
304,18450
304,19042
304,19552
304,19579
305,423
305,624
305,664
305,1514
305,2001
305,2126
305,2586
305,2723
305,3162
305,5054
305,5097
305,6654
305,6718
305,6764
305,7372
305,8313
305,9079
305,11401
305,12462
305,12674
305,13132
305,14414
305,14507
305,15147
305,15574
305,15942
305,16469
305,16537
305,18091
305,18634
305,18707
305,19007
305,19855
306,466
306,622
306,764
306,1048
306,1304
306,1528
306,1653
306,2061
306,2713
306,3113
306,3378
306,3676
306,3695
306,4496
306,4771
306,5502
306,5532
306,6703
306,6885
306,7084
306,7234
306,7548
306,8707
306,9755
306,10154
306,10982
306,11445
306,11711
306,11850
306,12257
306,12561
306,12680
306,13731
306,13988
306,16140
306,16206
306,17325
306,17775
306,19769
307,335
307,351
307,357
307,457
307,855
307,1308
307,1352
307,1527
307,2165
307,2472
307,3056
307,3107
307,3183
307,4204
307,4242
307,5668
307,5942
307,6213
307,8400
307,8498
307,9012
307,10120
307,11656
307,12679
307,13097
307,15497
307,16492
307,16588
307,16677
307,16812
307,16956
307,17984
307,19260
308,312
308,422
308,447
308,541
308,550
308,1131
308,1210
308,1264
308,1343
308,1400
308,2211
308,2893
308,4038
308,4852
308,4907
308,5080
308,5253
308,5766
308,6268
308,6365
308,6522
308,6792
308,8613
308,9151
308,9267
308,10732
308,10820
308,11357
308,11538
308,11576
308,11760
308,12430
308,13123
308,13652
308,13890
308,14428
308,15401
308,15606
308,16324
308,17134
308,17529
308,17826
308,17895
308,19378
309,422
309,696
309,742
309,797
309,1179
309,1365
309,1713
309,1840
309,2508
309,2946
309,3004
309,3342
309,6403
309,6522
309,8316
309,8341
309,8351
309,9177
309,9282
309,9905
309,10087
309,10735
309,10760
309,10825
309,10880
309,10997
309,11864
309,12251
309,12713
309,13162
309,13331
309,13610
309,13631
309,14387
309,16423
309,16480
309,16555
309,16968
309,17176
309,17222
309,17653
309,18032
309,18076
309,18524
309,18626
309,18722
309,18730
310,460
310,534
310,561
310,569
310,650
310,719
310,856
310,1190
310,1206
310,1268
310,1545
310,1690
310,1749
310,1891
310,2054
310,2062
310,2290
310,2436
310,2515
310,2894
310,3191
310,3241
310,3249
310,3709
310,3924
310,4201
310,4329
310,4510
310,4591
310,4734
310,4897
310,5516
310,5720
310,5971
310,5972
310,5997
310,6657
310,6679
310,6934
310,7322
310,8137
310,8212
310,8266
310,8308
310,8893
310,8921
310,9065
310,9073
310,9282
310,9302
310,9311
310,10186
310,10914
310,11068
310,11191
310,11463
310,12032
310,12064
310,12410
310,12476
310,12610
310,13181
310,13301
310,13422
310,13728
310,13804
310,14324
310,14472
310,14805
310,14953
310,15398
310,15543
310,15942
310,16049
310,16401
310,16457
310,16797
310,17054
310,17238
310,17328
310,18374
310,18518
310,18803
310,18985
310,19507
310,19756
311,363
311,519
311,735
311,856
311,866
311,1112
311,1126
311,1369
311,1655
311,1823
311,2271
311,2499
311,2932
311,3036
311,3062
311,4348
311,5647
311,5925
311,7575
311,7743
311,9600
311,9896
311,10278
311,10427
311,10514
311,10904
311,12202
311,15417
311,15632
311,15765
311,16357
311,16404
311,17622
311,18353
312,519
312,586
312,746
312,876
312,1178
312,1307
312,2093
312,2627
312,2983
312,3365
312,3782
312,3938
312,3990
312,4140
312,4409
312,4669
312,4881
312,4974
312,5153
312,6003
312,6813
312,8000
312,8247
312,10277
312,10407
312,10870
312,11964
312,12011
312,12194
312,12248
312,13196
312,13736
312,14004
312,14177
312,14999
312,15078
312,16538
312,17196
312,17516
312,17607
312,17736
312,17783
312,19295
313,407
313,474
313,501
313,542
313,572
313,616
313,894
313,918
313,1015
313,1092
313,1170
313,1351
313,1481
313,1499
313,2067
313,2246
313,2247
313,2519
313,2617
313,3083
313,3261
313,3887
313,3907
313,4149
313,4247
313,4441
313,4532
313,4915
313,5335
313,5614
313,6101
313,6195
313,6207
313,6216
313,6628
313,6708
313,6856
313,6929
313,7180
313,7292
313,7627
313,7631
313,7633
313,7953
313,7983
313,8024
313,8142
313,8606
313,8738
313,9264
313,9683
313,10223
313,11526
313,11606
313,12419
313,12508
313,12722
313,12774
313,13616
313,13811
313,13998
313,15275
313,15295
313,15536
313,15858
313,16093
313,16158
313,16227
313,16952
313,17563
313,18756
313,19702
314,398
314,1076
314,1696
314,1846
314,2226
314,3137
314,3627
314,5053
314,5649
314,7490
314,7604
314,7979
314,8514
314,9037
314,9198
314,12422
314,14497
314,17893
314,18155
314,18162
314,18232
314,18411
314,19903
315,324
315,380
315,523
315,572
315,671
315,706
315,907
315,1009
315,1127
315,1205
315,1214
315,1483
315,1517
315,2406
315,2483
315,2712
315,3349
315,4558
315,4567
315,5014
315,6870
315,6952
315,7084
315,7722
315,8858
315,9160
315,9447
315,10639
315,10756
315,12638
315,13714
315,15762
315,17730
315,18768
315,18781
315,18787
315,19718
316,547
316,598
316,1113
316,1399
316,2339
316,2568
316,3403
316,4932
316,5065
316,5907
316,6216
316,6243
316,6383
316,6460
316,6784
316,7182
316,7421
316,7457
316,8280
316,10890
316,12842
316,14670
316,16091
316,16147
316,17385
316,18223
316,19978
317,372
317,519
317,1555
317,2927
317,2954
317,3544
317,4095
317,4844
317,5545
317,6825
317,7515
317,7638
317,9951
317,12906
317,17636
317,19230
318,354
318,358
318,421
318,704
318,706
318,752
318,805
318,810
318,874
318,957
318,1218
318,1572
318,2302
318,2456
318,2465
318,2626
318,3081
318,3097
318,3172
318,3286
318,3606
318,4099
318,4501
318,4645
318,4956
318,4999
318,5323
318,5800
318,5841
318,5883
318,5913
318,5933
318,5969
318,6116
318,6327
318,6495
318,6797
318,6958
318,6989
318,7043
318,7613
318,7903
318,8337
318,8450
318,8669
318,8815
318,8827
318,9061
318,10271
318,10668
318,10686
318,10772
318,11380
318,11769
318,12192
318,12218
318,12298
318,12424
318,12845
318,12947
318,14142
318,15110
318,15327
318,15731
318,15829
318,16272
318,18065
318,18312
318,18422
318,19744
319,450
319,656
319,713
319,1174
319,1186
319,1836
319,2215
319,2664
319,2668
319,3126
319,3133
319,3309
319,3310
319,3353
319,3490
319,4189
319,4217
319,4867
319,5631
319,6657
319,6687
319,6773
319,7665
319,7826
319,7992
319,8874
319,8940
319,9415
319,9621
319,9710
319,9947
319,11407
319,12874
319,13465
319,13795
319,14532
319,14633
319,16826
319,17544
319,17631
319,18978
320,356
320,360
320,596
320,863
320,879
320,1014
320,1422
320,1735
320,1804
320,2708
320,4419
320,4591
320,4592
320,4769
320,5564
320,6011
320,6724
320,7154
320,10461
320,10800
320,14375
320,14431
320,15967
320,18140
320,18355
320,18924
321,325
321,723
321,732
321,1314
321,1397
321,1707
321,1985
321,2099
321,2238
321,2696
321,3110
321,3566
321,3680
321,3752
321,4014
321,4976
321,5579
321,6443
321,8352
321,9958
321,10445
321,11090
321,11231
321,11735
321,11830
321,12123
321,12641
321,12887
321,14865
321,15226
321,15271
321,15786
321,16448
321,17786
322,384
322,402
322,597
322,815
322,1265
322,1381
322,1721
322,2232
322,2261
322,2486
322,2864
322,3178
322,3892
322,5508
322,5691
322,5872
322,6121
322,6389
322,6645
322,7149
322,10314
322,10463
322,10802
322,13048
322,13125
322,13250
322,15379
322,15683
322,16172
322,16858
322,17816
323,367
323,581
323,640
323,904
323,1101
323,1403
323,1552
323,1638
323,1696
323,1746
323,2210
323,2867
323,4378
323,4390
323,4552
323,4559
323,4631
323,4728
323,4847
323,5080
323,5709
323,7121
323,7543
323,8912
323,9695
323,11202
323,11232
323,11529
323,12271
323,17127
323,18517
323,18727
323,19622
324,408
324,771
324,2042
324,12988
325,719
325,962
325,1027
325,1452
325,1514
325,2256
325,2605
325,3088
325,3355
325,3368
325,3823
325,3906
325,4641
325,4757
325,4760
325,5283
325,5565
325,6460
325,6901
325,7349
325,7973
325,8047
325,8762
325,8853
325,8973
325,10267
325,11162
325,11321
325,11578
325,11789
325,11983
325,12911
325,13164
325,13511
325,14601
325,15767
325,16489
325,17691
325,18197
326,464
326,478
326,521
326,610
326,645
326,680
326,779
326,985
326,1033
326,1075
326,1120
326,1344
326,1421
326,1509
326,1568
326,1792
326,2409
326,2658
326,3142
326,3322
326,3599
326,3879
326,3898
326,4328
326,5306
326,5722
326,5943
326,6168
326,6854
326,6903
326,7819
326,7872
326,7966
326,8313
326,8488
326,8498
326,8554
326,9600
326,9813
326,9958
326,10952
326,11924
326,12584
326,13024
326,13557
326,14423
326,14673
326,14801
326,15599
326,16172
326,16860
326,17427
326,17466
326,17598
326,17910
326,19204
326,19363
326,19703
327,356
327,396
327,460
327,2173
327,3325
327,6029
327,6074
327,6232
327,6753
327,7284
327,7538
327,8860
327,9914
327,12655
327,12791
327,13871
327,17138
327,18002
328,804
328,1944
328,2244
328,3254
328,3283
328,3636
328,4479
328,4693
328,5601
328,7613
328,8641
328,9859
328,10718
328,11079
328,11679
328,12852
328,14266
328,16803
328,17731
328,18881
329,546
329,584
329,587
329,633
329,670
329,697
329,761
329,790
329,976
329,1263
329,1291
329,1421
329,1428
329,1488
329,1608
329,1714
329,1732
329,1946
329,1995
329,2034
329,2070
329,2072
329,2170
329,2260
329,2278
329,2353
329,2577
329,2578
329,2628
329,2653
329,2706
329,2783
329,2802
329,2857
329,2898
329,3148
329,3183
329,3225
329,3292
329,3374
329,3411
329,3506
329,3604
329,3828
329,4328
329,4579
329,4589
329,4609
329,4755
329,4828
329,4929
329,4996
329,5071
329,5353
329,5500
329,5860
329,5959
329,5984
329,6277
329,6502
329,6882
329,7120
329,7250
329,8310
329,8820
329,9280
329,9356
329,9404
329,9498
329,9512
329,9561
329,9784
329,9907
329,9939
329,10137
329,10289
329,10552
329,11036
329,11614
329,11889
329,12420
329,12692
329,13169
329,13303
329,13592
329,13735
329,14000
329,14829
329,15317
329,16237
329,16486
329,17247
329,19806
330,687
330,1141
330,1192
330,1287
330,1593
330,1608
330,2228
330,2871
330,3450
330,4775
330,5835
330,6120
330,6822
330,8509
330,8602
330,8964
330,9102
330,10591
330,11724
330,14756
330,14960
330,16889
330,17777
330,19098
331,413
331,446
331,482
331,912
331,2366
331,2497
331,2944
331,4424
331,4693
331,6559
331,6561
331,6753
331,7674
331,7843
331,7986
331,9413
331,11720
331,13797
331,13950
331,15067
331,15851
331,18802
332,978
332,1611
332,1752
332,2628
332,2694
332,2948
332,3534
332,3613
332,4355
332,4411
332,4905
332,4917
332,5115
332,5512
332,5674
332,6544
332,6998
332,9136
332,10532
332,10928
332,11284
332,13175
332,16242
332,17361
332,18540
333,461
333,879
333,1281
333,1408
333,1478
333,1535
333,1788
333,3379
333,4262
333,6446
333,7227
333,7847
333,14303
333,14651
333,14747
333,14779
333,15643
333,16014
333,18409
334,528
334,729
334,1376
334,2526
334,3231
334,4089
334,4587
334,4643
334,5287
334,8203
334,9589
334,9804
334,11388
334,12197
334,13269
334,14294
334,17532
334,17991
334,18936
334,19037
334,19239
335,864
335,1254
335,1308
335,1334
335,1874
335,2432
335,2735
335,2850
335,3333
335,3800
335,4072
335,4074
335,4251
335,5110
335,5488
335,5729
335,5817
335,6093
335,7416
335,7576
335,7854
335,8184
335,8504
335,8884
335,8999
335,9178
335,9224
335,10115
335,10298
335,11310
335,11518
335,11966
335,12907
335,12917
335,13390
335,13558
335,13625
335,13885
335,13920
335,14245
335,14776
335,14777
335,15297
335,17153
335,17167
335,17724
335,18526
335,18786
335,18870
335,19024
335,19441
335,19970
336,637
336,841
336,1067
336,1833
336,1968
336,1996
336,2020
336,2613
336,3790
336,4066
336,4227
336,4564
336,4656
336,5286
336,5396
336,5408
336,6493
336,7425
336,10924
336,11733
336,13051
336,14133
336,15010
336,15016
336,15127
336,15859
336,16382
336,18188
336,18811
337,419
337,443
337,489
337,561
337,569
337,984
337,1487
337,1553
337,1926
337,1950
337,2387
337,3961
337,4027
337,4583
337,4671
337,5605
337,5972
337,7169
337,7172
337,8741
337,12278
337,13138
337,15639
337,16306
337,17419
337,17745
337,17930
337,19140
338,406
338,1082
338,1277
338,1881
338,1993
338,2108
338,3163
338,3777
338,4076
338,5398
338,5412
338,5518
338,7136
338,7258
338,7896
338,8730
338,8752
338,9092
338,12928
338,13051
338,13531
338,17127
338,17403
339,368
339,374
339,518
339,1792
339,6178
339,7314
339,7643
339,7853
339,9616
339,11316
339,12110
339,14227
339,16570
339,17764
340,767
340,1700
340,2556
340,2931
340,3456
340,3844
340,3860
340,4387
340,5695
340,6131
340,8832
340,9517
340,9658
340,11876
340,12020
340,14642
340,14751
340,17143
340,18940
341,433
341,564
341,849
341,924
341,1004
341,1078
341,1452
341,2095
341,2318
341,2374
341,2537
341,2573
341,2662
341,3502
341,3749
341,3768
341,3805
341,4477
341,4529
341,4735
341,4816
341,6039
341,6230
341,6432
341,6474
341,6497
341,7009
341,7290
341,8514
341,9223
341,9697
341,10625
341,10811
341,10818
341,11060
341,11203
341,13108
341,13907
341,13978
341,14627
341,15048
341,15192
341,15376
341,15891
341,16182
341,19359
342,559
342,809
342,1589
342,1888
342,2309
342,6692
342,7524
342,8292
342,8347
342,11045
342,12344
342,15040
342,16008
342,16364
342,18051
343,485
343,532
343,596
343,733
343,886
343,956
343,969
343,1044
343,1105
343,1115
343,1223
343,1299
343,1786
343,1854
343,2523
343,2569
343,2791
343,3361
343,3997
343,4217
343,4284
343,4290
343,4499
343,4677
343,5063
343,5477
343,6140
343,6520
343,6892
343,7181
343,7436
343,8531
343,8770
343,8851
343,9376
343,9705
343,9984
343,9999
343,10085
343,11130
343,11195
343,14203
343,14611
343,15144
343,15263
343,15269
343,16382
343,16913
343,17398
343,17697
343,17895
343,19070
343,19624
343,19759
344,351
344,379
344,463
344,597
344,1373
344,1925
344,1946
344,2295
344,2496
344,2594
344,2623
344,2780
344,2971
344,3220
344,3959
344,4150
344,4515
344,4533
344,4627
344,4985
344,5762
344,5865
344,5945
344,6199
344,7328
344,7608
344,7663
344,7866
344,7899
344,8093
344,8573
344,8618
344,8682
344,9197
344,10374
344,10853
344,11804
344,12201
344,12934
344,13398
344,13602
344,13721
344,13869
344,14200
344,14435
344,15649
344,16870
344,17180
344,17522
344,17569
344,18575
344,19561
344,19800
345,359
345,506
345,629
345,691
345,755
345,1288
345,1598
345,2385
345,2641
345,2751
345,2927
345,3518
345,4628
345,6607
345,7233
345,7490
345,7529
345,9951
345,10324
345,10948
345,12530
345,13203
345,13579
345,14861
345,16726
345,16890
345,17518
345,17607
345,19241
346,1189
346,1222
346,2063
346,3580
346,3745
346,4900
346,4998
346,5087
346,5408
346,5496
346,5837
346,8526
346,13644
346,13966
346,15116
346,15676
346,17904
346,17931
347,387
347,405
347,450
347,511
347,618
347,651
347,813
347,939
347,1347
347,1363
347,1453
347,1700
347,1720
347,1853
347,1898
347,2389
347,2455
347,2591
347,3049
347,3070
347,3540
347,3598
347,4266
347,5973
347,6104
347,8239
347,9148
347,9204
347,9738
347,10241
347,10540
347,11538
347,12644
347,12883
347,13596
347,13862
347,14724
347,16840
347,16862
347,18031
347,18713
347,19080
347,19286
348,378
348,755
348,756
348,771
348,822
348,839
348,874
348,973
348,1346
348,1363
348,1408
348,1670
348,1701
348,1877
348,2010
348,2028
348,2227
348,2307
348,2431
348,2505
348,2640
348,2711
348,2928
348,3317
348,3320
348,3452
348,3583
348,3594
348,3689
348,3767
348,3962
348,3983
348,4804
348,5199
348,5233
348,5267
348,5658
348,6820
348,7459
348,7488
348,7585
348,7680
348,8203
348,8413
348,8521
348,8640
348,8734
348,8969
348,9065
348,9335
348,10253
348,10798
348,10891
348,11337
348,12089
348,12664
348,12781
348,12827
348,13266
348,13813
348,14006
348,14340
348,15076
348,15333
348,16036
348,17202
348,17357
348,19634
348,19962
348,19982
349,600
349,723
349,760
349,1129
349,1427
349,1725
349,1839
349,1909
349,2082
349,2575
349,4715
349,5639
349,6963
349,7688
349,7717
349,8838
349,9445
349,9639
349,10333
349,11011
349,11324
349,11572
349,12394
349,12733
349,13108
349,13157
349,13902
349,14452
349,15291
349,16270
349,18081
349,18277
349,18509
349,19094
350,355
350,694
350,703
350,1237
350,2012
350,2178
350,2185
350,2733
350,3503
350,3871
350,4434
350,4441
350,5688
350,6235
350,6348
350,6907
350,7297
350,7713
350,8529
350,9185
350,9832
350,9851
350,9984
350,10557
350,12425
350,13623
350,14215
350,14290
350,15338
350,15823
350,15901
350,16753
350,17023
350,18518
350,18596
350,18707
350,19326
351,616
351,652
351,729
351,1019
351,1053
351,1098
351,1563
351,1881
351,2103
351,3164
351,3664
351,4110
351,4228
351,4267
351,4349
351,5041
351,5229
351,5915
351,6195
351,6342
351,6589
351,6686
351,7804
351,9547
351,10013
351,10644
351,12326
351,12789
351,12864
351,13464
351,13925
351,15440
351,16459
351,17161
351,17301
351,18166
351,18476
351,19922
352,1375
352,1828
352,2874
352,3192
352,3986
352,4219
352,4567
352,4839
352,5956
352,6901
352,7495
352,7686
352,7748
352,11279
352,11948
352,12094
352,12307
352,12374
352,13001
352,13276
352,13630
352,14306
352,15468
352,17337
352,19165
352,19870
353,371
353,1035
353,2327
353,2354
353,2424
353,3112
353,3416
353,4545
353,4610
353,4674
353,5918
353,6217
353,8467
353,8588
353,9444
353,11277
353,13605
353,14254
353,18044
353,18967
353,19204
353,19671
354,534
354,805
354,995
354,2944
354,3417
354,3855
354,4052
354,4526
354,5407
354,6923
354,7488
354,7848
354,9270
354,9351
354,10011
354,10483
354,13112
354,15056
354,16833
354,18169
354,18306
354,18479
354,18503
354,19074
354,19724
355,671
355,2398
355,2524
355,2675
355,3217
355,3615
355,4258
355,4461
355,5847
355,7477
355,8259
355,8370
355,8644
355,8698
355,11924
355,16130
355,17069
355,18121
356,640
356,688
356,698
356,713
356,744
356,1008
356,1146
356,1241
356,1309
356,1355
356,1703
356,1717
356,2155
356,2520
356,2637
356,2696
356,3307
356,4420
356,4610
356,4614
356,5165
356,5275
356,5328
356,5377
356,6044
356,6284
356,7238
356,7705
356,7980
356,9174
356,10158
356,10310
356,10950
356,11584
356,11649
356,12604
356,14497
356,14738
356,16782
356,17434
356,17803
356,18142
356,18725
357,566
357,605
357,623
357,765
357,987
357,1845
357,1887
357,2101
357,2681
357,2720
357,2761
357,3957
357,3976
357,4278
357,5260
357,5758
357,6834
357,7857
357,8204
357,8398
357,8953
357,9747
357,10111
357,10757
357,10842
357,12836
357,16142
357,16357
357,16459
357,17896
358,586
358,1226
358,1260
358,1997
358,2638
358,2801
358,3981
358,4068
358,4577
358,4649
358,5984
358,6037
358,6358
358,7410
358,7528
358,8287
358,11285
358,11669
358,11853
358,14306
358,14755
358,16379
358,19050
359,408
359,804
359,1061
359,1625
359,2233
359,2950
359,4281
359,5751
359,6034
359,6652
359,7571
359,11126
359,12769
359,13589
359,14502
359,14867
359,16307
359,18757
359,19152
359,19454
359,19484
360,736
360,1182
360,2061
360,2296
360,4240
360,5755
360,5867
360,6575
360,7536
360,7545
360,7992
360,8953
360,12427
360,13379
360,16008
361,1193
361,1448
361,1521
361,1968
361,2016
361,2075
361,2232
361,3494
361,4029
361,4350
361,5481
361,5767
361,5991
361,6877
361,7771
361,8209
361,9058
361,9554
361,10059
361,10065
361,10430
361,10922
361,11251
361,11595
361,11851
361,12114
361,12345
361,13304
361,15894
361,16285
361,16866
361,17130
361,18336
361,18841
361,19708
362,369
362,394
362,872
362,890
362,981
362,996
362,1239
362,1537
362,1811
362,2162
362,2204
362,2218
362,2299
362,2459
362,2609
362,2792
362,2816
362,3031
362,3292
362,3442
362,3701
362,4034
362,4214
362,4223
362,4293
362,4464
362,4579
362,4856
362,5416
362,6678
362,7037
362,7336
362,7352
362,7926
362,8009
362,8157
362,9250
362,10014
362,10073
362,10413
362,11305
362,11370
362,11836
362,12599
362,12717
362,14255
362,14319
362,14968
362,15735
362,15860
362,17131
362,18071
362,18261
362,19804
363,420
363,632
363,1042
363,1460
363,1532
363,1751
363,2479
363,4064
363,5094
363,7991
363,11106
363,11517
363,12819
363,13943
363,13962
363,17439
363,19522
364,528
364,669
364,818
364,930
364,1081
364,1093
364,1228
364,1369
364,1641
364,1953
364,1963
364,2110
364,2302
364,2458
364,2661
364,2981
364,3017
364,3801
364,3871
364,4113
364,4336
364,4597
364,4695
364,5089
364,5442
364,5570
364,5651
364,5916
364,6474
364,6606
364,6681
364,6974
364,7558
364,7613
364,7934
364,8882
364,9517
364,9692
364,10434
364,10595
364,12141
364,12276
364,12458
364,12832
364,12964
364,13041
364,13118
364,13996
364,14512
364,15106
364,15176
364,15559
364,15722
364,17664
364,18049
364,18129
364,18255
364,18483
364,18762
364,19074
364,19370
364,19503
365,605
365,709
365,1819
365,2317
365,2366
365,2379
365,2399
365,2992
365,3589
365,3714
365,4382
365,4784
365,5468
365,7273
365,7337
365,8863
365,10557
365,12044
365,12202
365,12512
365,16943
365,17374
365,17716
365,18147
366,511
366,666
366,693
366,827
366,836
366,1020
366,1221
366,1256
366,1316
366,1612
366,1904
366,1919
366,2246
366,2253
366,2326
366,2361
366,2372
366,2682
366,3305
366,3312
366,3574
366,6027
366,6858
366,8918
366,8991
366,10818
366,11451
366,12246
366,12866
366,13052
366,14113
366,14344
366,14505
366,14979
366,17327
366,19171
367,404
367,886
367,1029
367,1056
367,1437
367,1641
367,1669
367,2068
367,2296
367,2966
367,3179
367,3297
367,4039
367,4286
367,4469
367,4491
367,5141
367,5345
367,5423
367,5538
367,6771
367,9032
367,9105
367,9168
367,11267
367,12102
367,13211
367,13707
367,14995
367,15628
367,16006
367,16399
367,16548
367,17396
367,18073
367,18571
368,417
368,422
368,658
368,824
368,1120
368,1241
368,1258
368,1646
368,1796
368,1972
368,2021
368,2043
368,2523
368,2610
368,3475
368,3489
368,3499
368,3681
368,3697
368,5029
368,5237
368,5526
368,5911
368,6020
368,6077
368,6145
368,7230
368,7334
368,7662
368,8088
368,8718
368,8780
368,9833
368,9884
368,10376
368,10428
368,10622
368,10640
368,11197
368,13302
368,13538
368,14978
368,15172
368,15319
368,15802
368,17109
368,19359
369,427
369,463
369,512
369,683
369,701
369,842
369,951
369,1076
369,1305
369,1316
369,1343
369,1374
369,1734
369,1778
369,2192
369,2239
369,2411
369,2596
369,2681
369,2745
369,2780
369,2832
369,3204
369,3311
369,3486
369,3753
369,4098
369,4353
369,5195
369,5610
369,6060
369,6180
369,6436
369,7317
369,7881
369,8058
369,8067
369,8711
369,8870
369,9048
369,9118
369,9332
369,10094
369,10263
369,11036
369,11137
369,12238
369,13016
369,13144
369,13148
369,13271
369,13288
369,13302
369,13370
369,14136
369,14247
369,14323
369,14620
369,15196
369,15735
369,16699
369,17751
369,18095
369,18252
369,18440
369,19162
369,19268
369,19535
369,19949
370,425
370,500
370,507
370,527
370,562
370,834
370,901
370,1037
370,1103
370,1291
370,1396
370,1880
370,1920
370,1975
370,2711
370,3100
370,3122
370,3135
370,3345
370,3878
370,3974
370,4029
370,4372
370,4406
370,4489
370,4719
370,4833
370,5110
370,5892
370,6111
370,6618
370,6875
370,6881
370,7203
370,8587
370,8614
370,9044
370,9511
370,9596
370,10737
370,11235
370,12085
370,12623
370,13111
370,13155
370,13420
370,13616
370,13874
370,13899
370,15011
370,15452
370,15756
370,15961
370,16636
370,16815
370,17636
370,17838
370,18588
370,19898
371,888
371,945
371,1426
371,1774
371,1856
371,1902
371,2384
371,4086
371,4690
371,6722
371,7616
371,8512
371,8709
371,9383
371,9571
371,10270
371,10638
371,12795
371,14140
371,14960
371,16266
371,18241
371,19531
372,593
372,617
372,919
372,981
372,1272
372,1967
372,2108
372,3053
372,3111
372,3300
372,4115
372,5242
372,5340
372,5872
372,5889
372,6191
372,6419
372,7599
372,9353
372,9650
372,9760
372,12338
372,12982
372,13544
372,15207
373,422
373,434
373,459
373,469
373,580
373,718
373,842
373,864
373,886
373,1089
373,1324
373,1822
373,2242
373,2566
373,2690
373,2849
373,3064
373,3995
373,4028
373,4820
373,4882
373,5373
373,5420
373,5645
373,6664
373,7024
373,8180
373,8433
373,9621
373,10289
373,11214
373,13983
373,14430
373,17115
373,19422
374,843
374,984
374,1294
374,1471
374,1607
374,1718
374,2028
374,2095
374,3048
374,3474
374,3765
374,4022
374,5579
374,5979
374,6417
374,7193
374,7776
374,8306
374,8547
374,9519
374,10313
374,11201
374,11223
374,11286
374,11307
374,11325
374,11524
374,11737
374,14376
374,14623
374,14672
374,16110
374,16734
374,16945
374,18366
374,18463
374,18967
375,387
375,632
375,781
375,823
375,857
375,914
375,1101
375,1314
375,1574
375,2097
375,2389
375,2744
375,2817
375,3127
375,4035
375,4683
375,5224
375,5650
375,7043
375,7323
375,7712
375,9524
375,11849
375,12168
375,13405
375,14530
375,14731
375,14879
375,16038
375,16473
375,17510
375,18160
375,18668
376,444
376,2490
376,3478
376,4252
376,4729
376,4790
376,5931
376,7992
376,8389
376,8425
376,11472
376,13104
376,14059
376,16138
376,16794
376,16836
377,505
377,746
377,859
377,889
377,1007
377,1031
377,1157
377,1296
377,1390
377,1457
377,1734
377,1896
377,2650
377,2665
377,3095
377,3514
377,3751
377,3798
377,4024
377,4807
377,5076
377,5465
377,6113
377,6298
377,7219
377,8125
377,8723
377,9888
377,11622
377,13508
377,14458
377,14568
377,15807
377,15997
377,16611
377,16627
377,16631
377,16788
377,16836
377,17115
377,19123
377,19178
378,561
378,676
378,693
378,929
378,1148
378,3224
378,3448
378,4983
378,13808
378,19511
379,453
379,643
379,662
379,812
379,2463
379,4772
379,5518
379,5613
379,6789
379,6839
379,8544
379,10700
379,10944
379,11312
379,11500
379,12566
379,13038
379,13526
379,14268
379,15158
379,15221
379,15439
379,15564
379,16999
379,18013
379,18655
379,19901
380,495
380,686
380,775
380,780
380,993
380,1072
380,1115
380,1157
380,1223
380,1354
380,1359
380,1710
380,1900
380,1940
380,2009
380,2087
380,2526
380,2551
380,2683
380,2716
380,3327
380,3537
380,3955
380,3962
380,4104
380,4508
380,4781
380,4828
380,4963
380,5062
380,5269
380,5473
380,5615
380,7074
380,7309
380,7827
380,7928
380,8046
380,8326
380,9256
380,9737
380,10225
380,10328
380,10486
380,10607
380,10621
380,10630
380,11450
380,11507
380,11569
380,13324
380,13540
380,13969
380,14337
380,15175
380,15412
380,15489
380,16058
380,17400
380,17409
380,17875
380,18194
380,18670
380,18970
380,19752
381,474
381,1052
381,1065
381,1109
381,1124
381,1145
381,1609
381,1962
381,2196
381,2224
381,2308
381,3165
381,3557
381,3814
381,4009
381,4535
381,5021
381,6003
381,6107
381,6219
381,6288
381,6590
381,6809
381,8170
381,8325
381,8519
381,8610
381,9515
381,11416
381,11480
381,13417
381,14615
381,14622
381,15006
381,16626
381,18275
381,18365
382,556
382,803
382,832
382,1824
382,2333
382,3030
382,3066
382,3549
382,4572
382,4695
382,7530
382,8690
382,11371
382,13514
382,14186
382,14316
382,15535
382,18230
383,413
383,514
383,637
383,794
383,873
383,933
383,1169
383,1206
383,1285
383,2759
383,3359
383,3459
383,3747
383,4630
383,5365
383,5506
383,5592
383,6083
383,6357
383,6483
383,7009
383,7084
383,9031
383,9432
383,11365
383,12649
383,13544
383,14365
383,14800
383,15154
383,15642
383,16737
383,17277
383,17338
383,18092
384,786
384,1043
384,1046
384,1095
384,1426
384,1987
384,2227
384,2908
384,2940
384,2981
384,3033
384,3119
384,3120
384,4027
384,4759
384,5036
384,5096
384,5355
384,6291
384,7112
384,7517
384,7581
384,7981
384,8236
384,9184
384,12087
384,12390
384,12609
384,13275
384,13414
384,13842
384,14109
384,14962
384,15062
384,15850
384,17468
384,18176
384,19829
385,1075
385,2348
385,2821
385,3045
385,3648
385,5563
385,6049
385,6189
385,7530
385,7801
385,9462
385,9760
385,14568
385,17109
385,18466
385,18581
386,434
386,547
386,549
386,686
386,745
386,784
386,1024
386,1245
386,1330
386,1566
386,1702
386,1838
386,1859
386,2171
386,2586
386,2714
386,2884
386,3149
386,3177
386,3252
386,3421
386,3586
386,4555
386,4735
386,4901
386,5526
386,5774
386,6431
386,6549
386,7122
386,8148
386,8324
386,11332
386,12398
386,13416
386,14092
386,14641
386,16153
386,17195
386,18422
386,18905
386,19084
386,19190
386,19419
387,431
387,1271
387,1506
387,1672
387,1815
387,2149
387,2329
387,3482
387,3571
387,4186
387,4356
387,4459
387,4536
387,5211
387,6126
387,6350
387,6504
387,6796
387,7345
387,8610
387,8799
387,9817
387,10411
387,11639
387,11717
387,11770
387,11888
387,12342
387,12829
387,13019
387,13045
387,14386
387,14479
387,17342
387,17346
387,19831
388,4399
388,5328
388,6274
388,6591
388,7892
388,10694
388,11436
388,12746
388,15648
388,17014
389,550
389,1114
389,1533
389,1800
389,2216
389,2334
389,3100
389,3656
389,3704
389,3865
389,3905
389,4024
389,4287
389,4331
389,4861
389,5729
389,5952
389,6555
389,7299
389,8345
389,9630
389,11206
389,11449
389,11951
389,12450
389,12661
389,13270
389,13821
389,14839
389,16295
389,16605
389,16848
389,17057
389,17302
389,18128
390,455
390,506
390,725
390,1119
390,1607
390,1921
390,1965
390,2749
390,3043
390,3796
390,3907
390,5186
390,6323
390,6484
390,6559
390,6962
390,7802
390,8078
390,9488
390,9976
390,10521
390,10694
390,10984
390,11036
390,15116
390,15575
390,17521
390,18659
390,19053
391,403
391,486
391,517
391,602
391,1027
391,1193
391,1219
391,1227
391,1292
391,1440
391,1497
391,1668
391,1722
391,1883
391,1897
391,1904
391,1917
391,1965
391,2096
391,2759
391,2806
391,2845
391,2968
391,3306
391,3407
391,3546
391,3572
391,3770
391,3939
391,4209
391,4307
391,4498
391,4541
391,4747
391,4769
391,5234
391,5291
391,5397
391,5606
391,5934
391,6527
391,6588
391,6769
391,6799
391,6858
391,6971
391,7111
391,7279
391,7660
391,8097
391,8769
391,9210
391,9221
391,9755
391,10821
391,10925
391,11016
391,11372
391,11601
391,11964
391,11974
391,12259
391,12417
391,12444
391,12640
391,12952
391,13913
391,14921
391,15655
391,16079
391,16147
391,16733
391,16769
391,17050
391,17437
391,17606
391,18535
391,19670
391,19853
392,537
392,825
392,1287
392,1330
392,1429
392,1473
392,1497
392,1527
392,1898
392,2143
392,2381
392,2513
392,2602
392,3398
392,3432
392,4652
392,5293
392,6015
392,6581
392,7024
392,7860
392,8955
392,9076
392,9283
392,10291
392,10383
392,11386
392,11588
392,12055
392,12749
392,12773
392,12987
392,13374
392,13376
392,15272
392,15443
392,15952
392,17373
392,17496
392,17939
392,18691
392,19884
393,468
393,659
393,892
393,927
393,1127
393,1209
393,1699
393,1705
393,1724
393,1837
393,2038
393,2044
393,2244
393,2313
393,2461
393,2595
393,2660
393,2956
393,3066
393,3299
393,4601
393,5392
393,5757
393,6096
393,6174
393,6486
393,7661
393,7853
393,8441
393,8722
393,9209
393,9231
393,9408
393,13292
393,13957
393,14180
393,14261
393,15331
393,15668
393,16182
393,17104
393,18183
393,18229
393,18280
393,19853
394,487
394,572
394,576
394,627
394,838
394,889
394,1104
394,1285
394,1348
394,1446
394,1501
394,1585
394,1645
394,1709
394,2060
394,2423
394,2430
394,2645
394,2838
394,3388
394,3567
394,3930
394,4494
394,5228
394,5360
394,5546
394,5816
394,6021
394,6036
394,6625
394,6759
394,7554
394,8721
394,9258
394,9571
394,13067
394,13221
394,14413
394,14637
394,15396
394,16106
394,16640
394,18125
395,700
395,1436
395,1559
395,1726
395,1775
395,2563
395,3907
395,4090
395,4947
395,4993
395,5513
395,5898
395,6020
395,10221
395,10976
395,11108
395,11556
395,14843
395,15746
395,17160
396,411
396,473
396,505
396,534
396,800
396,1096
396,1204
396,1590
396,1627
396,1637
396,1691
396,2338
396,2445
396,2670
396,3121
396,3162
396,3249
396,3427
396,3558
396,3753
396,5064
396,5077
396,5387
396,5703
396,6128
396,6179
396,6308
396,6332
396,6378
396,6896
396,7887
396,8149
396,8386
396,8974
396,11222
396,11241
396,11293
396,11671
396,11995
396,12286
396,12787
396,13454
396,14187
396,14247
396,14686
396,14883
396,17048
396,17068
396,17453
396,17600
396,19203
396,19816
397,544
397,578
397,617
397,814
397,1170
397,2473
397,2581
397,5247
397,5396
397,6470
397,8324
397,8398
397,8475
397,9442
397,9510
397,10632
397,11943
397,12854
397,15613
397,18212
397,18805
397,19867
398,468
398,895
398,997
398,1297
398,1309
398,1854
398,2697
398,5372
398,5919
398,6407
398,6769
398,8011
398,10091
398,10351
398,11537
398,12413
398,13091
398,13931
398,14679
398,16394
398,18594
399,950
399,2120
399,2311
399,2873
399,3422
399,4792
399,5431
399,6963
399,7581
399,8025
399,11205
399,11420
399,11473
399,11552
399,11799
399,12454
399,12882
399,14194
399,14205
399,18183
399,18861
400,443
400,563
400,631
400,829
400,1103
400,1295
400,1438
400,1963
400,2103
400,2209
400,2229
400,2511
400,2723
400,2848
400,3058
400,3378
400,3544
400,3774
400,4074
400,5173
400,5828
400,5855
400,6031
400,6132
400,6677
400,6868
400,6895
400,7089
400,8165
400,8856
400,9678
400,9924
400,10458
400,11215
400,11371
400,11894
400,14304
400,15951
400,16873
400,18465
400,18809
401,445
401,476
401,521
401,601
401,656
401,854
401,1114
401,2037
401,2158
401,2159
401,2217
401,2684
401,2699
401,3575
401,3846
401,3903
401,4097
401,4645
401,4817
401,5134
401,5527
401,7287
401,7777
401,8499
401,8798
401,9117
401,9345
401,9643
401,9918
401,10449
401,10660
401,11433
401,11514
401,11613
401,12601
401,13078
401,13403
401,14080
401,14298
401,14299
401,14403
401,14491
401,14503
401,14722
401,14754
401,16240
401,16308
401,17408
402,690
402,1569
402,1619
402,2573
402,2677
402,3989
402,5176
402,6627
402,10634
402,12087
402,12556
402,16863
402,19156
403,411
403,652
403,1106
403,1979
403,2128
403,4197
403,4245
403,5344
403,5538
403,5641
403,5759
403,6406
403,6554
403,8685
403,9449
403,9617
403,9789
403,10640
403,11918
403,14404
403,15276
403,15423
403,16099
404,563
404,612
404,684
404,957
404,1054
404,1374
404,1783
404,1827
404,2016
404,2185
404,2201
404,2223
404,2387
404,2507
404,2676
404,3461
404,4379
404,4425
404,5167
404,5299
404,5355
404,5738
404,6311
404,6697
404,7068
404,7125
404,7454
404,7795
404,7866
404,9439
404,9659
404,9698
404,9950
404,11099
404,12278
404,12756
404,15635
404,15894
404,16873
404,18734
404,19942
405,478
405,644
405,680
405,690
405,692
405,723
405,1165
405,1350
405,1758
405,1776
405,1924
405,2554
405,2583
405,3336
405,3381
405,3831
405,3965
405,4391
405,4615
405,5000
405,5476
405,6131
405,6733
405,7023
405,7333
405,8097
405,8813
405,9276
405,9751
405,9773
405,10144
405,10358
405,10699
405,10950
405,11124
405,13685
405,14143
405,14758
405,16046
405,17815
405,18476
406,556
406,585
406,614
406,1480
406,3120
406,3381
406,3536
406,3944
406,5284
406,5965
406,6668
406,7313
406,7680
406,7902
406,9856
406,10321
406,10977
406,11561
406,11740
406,12318
406,12398
406,12426
406,12558
406,12875
406,14171
406,14449
406,15582
406,16575
406,16627
406,16642
406,17663
406,18764
406,18786
407,658
407,1324
407,1505
407,1653
407,1885
407,1959
407,2173
407,2262
407,2643
407,2721
407,3154
407,3281
407,4134
407,4663
407,6094
407,6473
407,6475
407,6710
407,6787
407,8649
407,10152
407,10300
407,12830
407,13546
407,14177
407,15325
407,16078
407,17033
408,599
408,2383
408,2689
408,3543
408,5536
408,6929
408,7975
408,12580
408,12929
408,13725
408,15587
408,15589
408,17070
408,19066
409,431
409,493
409,1187
409,2202
409,2257
409,2362
409,3178
409,4495
409,9428
409,13437
409,15463
409,16266
409,19087
410,490
410,663
410,1711
410,1905
410,1932
410,2291
410,2346
410,2812
410,2813
410,2941
410,3167
410,3573
410,3805
410,4073
410,4266
410,4446
410,4734
410,5012
410,5882
410,6881
410,7779
410,7918
410,8168
410,9829
410,10359
410,10653
410,10926
410,11075
410,11354
410,11487
410,11823
410,12181
410,12923
410,12946
410,13413
410,13987
410,15388
410,16390
410,17201
410,17868
410,18046
410,18564
410,18732
410,18830
410,19288
410,19382
411,740
411,969
411,986
411,1110
411,1509
411,1688
411,1754
411,2091
411,2114
411,2231
411,2409
411,2524
411,2563
411,2653
411,3220
411,3346
411,3395
411,4202
411,4674
411,6454
411,6647
411,6675
411,7524
411,7920
411,8264
411,8865
411,9169
411,10091
411,11168
411,11738
411,12382
411,12681
411,13200
411,14108
411,14370
411,14441
411,15949
411,16626
411,17444
411,17695
411,18137
411,19584
412,442
412,914
412,1016
412,1187
412,1197
412,1228
412,1443
412,1546
412,2142
412,2267
412,2400
412,2501
412,5024
412,5823
412,6935
412,7294
412,8464
412,8682
412,8738
412,9107
412,9521
412,9888
412,10565
412,11219
412,11242
412,11502
412,12646
412,13213
412,15232
412,15351
412,19410
413,424
413,452
413,809
413,840
413,880
413,1905
413,1968
413,2164
413,2236
413,2245
413,2275
413,2475
413,2488
413,3946
413,4833
413,4986
413,5821
413,5847
413,6249
413,6492
413,7096
413,7108
413,8074
413,8095
413,8578
413,8851
413,10222
413,10430
413,10782
413,10896
413,12117
413,12813
413,12848
413,12866
413,12983
413,13713
413,14010
413,15106
413,15709
413,16594
413,18105
413,18312
413,19134
413,19256
414,461
414,627
414,1105
414,1186
414,1334
414,1563
414,1855
414,2490
414,2700
414,2744
414,2802
414,2835
414,3500
414,4153
414,4199
414,5009
414,5513
414,6502
414,6804
414,7396
414,7785
414,8413
414,8845
414,9001
414,9134
414,9470
414,9663
414,12846
414,12984
414,15026
414,16504
414,17641
414,18001
414,19529
414,19786
414,19791
415,979
415,1023
415,1203
415,1540
415,1706
415,1985
415,2169
415,2195
415,2842
415,6300
415,7422
415,8265
415,8343
415,8689
415,8848
415,9686
415,10264
415,13276
415,14195
415,15487
415,15826
415,15869
415,18572
415,19424
416,436
416,440
416,484
416,503
416,815
416,984
416,1089
416,1161
416,1603
416,2313
416,2482
416,2685
416,3552
416,3836
416,4320
416,4953
416,5596
416,5699
416,6322
416,6591
416,7219
416,7425
416,7807
416,8334
416,8569
416,8794
416,9322
416,10747
416,11603
416,11650
416,13729
416,13926
416,13961
416,14131
416,14315
416,16691
416,18048
416,18162
416,18379
416,19020
416,19062
417,529
417,890
417,1007
417,1493
417,1521
417,1900
417,1999
417,2112
417,2672
417,3040
417,3103
417,3624
417,3787
417,3918
417,4739
417,4802
417,6391
417,6598
417,6784
417,7020
417,7116
417,9812
417,10783
417,12077
417,14191
417,15257
417,15835
417,17821
417,18723
418,888
418,2197
418,2323
418,2512
418,2581
418,3360
418,3564
418,3603
418,3708
418,4824
418,5556
418,7120
418,7327
418,7451
418,7645
418,8541
418,9386
418,9543
418,11318
418,11382
418,14884
419,1346
419,2538
419,3040
419,3621
419,3947
419,4220
419,4784
419,5006
419,5748
419,8578
419,11484
419,14681
419,18141
420,465
420,656
420,813
420,1052
420,1080
420,1081
420,1084
420,1302
420,1721
420,1776
420,3777
420,3858
420,4375
420,5337
420,5845
420,6045
420,6299
420,6838
420,8314
420,10790
420,13131
420,13349
420,13569
420,14188
420,15923
420,18763
420,19436
420,19994
421,429
421,718
421,750
421,962
421,1004
421,1137
421,1376
421,1461
421,1640
421,1883
421,1916
421,2069
421,2734
421,2776
421,2809
421,2903
421,3166
421,3238
421,3423
421,3459
421,4000
421,4158
421,4187
421,4586
421,4706
421,4939
421,5123
421,5473
421,5646
421,5828
421,6074
421,6494
421,6515
421,7457
421,7503
421,7573
421,7978
421,9285
421,9404
421,9448
421,10472
421,11031
421,11155
421,11270
421,11350
421,11795
421,12799
421,12869
421,13337
421,13964
421,14210
421,14417
421,15396
421,16047
421,16142
421,16400
421,16402
421,16443
421,16958
421,18215
421,18285
421,18535
421,18762
421,18770
421,19210
421,19431
422,465
422,989
422,1843
422,1975
422,1991
422,2194
422,2300
422,2390
422,2448
422,2534
422,2767
422,2782
422,2853
422,3418
422,4654
422,4794
422,6785
422,7000
422,8290
422,9187
422,9659
422,10743
422,11121
422,11699
422,12196
422,12511
422,12889
422,13941
422,14395
422,14562
422,14662
422,14736
422,15547
422,17583
422,18384
422,19142
423,731
423,1280
423,1843
423,2105
423,2182
423,2332
423,2558
423,3571
423,3587
423,4167
423,5134
423,6229
423,8226
423,10546
423,11931
423,17285
424,594
424,1245
424,2910
424,4312
424,6164
424,9766
424,10711
424,10858
424,13343
424,14412
424,19995
425,790
425,840
425,1494
425,2055
425,2528
425,3024
425,3353
425,3602
425,3973
425,3994
425,4651
425,4958
425,6080
425,6123
425,6666
425,6918
425,7395
425,8592
425,12239
425,13421
425,13503
425,16018
425,16495
425,19167
425,19193
426,447
426,451
426,1531
426,1705
426,3116
426,8079
426,8283
426,8453
426,8686
426,8711
426,10936
426,11308
426,12048
427,635
427,759
427,864
427,1427
427,1471
427,2451
427,3989
427,4081
427,5979
427,6414
427,9926
427,10174
427,10636
427,12164
427,12244
427,12860
427,15002
427,17205
427,18177
427,18748
427,19809
428,434
428,740
428,884
428,900
428,1008
428,1277
428,1332
428,1830
428,1916
428,2457
428,2469
428,3417
428,3475
428,3543
428,3576
428,3734
428,5475
428,6707
428,7003
428,7023
428,7506
428,7637
428,7688
428,7852
428,8627
428,10361
428,10536
428,10729
428,11282
428,12147
428,12640
428,14267
428,14831
428,16197
428,16883
428,16918
428,17038
428,17109
428,17346
428,17470
428,18103
428,18234
428,18309
428,18750
428,18845
428,18858
428,19974
429,473
429,625
429,951
429,1407
429,1922
429,2179
429,3902
429,3966
429,4054
429,5666
429,6188
429,6225
429,6466
429,7610
429,9257
429,9934
429,10043
429,10592
429,10893
429,11462
429,12823
429,13939
429,15340
429,16310
429,16367
429,16793
430,701
430,774
430,1139
430,1165
430,1524
430,2070
430,2165
430,2206
430,2221
430,2521
430,3085
430,3529
430,3812
430,4359
430,4386
430,4524
430,5163
430,5583
430,6814
430,6849
430,7269
430,8928
430,8998
430,9221
430,9445
430,9745
430,9751
430,11530
430,11812
430,12210
430,12261
430,12572
430,13006
430,13118
430,14069
430,15701
430,16121
430,16944
430,17807
430,19082
431,598
431,631
431,902
431,960
431,1036
431,1488
431,1658
431,1706
431,1803
431,1810
431,1961
431,2312
431,2324
431,2658
431,2870
431,2872
431,3050
431,3376
431,3403
431,3479
431,3871
431,4325
431,5071
431,5416
431,5437
431,5460
431,6102
431,7009
431,7855
431,7908
431,8390
431,10160
431,10654
431,11739
431,12084
431,12506
431,12838
431,12958
431,13839
431,14118
431,14505
431,14547
431,16684
431,18436
431,18615
431,19863
432,845
432,894
432,1102
432,2327
432,2518
432,3332
432,3910
432,4216
432,4236
432,5119
432,6019
432,6736
432,7063
432,7709
432,10188
432,12110
432,12676
432,13314
432,15823
432,19155
433,944
433,2024
433,2210
433,2496
433,2508
433,2907
433,3419
433,4418
433,6711
433,6846
433,7828
433,8769
433,9849
433,11403
433,12632
433,12997
433,13882
433,15967
433,16738
433,19230
434,493
434,535
434,567
434,1128
434,1206
434,1388
434,1445
434,1520
434,1566
434,1605
434,1752
434,1797
434,1870
434,1907
434,2108
434,2420
434,2439
434,2650
434,2698
434,2820
434,2877
434,2936
434,3002
434,3236
434,3283
434,3377
434,3948
434,4517
434,5059
434,5385
434,5464
434,5582
434,5771
434,5859
434,6157
434,6334
434,6380
434,6976
434,7726
434,8208
434,8314
434,8382
434,8500
434,8763
434,8942
434,9328
434,9691
434,10170
434,10368
434,11367
434,11485
434,11938
434,12014
434,12836
434,13654
434,14775
434,14839
434,14973
434,15038
434,15277
434,17087
434,17399
434,17759
434,17803
434,17873
434,17912
434,18048
434,18368
434,18804
434,19161
434,19505
434,19561
434,19668
435,812
435,928
435,1127
435,1172
435,1288
435,2301
435,4099
435,4591
435,4739
435,6073
435,9423
435,11154
435,11275
435,11469
435,12416
435,12709
435,12873
435,18945
436,857
436,2795
436,2895
436,3177
436,3545
436,3636
436,4437
436,4540
436,5125
436,5200
436,5908
436,9072
436,10950
436,11219
436,11886
436,12153
436,13086
436,13172
436,13191
436,14348
436,15893
436,16934
436,19677
437,508
437,575
437,647
437,722
437,869
437,934
437,988
437,1089
437,1100
437,1428
437,1439
437,1549
437,1657
437,1722
437,1817
437,2018
437,2089
437,2323
437,2503
437,2512
437,2557
437,2720
437,2736
437,2918
437,3084
437,3285
437,3298
437,3481
437,3505
437,3587
437,3761
437,3823
437,3843
437,3899
437,4103
437,4138
437,4230
437,4247
437,4259
437,4271
437,4343
437,4370
437,4388
437,4573
437,4654
437,4847
437,4965
437,5238
437,5304
437,5360
437,5663
437,6142
437,6346
437,6589
437,6593
437,6652
437,6826
437,7104
437,7278
437,7385
437,7404
437,7424
437,7861
437,7932
437,8000
437,8091
437,8506
437,9657
437,10601
437,10703
437,10845
437,10849
437,11024
437,11662
437,12482
437,12877
437,12926
437,13287
437,13372
437,13852
437,13875
437,14612
437,14797
437,15188
437,15832
437,16449
437,16572
437,17000
437,17294
437,17314
437,17872
437,18001
437,18122
437,18728
437,18899
437,19243
437,19341
437,19931
438,565
438,570
438,819
438,1050
438,1111
438,1394
438,1503
438,1515
438,1534
438,1622
438,2128
438,2145
438,2222
438,2312
438,2852
438,3469
438,3614
438,3991
438,4085
438,4276
438,4651
438,5403
438,5463
438,5741
438,6115
438,6126
438,6217
438,7251
438,7275
438,7354
438,9210
438,12369
438,12849
438,14242
438,14780
438,15180
438,15468
438,15559
438,15747
438,16368
438,16531
438,17395
438,17690
438,18491
439,707
439,753
439,839
439,849
439,1114
439,1162
439,1544
439,2626
439,3051
439,3203
439,3344
439,3689
439,3691
439,3797
439,5341
439,5362
439,5713
439,6187
439,6297
439,6386
439,7516
439,7678
439,7773
439,8018
439,8250
439,8688
439,9131
439,9406
439,9568
439,9744
439,10229
439,10446
439,10450
439,10586
439,10803
439,10872
439,11299
439,11418
439,12754
439,12825
439,13081
439,13242
439,13254
439,13880
439,14103
439,14515
439,15040
439,15184
439,16387
439,16871
439,17035
439,17203
439,17450
439,17892
439,18838
439,19809
440,523
440,564
440,724
440,1028
440,1224
440,2110
440,2249
440,2347
440,2622
440,2970
440,3284
440,3306
440,3464
440,4277
440,4626
440,4707
440,4826
440,5530
440,5834
440,6077
440,6107
440,6305
440,7939
440,8688
440,9170
440,9327
440,10081
440,10206
440,10254
440,11655
440,12824
440,15409
440,15795
440,16007
440,17495
440,17982
440,18437
440,18781
440,18880
441,475
441,489
441,896
441,1184
441,1543
441,1558
441,2279
441,2721
441,3567
441,4775
441,6456
441,8933
441,9227
441,9804
441,10092
441,10442
441,11636
441,11970
441,13027
441,13131
441,13240
441,13861
441,15254
441,16508
441,16886
441,17060
441,17702
441,18027
442,618
442,687
442,1513
442,1834
442,1850
442,2351
442,2399
442,2705
442,2952
442,3098
442,3371
442,3676
442,3744
442,4096
442,4762
442,4770
442,5191
442,5989
442,6276
442,7653
442,8055
442,8203
442,8406
442,8737
442,10411
442,10573
442,10881
442,11376
442,12664
442,13192
442,14939
442,18104
442,18174
443,541
443,565
443,1447
443,2615
443,3570
443,3672
443,4458
443,6724
443,7703
443,11113
443,12649
443,15263
443,15603
443,17448
443,18951
443,19736
444,455
444,459
444,510
444,593
444,619
444,642
444,730
444,937
444,1000
444,1848
444,1942
444,2119
444,2243
444,2824
444,3279
444,3311
444,3575
444,3755
444,3805
444,5400
444,5762
444,7150
444,7435
444,7463
444,7868
444,8427
444,8544
444,8947
444,9142
444,10186
444,12342
444,12752
444,12813
444,13660
444,13763
444,14344
444,14627
444,15012
444,15168
444,15901
444,16085
444,16843
444,17562
444,17773
444,18360
444,18699
444,19374
444,19548
445,537
445,694
445,708
445,751
445,886
445,1002
445,1113
445,1276
445,1425
445,1740
445,1786
445,2608
445,2769
445,3314
445,3383
445,3413
445,3779
445,3833
445,4451
445,4716
445,4938
445,5047
445,5183
445,5550
445,5563
445,5761
445,6776
445,6949
445,6976
445,7127
445,7329
445,7443
445,8138
445,8421
445,9450
445,10473
445,10654
445,11919
445,12470
445,12688
445,15087
445,15580
445,16229
445,19435
446,520
446,1617
446,3470
446,3747
446,3870
446,4231
446,4234
446,6084
446,6544
446,9224
446,10953
446,11353
446,14550
446,16221
446,16417
446,17183
446,17931
446,19244
447,581
447,699
447,1513
447,1855
447,2287
447,3048
447,3550
447,4636
447,6509
447,7264
447,8077
447,8919
447,12664
447,17618
448,767
448,1590
448,1693
448,2687
448,4889
448,8158
448,8880
448,14795
448,17603
449,479
449,577
449,664
449,1283
449,1393
449,2188
449,2298
449,2390
449,2661
449,3168
449,3587
449,5981
449,7829
449,7940
449,8805
449,10013
449,10067
449,10119
449,10603
449,12044
449,12088
449,12356
449,14418
449,14592
449,15602
449,16468
449,16917
449,16955
449,17182
449,17362
449,18055
449,18273
450,1177
450,1791
450,2002
450,2552
450,2702
450,3304
450,3684
450,3700
450,3893
450,4046
450,4932
450,5084
450,5449
450,5691
450,6420
450,6775
450,8193
450,10512
450,11797
450,17239
450,18119
451,611
451,1410
451,1513
451,1581
451,1829
451,2053
451,2674
451,2680
451,2778
451,2905
451,3321
451,3405
451,3960
451,4031
451,4251
451,4374
451,4794
451,6225
451,7101
451,7248
451,9067
451,9632
451,9942
451,12827
451,13197
451,13475
451,14848
451,15363
451,15721
451,15929
451,16681
451,17294
451,17328
451,17383
451,17603
451,17638
451,17645
451,18336
451,19753
452,475
452,557
452,566
452,666
452,724
452,744
452,765
452,1505
452,1754
452,2138
452,2266
452,2394
452,3201
452,3297
452,3739
452,3750
452,4211
452,4736
452,5109
452,5157
452,5206
452,6008
452,6477
452,6736
452,7684
452,8525
452,10010
452,10998
452,11425
452,11498
452,13432
452,14390
452,15529
452,15660
452,15974
452,17673
452,17853
452,18293
453,509
453,881
453,921
453,1307
453,1560
453,1580
453,1685
453,1699
453,2265
453,2892
453,2951
453,3001
453,3110
453,3365
453,3477
453,6269
453,7087
453,7424
453,8134
453,8415
453,9259
453,9363
453,10845
453,10882
453,10946
453,11259
453,12226
453,13141
453,13240
453,13422
453,14224
453,15305
453,15711
453,16339
453,16821
453,17795
453,17811
454,506
454,1362
454,2020
454,2365
454,3647
454,3851
454,4250
454,4797
454,5105
454,5350
454,10075
454,11364
454,12223
454,12318
454,13300
454,13418
454,14113
454,14366
454,16025
454,17943
454,18863
454,18967
454,19521
455,486
455,612
455,725
455,793
455,1493
455,2116
455,2212
455,2729
455,3096
455,3760
455,3883
455,4345
455,4723
455,4826
455,4863
455,4883
455,5714
455,5917
455,6722
455,6869
455,6973
455,7542
455,7710
455,8346
455,8390
455,9633
455,10547
455,12051
455,13027
455,14248
455,14381
456,564
456,1292
456,2047
456,2402
456,2732
456,3744
456,6156
456,8194
456,8804
456,12254
456,12372
456,14124
456,14509
456,18397
457,572
457,576
457,686
457,753
457,866
457,893
457,1529
457,1598
457,1660
457,2393
457,2844
457,3261
457,3421
457,3659
457,4440
457,4484
457,4498
457,4937
457,5670
457,6697
457,7183
457,7616
457,9473
457,9567
457,11136
457,11700
457,12619
457,15578
457,16088
457,16648
457,17137
457,17501
457,19358
458,893
458,1648
458,1927
458,2259
458,2579
458,3321
458,4197
458,4409
458,4813
458,9497
458,10228
458,10854
458,11643
458,11906
458,12155
458,14241
458,17005
458,18390
458,19639
459,653
459,822
459,832
459,966
459,1324
459,2574
459,2672
459,3434
459,3477
459,3630
459,4991
459,5365
459,5407
459,6168
459,8958
459,10161
459,10390
459,11472
459,12586
459,13370
459,14122
459,14465
459,15041
459,16603
459,18148
459,19156
460,950
460,1350
460,1703
460,1979
460,2058
460,2644
460,3189
460,3503
460,3590
460,3784
460,4910
460,5229
460,5721
460,6338
460,6405
460,6453
460,6964
460,6972
460,8528
460,9990
460,11615
460,11668
460,11712
460,12599
460,13484
460,15042
460,15264
460,15420
460,16885
460,17293
460,17482
460,17625
461,539
461,1672
461,1700
461,2400
461,2511
461,3076
461,3295
461,4218
461,4249
461,4356
461,5168
461,5734
461,6332
461,7740
461,8987
461,9876
461,9962
461,10123
461,10135
461,11680
461,15211
461,15314
461,15706
461,16297
461,19525
462,514
462,543
462,821
462,823
462,1478
462,1959
462,2266
462,2851
462,2980
462,3577
462,4153
462,4235
462,4499
462,6395
462,8128
462,8273
462,8286
462,9119
462,9214
462,9486
462,11052
462,11349
462,12246
462,14613
462,16255
462,18650
462,19098
462,19961
463,636
463,1908
463,2249
463,2706
463,2987
463,3230
463,3696
463,4047
463,5334
463,5722
463,6065
463,6134
463,6615
463,7722
463,9779
463,10617
463,11093
463,11355
463,14323
463,14514
463,15827
463,15944
463,16288
463,18273
463,18747
463,19085
464,1032
464,1389
464,1618
464,2089
464,3721
464,6200
464,7255
464,10781
464,11788
464,14166
464,16456
464,18856
464,19742
465,538
465,551
465,562
465,606
465,1399
465,1475
465,1773
465,2424
465,2669
465,2727
465,3713
465,6343
465,6701
465,7002
465,7205
465,8793
465,11404
465,12818
465,18019
466,513
466,577
466,580
466,611
466,734
466,762
466,1841
466,2437
466,4512
466,6874
466,6938
466,9932
466,10134
466,10371
466,11993
466,13835
466,18200
466,19087
466,19947
467,570
467,2220
467,2407
467,4343
467,6022
467,6182
467,7407
467,11344
467,12157
467,14350
467,14834
467,19639
468,574
468,690
468,1214
468,2125
468,2510
468,2976
468,3087
468,3888
468,4107
468,4342
468,5274
468,5818
468,6064
468,7670
468,8246
468,8497
468,8782
468,10885
468,13262
468,13853
468,13952
468,14763
468,15003
468,16834
468,17249
468,19595
469,1587
469,1814
469,2375
469,2524
469,2620
469,3077
469,3683
469,4027
469,4546
469,4807
469,6085
469,7083
469,7733
469,8715
469,9676
469,12292
469,13550
469,14472
469,15809
469,16573
469,18048
469,19922
470,723
470,1157
470,1180
470,1356
470,1922
470,4666
470,12067
470,15326
470,17033
471,554
471,1944
471,1953
471,2015
471,2262
471,6366
471,6500
471,7186
471,7375
471,8156
471,9731
471,12310
471,14672
471,14907
471,15105
471,15890
471,17727
471,19056
472,2073
472,2154
472,2264
472,2531
472,2704
472,3541
472,3647
472,3991
472,4936
472,4946
472,5035
472,5048
472,7879
472,8614
472,9087
472,9734
472,12148
472,12919
472,13266
472,13804
472,13948
472,14370
472,14466
472,14890
472,14945
472,15100
472,16101
472,16529
472,17142
473,597
473,868
473,1094
473,1126
473,2403
473,2820
473,5980
473,7878
473,10547
473,10548
473,10896
473,11072
473,11750
473,11977
473,12074
473,12244
473,12334
473,12451
473,13150
473,13289
473,13332
473,14912
473,16110
473,19263
473,19270
474,479
474,552
474,978
474,1167
474,1176
474,1408
474,1491
474,1726
474,1882
474,2100
474,2700
474,2999
474,3335
474,3682
474,3802
474,3811
474,6231
474,6898
474,7070
474,7812
474,8371
474,9153
474,9188
474,9733
474,10223
474,11245
474,11526
474,13818
474,14552
474,16637
474,16796
474,18456
474,19352
475,651
475,1110
475,1366
475,1682
475,1698
475,5154
475,5625
475,6270
475,7083
475,7119
475,7154
475,8926
475,9331
475,9414
475,12663
475,13951
475,14591
475,16350
475,16484
475,17269
476,530
476,609
476,823
476,1212
476,1268
476,1788
476,1941
476,2282
476,2413
476,2785
476,2789
476,3005
476,3761
476,4486
476,4596
476,4788
476,5072
476,5073
476,5116
476,5404
476,7794
476,7977
476,9138
476,9180
476,9198
476,12772
476,12958
476,13673
476,14634
476,14810
476,16523
476,16767
476,16834
476,18489
477,642
477,1464
477,1777
477,1915
477,3344
477,6296
477,6346
477,7550
477,8283
477,10578
477,14167
477,15033
477,16041
477,17019
477,18419
477,19551
478,515
478,1182
478,1486
478,2005
478,2477
478,3137
478,3330
478,4004
478,4251
478,4351
478,4720
478,5822
478,6763
478,7640
478,7732
478,8548
478,8648
478,9228
478,9380
478,9775
478,9837
478,11163
478,13570
478,13633
478,15513
478,15862
478,16679
479,1011
479,1258
479,1368
479,1781
479,2212
479,2598
479,2606
479,3699
479,4588
479,4866
479,5849
479,6145
479,6432
479,7477
479,7599
479,8322
479,9715
479,9722
479,10609
479,10795
479,11552
479,12334
479,12550
479,16060
479,16687
479,18328
479,18477
479,18592
480,625
480,775
480,1371
480,1857
480,2696
480,3650
480,3685
480,3931
480,4280
480,6886
480,6980
480,7116
480,7620
480,8420
480,12023
480,14590
480,14863
480,16306
480,18179
480,18483
481,617
481,684
481,831
481,965
481,1038
481,1712
481,2464
481,3203
481,3404
481,4129
481,4195
481,4265
481,4450
481,4786
481,4919
481,5070
481,6309
481,6699
481,7437
481,7559
481,9126
481,9315
481,9474
481,9601
481,9979
481,10389
481,10887
481,11597
481,13057
481,14560
481,14703
481,15956
481,16048
481,17711
481,17992
481,18375
481,18530
481,19911
482,511
482,1451
482,2201
482,2604
482,2763
482,3117
482,3235
482,4129
482,4612
482,4734
482,4816
482,5482
482,8639
482,10900
482,13020
482,14024
482,14474
482,14811
482,15039
482,16746
482,16903
482,16966
482,17770
483,782
483,924
483,1600
483,1693
483,3313
483,3314
483,7489
483,8723
483,10147
483,19554
484,587
484,901
484,1169
484,1361
484,1879
484,2063
484,2080
484,2202
484,3189
484,3950
484,4534
484,5597
484,5779
484,6073
484,6529
484,7204
484,7717
484,7985
484,10683
484,11522
484,11790
484,12121
484,14128
484,15020
484,15269
484,15773
484,18413
484,18777
484,18923
484,19060
485,579
485,645
485,774
485,814
485,996
485,1874
485,2901
485,3143
485,3176
485,3202
485,3375
485,3386
485,4801
485,5886
485,6566
485,6680
485,8028
485,8227
485,8754
485,8932
485,9255
485,10618
485,11287
485,11399
485,12214
485,12218
485,12221
485,13271
485,13645
485,13783
485,15392
485,16199
485,16233
485,16506
485,16828
485,17165
485,19746
485,19778
485,19955
485,19960
486,670
486,902
486,970
486,985
486,1073
486,1445
486,1456
486,1518
486,1671
486,2043
486,4033
486,7655
486,7869
486,10315
486,10790
486,12016
486,15216
487,712
487,835
487,852
487,1205
487,1377
487,1486
487,1528
487,1731
487,2148
487,2365
487,2377
487,2598
487,2932
487,3486
487,4604
487,4724
487,5814
487,5941
487,6181
487,7008
487,8035
487,8231
487,8820
487,9895
487,10159
487,11364
487,11470
487,12335
487,14028
487,15949
487,16684
488,929
488,979
488,1621
488,2214
488,2882
488,3765
488,4157
488,4497
488,6643
488,7946
488,8541
488,10161
488,10829
488,12308
488,14922
488,15124
488,19610
488,19982
489,533
489,764
489,777
489,1637
489,1655
489,1667
489,1677
489,1733
489,1826
489,1964
489,2147
489,2234
489,2434
489,2462
489,2493
489,2582
489,2634
489,2874
489,3301
489,3357
489,3649
489,3742
489,3784
489,4034
489,4117
489,4223
489,4675
489,4911
489,4918
489,4921
489,5139
489,5205
489,5849
489,6275
489,6425
489,6534
489,7365
489,7487
489,7489
489,7656
489,9243
489,9245
489,9670
489,9677
489,10104
489,10469
489,10636
489,11385
489,12316
489,12378
489,12543
489,12747
489,12748
489,12971
489,13052
489,13079
489,13956
489,14498
489,14797
489,15522
489,17022
489,17697
489,18785
489,19171
490,1001
490,1347
490,1859
490,2697
490,6458
490,9540
490,12511
490,15346
490,15433
490,19769
491,527
491,606
491,721
491,845
491,1305
491,1770
491,1843
491,2027
491,2079
491,2217
491,2860
491,2947
491,3347
491,3519
491,3847
491,3894
491,3896
491,4272
491,4875
491,6709
491,7675
491,7836
491,9392
491,9893
491,10121
491,10154
491,10442
491,11453
491,11847
491,14067
491,14774
491,15717
491,15786
492,584
492,1112
492,3297
492,3528
492,3873
492,4041
492,4526
492,4622
492,5092
492,6417
492,6667
492,6671
492,7231
492,7883
492,9784
492,10220
492,12650
492,13319
492,14060
492,14556
492,16513
492,17216
493,651
493,674
493,905
493,916
493,1354
493,1659
493,2060
493,2125
493,3158
493,3795
493,3893
493,5452
493,5510
493,6948
493,7384
493,7386
493,7666
493,8358
493,10869
493,11234
493,12225
493,12688
493,13623
493,15885
493,16423
493,17358
493,17957
494,527
494,531
494,595
494,617
494,741
494,860
494,881
494,894
494,971
494,1010
494,1071
494,1192
494,1555
494,1861
494,3111
494,3998
494,4266
494,4302
494,4475
494,4538
494,4883
494,5386
494,5605
494,6607
494,7240
494,7435
494,8867
494,9377
494,9682
494,10753
494,11473
494,11552
494,11992
494,12525
494,15840
494,15871
494,16116
494,16395
494,16775
494,17350
494,17871
495,1168
495,2408
495,3005
495,3370
495,3436
495,3698
495,4275
495,4915
495,5642
495,6488
495,7479
495,8701
495,8960
495,13084
495,15424
495,15434
495,16808
495,17567
495,18184
495,19621
496,715
496,899
496,1135
496,1377
496,1500
496,1538
496,2076
496,2700
496,2824
496,2829
496,2987
496,3248
496,3690
496,4063
496,4084
496,4290
496,4547
496,4744
496,4951
496,5012
496,5126
496,5131
496,5515
496,5986
496,6387
496,6502
496,6980
496,7964
496,8635
496,8974
496,9631
496,9750
496,10442
496,10947
496,11477
496,12276
496,12336
496,12696
496,13747
496,18332
496,18795
496,19810
496,19945
496,19963
497,2982
497,3124
497,4113
497,8596
497,12362
497,16847
498,543
498,1012
498,1068
498,1505
498,2078
498,2371
498,2504
498,2548
498,2603
498,2949
498,2960
498,3109
498,3567
498,4225
498,5434
498,5757
498,5827
498,5842
498,6178
498,8370
498,9725
498,9973
498,10276
498,10292
498,11728
498,12076
498,12114
498,16051
498,18949
498,19048
498,19267
498,19989
499,1240
499,1435
499,1894
499,2190
499,3745
499,6057
499,6365
499,6626
499,8341
499,8983
499,10218
499,10694
499,10886
499,11402
499,12056
499,14137
499,15304
499,15762
499,17730
499,17870
499,19097
500,542
500,584
500,677
500,1388
500,1395
500,1512
500,1818
500,3725
500,3832
500,4568
500,4773
500,8999
500,9458
500,10063
500,11297
500,13638
500,15108
500,16332
500,17349
500,17638
500,18805
501,873
501,1889
501,2071
501,2117
501,2234
501,2435
501,3538
501,8566
501,9565
501,11122
501,12108
501,12687
501,15411
501,17982
501,18852
501,19486
502,716
502,848
502,1193
502,1225
502,2940
502,3237
502,3402
502,4612
502,5434
502,5728
502,8037
502,8925
502,9021
502,15911
503,737
503,1327
503,1453
503,2861
503,3616
503,3842
503,4433
503,5050
503,6029
503,6312
503,6495
503,7954
503,9287
503,9299
503,9808
503,12371
503,14376
503,14594
503,15608
503,17331
503,17390
503,18457
503,19043
504,670
504,708
504,1275
504,1289
504,1384
504,2307
504,3852
504,3928
504,3993
504,4027
504,4142
504,4959
504,5115
504,6826
504,7590
504,8132
504,11733
504,12579
504,13572
504,13598
504,13883
504,14605
504,15375
504,16436
504,16494
504,17905
504,19121
504,19572
504,19796
505,645
505,1026
505,2002
505,2135
505,7812
505,7832
505,13043
506,621
506,712
506,737
506,915
506,953
506,1035
506,1512
506,2347
506,2378
506,2516
506,2554
506,2693
506,3027
506,4481
506,5057
506,5187
506,5294
506,5369
506,7050
506,7364
506,7392
506,7578
506,7658
506,8392
506,9671
506,10775
506,12802
506,12900
506,13414
506,14846
506,15338
506,15842
506,16865
506,18291
506,18350
507,584
507,835
507,1664
507,2092
507,2251
507,2506
507,2645
507,2657
507,3628
507,4034
507,4440
507,4444
507,9630
507,11610
507,12149
507,12822
507,17091
507,17354
508,525
508,1571
508,1828
508,1960
508,2058
508,2290
508,2331
508,2722
508,2899
508,3534
508,4017
508,6791
508,7536
508,8471
508,11190
508,14158
508,14582
508,16335
509,671
509,672
509,710
509,730
509,1105
509,1343
509,1444
509,1687
509,2594
509,3413
509,3747
509,4329
509,5134
509,5415
509,5594
509,6022
509,6085
509,6360
509,6477
509,7537
509,8225
509,8708
509,9427
509,9955
509,10396
509,10454
509,11300
509,12384
509,13086
509,13123
509,13407
509,13551
509,13657
509,14038
509,14928
509,16007
509,17179
509,17531
509,18775
509,19016
509,19293
509,19752
510,646
510,741
510,1884
510,6413
510,6554
510,7544
510,7912
510,15508
510,19504
511,588
511,1156
511,2382
511,3730
511,4332
511,4334
511,4336
511,4820
511,7677
511,7815
511,10318
511,11077
511,12616
511,14682
511,15541
511,15811
511,16261
511,17771
511,18306
511,18552
511,19228
512,568
512,2067
512,4788
512,4883
512,6780
512,8629
512,10892
512,11439
512,15886
512,16045
512,18026
512,19617
513,1425
513,2889
513,5690
513,6016
513,6339
513,13665
513,14845
514,878
514,1404
514,2264
514,2291
514,2302
514,2695
514,3678
514,5558
514,5674
514,5731
514,5960
514,9014
514,11184
514,11624
514,11658
514,12232
514,13204
514,14625
514,16464
514,19048
515,2133
515,2411
515,3173
515,3242
515,3862
515,3926
515,4640
515,6287
515,6824
515,7372
515,7436
515,7615
515,8351
515,10021
515,12257
515,12351
515,13047
515,15926
515,17486
515,19541
515,19792
515,19826
516,1298
516,1406
516,1420
516,1482
516,1992
516,3770
516,4531
516,5680
516,6875
516,7875
516,11226
516,16437
516,17568
516,18017
516,19292
516,19306
517,533
517,692
517,798
517,974
517,1320
517,1895
517,1933
517,2985
517,3069
517,4013
517,4504
517,4595
517,4812
517,4894
517,5059
517,5187
517,6728
517,7552
517,7632
517,8396
517,9734
517,9791
517,13913
517,16678
517,16906
517,17424
517,18174
517,18844
518,1148
518,1745
518,1757
518,1918
518,2416
518,2886
518,3057
518,3313
518,4832
518,7805
518,14729
519,709
519,728
519,945
519,1883
519,1999
519,2068
519,5875
519,6373
519,6407
519,8901
519,9333
519,12346
519,12521
519,14421
519,16080
519,17977
520,637
520,999
520,1241
520,1927
520,2328
520,3004
520,3037
520,3579
520,4366
520,4516
520,4698
520,4831
520,4916
520,6384
520,6414
520,6665
520,7494
520,7733
520,8002
520,8021
520,8646
520,8883
520,9262
520,10200
520,10565
520,10626
520,11347
520,11737
520,12094
520,13398
520,13446
520,14237
520,14321
520,16010
520,18613
520,18660
520,19548
520,19700
521,560
521,812
521,1119
521,1286
521,1386
521,1780
521,1940
521,3554
521,3878
521,4028
521,4300
521,4862
521,5171
521,5919
521,5961
521,6023
521,6092
521,7717
521,7867
521,9367
521,9435
521,10591
521,10651
521,10866
521,10930
521,11599
521,11610
521,11848
521,12687
521,14474
521,15625
521,15758
521,16417
521,17385
521,18086
521,19214
522,953
522,1078
522,1096
522,2080
522,3179
522,4321
522,7046
522,9041
522,10068
522,11724
522,13183
522,19294
522,19847
523,615
523,872
523,883
523,1201
523,1343
523,1367
523,1452
523,1886
523,2042
523,2351
523,2701
523,3233
523,3946
523,4016
523,4101
523,4430
523,5803
523,6327
523,7437
523,8056
523,8493
523,9371
523,9597
523,10243
523,11006
523,11837
523,11954
523,13548
523,17791
523,18632
524,733
524,833
524,1876
524,2084
524,2256
524,3058
524,6195
524,7301
524,10022
524,10445
524,11622
524,12749
524,12914
524,15546
524,17001
524,18113
524,18122
525,652
525,768
525,992
525,1025
525,1178
525,3073
525,3090
525,3260
525,3818
525,4646
525,5599
525,7908
525,7926
525,8537
525,8651
525,8663
525,10439
525,10817
525,12128
525,12191
525,12992
525,13900
525,15942
525,16364
525,17111
525,19250
525,19552
526,573
526,838
526,1413
526,2148
526,2206
526,2713
526,3209
526,3905
526,4160
526,4390
526,7196
526,8895
526,9644
526,10991
526,11009
526,11495
526,11605
526,12213
526,14114
526,16467
526,16839
526,19364
526,19910
527,619
527,683
527,721
527,742
527,859
527,1046
527,1151
527,1171
527,1385
527,1409
527,1460
527,2107
527,2561
527,2562
527,2917
527,2990
527,3219
527,3298
527,4000
527,4357
527,4952
527,5149
527,6148
527,7752
527,7957
527,8986
527,9474
527,9483
527,9973
527,10504
527,11214
527,11681
527,12639
527,12952
527,13161
527,13692
527,13818
527,14871
527,15274
527,17794
527,18178
527,18277
527,18556
527,19740
528,644
528,865
528,895
528,1036
528,1347
528,1419
528,1555
528,2788
528,3544
528,4802
528,5274
528,5933
528,5992
528,6034
528,6437
528,8844
528,9314
528,10271
528,10506
528,10517
528,10777
528,11050
528,11767
528,14070
528,16958
528,17487
528,19826
528,19881
529,638
529,729
529,1001
529,1285
529,2211
529,2686
529,3161
529,3414
529,4086
529,4570
529,4987
529,5737
529,6620
529,7302
529,7818
529,8214
529,8487
529,8731
529,11046
529,11529
529,12193
529,12938
529,13062
529,15069
529,15186
529,15255
529,15882
529,16131
529,16176
529,17617
529,19322
529,19908
530,556
530,558
530,707
530,875
530,998
530,1208
530,1408
530,1525
530,2215
530,2602
530,2696
530,2941
530,3308
530,3333
530,3520
530,4224
530,4677
530,4871
530,6107
530,6569
530,7377
530,7965
530,8810
530,9187
530,10431
530,10804
530,10971
530,12227
530,12250
530,12384
530,12850
530,13405
530,13600
530,13899
530,15788
530,16691
530,18969
530,19216
530,19454
530,19976
531,734
531,1444
531,1578
531,1663
531,2474
531,5529
531,7684
531,9376
531,9868
531,10485
531,13790
531,15298
531,17461
532,913
532,1215
532,1554
532,1918
532,2437
532,2529
532,2996
532,3811
532,3835
532,4943
532,5371
532,5554
532,6137
532,7096
532,7271
532,7400
532,7662
532,7774
532,8567
532,9575
532,9803
532,10192
532,10213
532,13285
532,13333
532,15107
532,15932
533,653
533,832
533,871
533,990
533,1195
533,1214
533,1359
533,1868
533,1958
533,1959
533,2090
533,2149
533,2162
533,2219
533,2542
533,2582
533,2928
533,3193
533,3201
533,3360
533,3800
533,4219
533,4976
533,5423
533,5443
533,5909
533,7049
533,7106
533,7287
533,7523
533,7867
533,7947
533,7995
533,8180
533,8215
533,8223
533,8634
533,9161
533,9616
533,9717
533,9874
533,10247
533,11021
533,11240
533,11323
533,11956
533,12620
533,13701
533,14707
533,15090
533,15220
533,15401
533,15799
533,15837
533,16500
533,16790
533,16921
533,17000
533,17102
533,17291
533,18459
534,540
534,622
534,667
534,1236
534,1255
534,1266
534,1332
534,1455
534,1531
534,1854
534,2117
534,2227
534,2266
534,2420
534,3156
534,3273
534,3892
534,4544
534,4617
534,4642
534,5021
534,5023
534,6162
534,6400
534,6698
534,7280
534,8526
534,8834
534,9329
534,9626
534,9779
534,10326
534,10371
534,10979
534,11294
534,12221
534,12811
534,13147
534,14999
534,15108
534,16580
534,17391
534,18979
534,19406
534,19631
535,634
535,1046
535,1335
535,1378
535,1872
535,2473
535,8399
535,8837
535,9104
535,9869
535,10039
535,10445
535,10633
535,16157
535,16183
535,17917
535,18816
535,18915
535,19327
536,697
536,1194
536,1235
536,1236
536,1247
536,1392
536,1473
536,1683
536,1914
536,2010
536,2828
536,3532
536,3589
536,3797
536,4673
536,4919
536,5011
536,5999
536,7910
536,8073
536,8462
536,8464
536,8656
536,8689
536,8747
536,8804
536,9566
536,9641
536,10894
536,11251
536,11905
536,14576
536,15546
536,15716
536,15969
536,16019
536,16775
536,18770
537,893
537,1143
537,1159
537,1668
537,1870
537,2492
537,2647
537,2795
537,3569
537,4266
537,5717
537,6448
537,7970
537,8038
537,8463
537,8559
537,9765
537,10134
537,11352
537,12328
537,14258
537,14626
537,14757
537,15312
537,15432
537,16285
537,16461
537,17622
537,19245
537,19382
537,19718
537,19973
538,1434
538,1609
538,1692
538,1834
538,1837
538,1915
538,2258
538,2362
538,3129
538,4189
538,5899
538,7143
538,8174
538,10125
538,10186
538,10855
538,13158
538,14210
538,14491
538,14538
538,16586
538,18101
538,18460
538,18867
539,657
539,1727
539,2371
539,2856
539,3430
539,4305
539,5446
539,6151
539,9149
539,9947
539,17525
539,18150
540,571
540,1820
540,3111
540,3637
540,4657
540,5651
540,6110
540,6476
540,6593
540,7265
540,7526
540,8008
540,8056
540,9485
540,10033
540,10534
540,12571
540,12847
540,13635
540,17368
540,17734
540,18592
541,699
541,889
541,1681
541,2422
541,2425
541,2580
541,3752
541,3863
541,4498
541,5148
541,5433
541,6451
541,6992
541,7655
541,7955
541,8214
541,8361
541,8716
541,9420
541,10002
541,11495
541,12076
541,12574
541,14976
541,15235
541,15539
541,17266
541,17705
541,19237
541,19687
542,1026
542,1740
542,2128
542,2250
542,3171
542,3499
542,3586
542,4154
542,4902
542,5039
542,5609
542,8363
542,8678
542,9666
542,10005
542,10286
542,13909
542,15207
542,19132
542,19791
543,620
543,1984
543,3349
543,3405
543,3903
543,4931
543,5185
543,5312
543,5788
543,6238
543,9038
543,10890
543,12548
543,19575
544,615
544,1298
544,1655
544,2288
544,2342
544,2654
544,2798
544,3074
544,3447
544,3535
544,3786
544,3809
544,4064
544,4170
544,5696
544,6265
544,6378
544,6516
544,6839
544,7337
544,9133
544,11483
544,14188
544,14198
544,14333
544,14494
544,15290
544,15619
544,16371
544,16433
544,16758
544,17739
544,18993
544,19388
544,19898
545,1817
545,3879
545,5317
545,6626
545,9285
545,13779
545,19716
546,930
546,989
546,1381
546,1463
546,1479
546,3088
546,3970
546,4253
546,4555
546,4581
546,5098
546,5319
546,5879
546,5886
546,5975
546,6276
546,6521
546,7296
546,8110
546,9224
546,9811
546,9850
546,11990
546,12177
546,13218
546,15728
546,17197
546,17687
546,19896
547,778
547,837
547,902
547,1018
547,1931
547,1997
547,2544
547,2871
547,3042
547,3201
547,3405
547,3426
547,3684
547,3916
547,4482
547,4646
547,5908
547,6941
547,7919
547,8653
547,8728
547,10092
547,10192
547,10652
547,12355
547,13951
547,14225
547,14596
547,15444
547,16447
547,17468
547,17584
547,17639
547,17956
547,18609
547,19383
547,19760
547,19766
548,829
548,958
548,995
548,1276
548,2439
548,2478
548,2850
548,2976
548,3363
548,3655
548,4192
548,4360
548,4639
548,5145
548,6519
548,7791
548,9609
548,9652
548,10504
548,12352
548,12629
548,13522
548,14083
548,14668
548,14930
548,15110
548,15174
548,15446
548,16534
548,17113
548,17613
549,620
549,908
549,2968
549,3384
549,4580
549,5105
549,5718
549,6825
549,7450
549,11282
549,13005
549,13499
549,14358
549,15025
549,19780
550,737
550,1144
550,2615
550,2920
550,3526
550,3855
550,3933
550,4445
550,4665
550,4998
550,6415
550,7803
550,7875
550,8336
550,9164
550,9411
550,12869
550,13652
550,14221
550,17096
550,17212
550,18286
551,1289
551,1374
551,1492
551,2156
551,2880
551,3079
551,3752
551,6701
551,8725
551,10770
551,10960
551,11274
551,12175
551,13206
551,16857
551,17022
551,17121
551,17123
551,18538
552,1251
552,1603
552,1697
552,3470
552,3834
552,3962
552,4486
552,5126
552,6329
552,7213
552,9057
552,9749
552,9802
552,11742
552,13196
552,15566
552,19473
553,1513
553,2030
553,3129
553,4944
553,4958
553,6605
553,6767
553,7268
553,8924
553,9498
553,9587
553,12068
553,13851
553,16433
553,17881
554,900
554,1579
554,2132
554,2370
554,4018
554,6335
554,8114
554,8628
554,8976
554,12220
554,12251
554,12741
554,14177
554,15172
554,15655
554,16641
554,18564
554,19853
555,648
555,893
555,1259
555,2183
555,2998
555,4138
555,4351
555,4394
555,5093
555,5244
555,7388
555,7817
555,8468
555,10064
555,12140
555,14136
555,14264
555,15498
555,16109
555,16383
555,16423
555,18109
556,647
556,719
556,758
556,1613
556,1819
556,2092
556,2155
556,3190
556,4006
556,4535
556,6144
556,6647
556,7265
556,8109
556,10118
556,10189
556,11150
556,15072
556,15173
556,15419
556,15661
556,17689
556,17839
556,18190
556,18328
556,18376
556,18515
556,18590
556,19109
556,19264
557,1146
557,1233
557,1517
557,1575
557,1727
557,1798
557,2316
557,3842
557,4097
557,4125
557,4554
557,4713
557,5284
557,6335
557,6446
557,6451
557,9279
557,10305
557,12074
557,12403
557,12884
557,14810
557,15065
557,17662
558,679
558,847
558,873
558,917
558,964
558,1381
558,1412
558,2169
558,2320
558,2786
558,3222
558,3668
558,4517
558,5591
558,6695
558,8496
558,8752
558,9340
558,9401
558,9927
558,11113
558,11976
558,11983
558,12628
558,12954
558,13395
558,13715
558,14916
558,15942
558,17353
558,17527
558,18884
558,18907
559,581
559,622
559,634
559,707
559,791
559,826
559,1030
559,1279
559,1292
559,1397
559,1415
559,1846
559,2087
559,2490
559,2873
559,2954
559,3047
559,3426
559,4062
559,4426
559,4463
559,4495
559,4692
559,4865
559,5833
559,6677
559,6830
559,8048
559,8450
559,8874
559,9042
559,9191
559,9192
559,9728
559,10462
559,10631
559,10906
559,11028
559,12082
559,12319
559,12709
559,12772
559,13610
559,13730
559,14262
559,14481
559,14563
559,16644
559,17367
559,17764
559,18652
559,19346
560,1390
560,1562
560,1903
560,2379
560,3234
560,3526
560,3597
560,3949
560,4037
560,5045
560,6034
560,6042
560,6400
560,6765
560,7090
560,8089
560,8584
560,9469
560,10212
560,12058
560,12515
560,12755
560,12920
560,14851
560,15890
561,587
561,627
561,942
561,1106
561,1199
561,1812
561,2196
561,2259
561,2618
561,2883
561,2888
561,3396
561,3781
561,4664
561,4748
561,4815
561,5127
561,5583
561,5629
561,6613
561,6773
561,7375
561,7409
561,8369
561,8565
561,8684
561,8967
561,8983
561,9840
561,12412
561,13263
561,13352
561,14927
561,18508
561,19590
561,19787
562,734
562,2576
562,2619
562,4350
562,6761
562,6988
562,8008
562,8411
562,9703
562,10058
562,10746
562,12547
562,14721
562,15637
562,16951
562,16973
563,1973
563,2090
563,2189
563,2281
563,3059
563,3677
563,3793
563,3867
563,5347
563,5804
563,5994
563,8174
563,10487
563,11756
563,13159
563,13638
563,18734
563,18839
564,805
564,1294
564,1322
564,1756
564,2260
564,2691
564,2767
564,4281
564,4693
564,5637
564,6626
564,7350
564,8934
564,9594
564,10141
564,11346
564,11897
564,13660
564,14508
564,14610
564,14949
564,15227
564,17381
564,17567
564,17768
564,17831
564,18835
564,19209
564,19825
565,577
565,657
565,994
565,1084
565,1440
565,1725
565,2157
565,2254
565,2345
565,2563
565,3686
565,4256
565,4563
565,4735
565,6195
565,6605
565,8897
565,10869
565,10888
565,12247
565,14313
565,14733
565,16642
565,17220
565,17271
565,19644
565,19809
565,19963
566,918
566,938
566,970
566,1139
566,1499
566,1589
566,2022
566,2063
566,2109
566,3470
566,3502
566,4435
566,5286
566,6025
566,6069
566,6611
566,7373
566,7975
566,8001
566,8759
566,9018
566,12630
566,12830
566,13602
566,13630
566,16715
566,16717
566,18085
566,18273
567,1148
567,1262
567,1483
567,1620
567,1661
567,1715
567,1853
567,1946
567,2039
567,2458
567,2694
567,3040
567,3401
567,3468
567,3660
567,3699
567,4235
567,5261
567,5418
567,5658
567,5815
567,6663
567,6967
567,7044
567,7445
567,7634
567,7999
567,8571
567,8718
567,9139
567,9298
567,10782
567,11939
567,14370
567,14781
567,16466
567,17835
568,1140
568,3089
568,4173
568,6375
568,7331
568,10683
568,12201
568,12334
568,13334
568,16117
568,16555
568,16635
568,17163
568,17436
568,19259
569,582
569,670
569,3667
569,4126
569,4430
569,4543
569,5358
569,5867
569,8878
569,9319
569,13522
569,14309
569,16246
569,17446
569,18183
569,18486
569,19830
570,627
570,716
570,973
570,1572
570,2069
570,3039
570,4229
570,6062
570,8156
570,8402
570,8520
570,9379
570,10811
570,12344
570,13756
570,17683
570,18155
571,618
571,997
571,2542
571,3041
571,3467
571,3633
571,4083
571,4249
571,4787
571,5085
571,6165
571,6570
571,8479
571,9325
571,9365
571,11457
571,11973
571,12118
571,14152
571,14198
571,15144
571,15467
571,15992
571,16048
571,16638
571,19842
572,613
572,1183
572,1197
572,1873
572,2659
572,4548
572,5262
572,5348
572,6682
572,6797
572,9026
572,9807
572,11562
572,13050
572,17169
572,19675
573,703
573,786
573,1122
573,1164
573,1575
573,1767
573,1964
573,2104
573,2412
573,5821
573,7190
573,7570
573,8072
573,8711
573,9025
573,9042
573,12829
573,13507
573,15040
573,15310
573,15503
573,15843
573,19433
573,19770
574,607
574,702
574,1206
574,1336
574,1469
574,1594
574,1623
574,1632
574,1860
574,2904
574,2946
574,3642
574,4291
574,4638
574,5016
574,5036
574,5416
574,5515
574,5659
574,5920
574,6696
574,6878
574,7438
574,8398
574,8597
574,9156
574,11723
574,11926
574,13737
574,14003
574,16259
574,16842
574,17628
574,18134
574,18165
574,19680
575,632
575,662
575,788
575,1268
575,1763
575,2018
575,2595
575,4154
575,4213
575,4755
575,5746
575,9795
575,11852
575,12062
575,12405
575,12470
575,14624
575,19064
575,19112
576,1352
576,2107
576,2704
576,2809
576,3672
576,5211
576,7716
576,8916
576,10680
576,10934
576,15381
576,15725
576,16946
576,17900
576,18447
576,19115
577,698
577,1270
577,1374
577,1876
577,2279
577,2467
577,3529
577,4927
577,6237
577,6883
577,8408
577,9088
577,9733
577,10788
577,11997
577,15008
577,15718
578,1412
578,1777
578,1900
578,2077
578,2149
578,2222
578,2552
578,3807
578,4709
578,7420
578,9419
578,9602
578,10363
578,10396
578,11438
578,14005
578,18515
578,18527
578,18549
579,619
579,678
579,729
579,739
579,1063
579,1664
579,1711
579,1883
579,2110
579,2347
579,2574
579,2737
579,3245
579,3312
579,4022
579,4244
579,4349
579,4626
579,5948
579,6709
579,7185
579,7906
579,8444
579,10296
579,11104
579,11426
579,12124
579,14248
579,15341
579,16065
579,16073
579,17195
579,18136
579,19141
580,1430
580,1520
580,2135
580,2185
580,2257
580,2653
580,3127
580,4462
580,6518
580,7073
580,7166
580,9690
580,16228
580,18177
580,18293
581,641
581,674
581,897
581,1291
581,1396
581,1771
581,2020
581,2231
581,3303
581,3369
581,3502
581,3509
581,5483
581,5694
581,5990
581,7723
581,8517
581,9535
581,9904
581,13116
581,13383
581,13525
581,15928
581,15968
581,17902
581,19802
581,19878
582,10687
582,14152
582,15715
582,18932
583,1097
583,1109
583,2607
583,2924
583,6530
583,12522
583,12528
583,15799
583,16561
583,17110
583,17833
583,19604
584,739
584,953
584,1047
584,1368
584,1449
584,1511
584,1739
584,1874
584,2162
584,2179
584,2491
584,2819
584,3028
584,3066
584,3125
584,3206
584,3817
584,4107
584,4356
584,4522
584,4685
584,5013
584,6440
584,6730
584,6869
584,6901
584,7004
584,7166
584,7426
584,9177
584,9823
584,10573
584,10834
584,11109
584,12391
584,12853
584,13461
584,13481
584,14158
584,15173
584,16027
584,17224
584,18445
584,18747
584,19739
585,1967
585,2091
585,4724
585,4922
585,5318
585,6454
585,7161
585,9397
585,10643
585,10667
585,11148
585,13282
585,13756
585,17612
586,658
586,960
586,1100
586,1143
586,2333
586,2622
586,2871
586,3736
586,4512
586,5903
586,5913
586,5924
586,9317
586,12713
586,14180
586,15273
586,15662
586,16935
587,679
587,772
587,790
587,1244
587,1420
587,1633
587,2615
587,5207
587,5321
587,7795
587,7860
587,9186
587,9362
587,9453
587,12048
587,14302
587,14428
587,14913
587,16037
587,16149
587,16988
587,18173
587,18434
587,18863
587,18962
587,19934
588,728
588,745
588,809
588,2899
588,3103
588,3425
588,7267
588,8701
588,8742
588,9956
588,10168
588,10833
588,11977
588,13406
588,16720
588,19673
589,754
589,834
589,1159
589,2551
589,2651
589,2868
589,2887
589,3021
589,3416
589,3744
589,3867
589,4258
589,4361
589,6215
589,7247
589,7467
589,9692
590,616
590,912
590,937
590,1654
590,1761
590,2701
590,2803
590,3132
590,3383
590,3542
590,3965
590,4793
590,6842
590,7061
590,7072
590,7179
590,10675
590,11010
590,11063
590,12906
590,13282
590,14223
590,14426
590,18055
590,18257
590,19545
590,19983
591,991
591,1203
591,1734
591,2031
591,2174
591,2205
591,3012
591,3015
591,3317
591,4472
591,4739
591,4817
591,5365
591,7885
591,8012
591,8469
591,8851
591,9896
591,11382
591,11497
591,12343
591,13105
591,13876
591,14106
591,14740
591,17177
591,18629
592,825
592,942
592,980
592,1031
592,1042
592,1249
592,1344
592,1433
592,1597
592,1616
592,1689
592,1724
592,1812
592,2156
592,2401
592,2492
592,2540
592,3195
592,3223
592,3731
592,4058
592,4621
592,4667
592,4695
592,4877
592,5002
592,5873
592,5911
592,6031
592,6245
592,6324
592,6730
592,6852
592,6871
592,7162
592,8281
592,9513
592,12247
592,12365
592,13085
592,14418
592,15044
592,15175
592,15469
592,15921
592,16981
592,17371
592,17503
592,19001
593,665
593,918
593,1029
593,1199
593,1311
593,1382
593,1458
593,1556
593,1587
593,1872
593,1935
593,2207
593,2216
593,2293
593,2779
593,3024
593,3776
593,4006
593,4209
593,4321
593,4361
593,4581
593,4650
593,4796
593,4807
593,5269
593,5322
593,5394
593,5456
593,5571
593,5883
593,6093
593,6187
593,6416
593,6664
593,7151
593,7459
593,8172
593,8306
593,8785
593,9349
593,9634
593,10224
593,10337
593,10440
593,11094
593,11151
593,12136
593,12559
593,13706
593,14713
593,14919
593,14952
593,15386
593,15458
593,16204
593,16284
593,16552
593,17186
593,18234
593,18294
593,18847
593,19290
594,1238
594,1500
594,1967
594,2232
594,2551
594,2847
594,3539
594,3575
594,3740
594,4296
594,5304
594,5794
594,5809
594,6142
594,6264
594,6498
594,7874
594,8081
594,8712
594,9088
594,9843
594,10120
594,11824
594,12966
594,15478
594,16719
594,17100
594,17701
594,17918
595,602
595,715
595,1192
595,2459
595,2971
595,3648
595,4228
595,5655
595,5983
595,6457
595,6596
595,8074
595,8262
595,8799
595,9064
595,9359
595,10456
595,11741
595,12637
595,12801
595,13826
595,14573
595,14843
595,16062
595,17210
595,17550
595,19149
596,709
596,711
596,1044
596,1761
596,1824
596,1825
596,2525
596,2765
596,2920
596,3271
596,3914
596,4396
596,4499
596,4940
596,6167
596,6594
596,7347
596,7742
596,7771
596,7840
596,7896
596,8171
596,9715
596,10537
596,10559
596,11977
596,12567
596,13253
596,15126
596,15714
596,15839
596,16452
596,16933
596,17681
596,18815
597,1596
597,1717
597,3397
597,5576
597,5741
597,6256
597,7639
597,12455
597,13793
597,18296
597,19125
597,19314
598,1079
598,2310
598,3156
598,5965
598,6005
598,10528
598,14048
599,698
599,735
599,824
599,997
599,1337
599,1391
599,1838
599,1943
599,2359
599,2597
599,3429
599,3469
599,3646
599,5458
599,6482
599,8160
599,8382
599,9222
599,10780
599,10839
599,11028
599,11901
599,13184
599,13401
599,13868
599,17660
600,612
600,770
600,2178
600,2319
600,2390
600,2881
600,3411
600,4083
600,4659
600,4899
600,5014
600,5276
600,5406
600,5445
600,7203
600,7410
600,9664
600,10083
600,11218
600,12069
600,13848
600,14896
600,16595
600,19146
601,1211
601,1602
601,1864
601,2144
601,2205
601,2293
601,3147
601,3957
601,4392
601,6940
601,7103
601,8703
601,9142
601,9204
601,9368
601,9495
601,10346
601,10423
601,13170
601,13264
601,14563
601,15986
601,16033
601,17100
601,17104
601,18410
602,735
602,831
602,2408
602,3716
602,3720
602,4632
602,4763
602,5683
602,9833
602,11040
602,15647
603,685
603,704
603,1048
603,1177
603,1306
603,1551
603,1941
603,2161
603,2467
603,3259
603,3400
603,4126
603,4745
603,4790
603,5687
603,6313
603,6787
603,6849
603,6911
603,8988
603,10300
603,10590
603,10870
603,10945
603,11002
603,11511
603,11620
603,11736
603,12231
603,13107
603,13337
603,14044
603,16049
603,16182
603,16353
603,16927
603,17694
603,17961
604,1128
604,1924
604,2267
604,4351
604,7395
604,10279
604,10701
604,12000
604,12744
604,14358
604,14480
604,14555
604,14637
604,15125
604,16891
605,921
605,2353
605,2664
605,3423
605,3532
605,3764
605,4140
605,4387
605,4756
605,4808
605,5063
605,6363
605,9632
605,10093
605,10169
605,10874
605,10902
605,11135
605,11159
605,12424
605,12433
605,13316
605,15744
605,16581
605,16787
605,18758
605,18785
605,19707
606,2418
606,3998
606,8978
606,10097
606,13551
606,14128
606,15197
606,15845
606,16918
606,18663
606,19737
607,667
607,818
607,984
607,3146
607,4398
607,4470
607,4616
607,5384
607,8153
607,8605
607,8884
607,9020
607,9094
607,9580
607,9960
607,10731
607,10760
607,10883
607,12576
607,12946
607,14742
607,17025
607,17253
607,17874
607,19783
608,822
608,881
608,1359
608,1476
608,1650
608,2014
608,2811
608,3311
608,3344
608,3407
608,3644
608,4340
608,5666
608,6335
608,6384
608,7272
608,7767
608,7947
608,8084
608,8184
608,9068
608,9185
608,9978
608,10582
608,11509
608,12183
608,12406
608,15046
608,15787
608,17999
608,19067
609,770
609,1224
609,1456
609,1666
609,3090
609,3745
609,3805
609,4114
609,4426
609,4837
609,6165
609,6538
609,6916
609,7015
609,7256
609,8452
609,8468
609,8609
609,9937
609,12540
609,14218
609,14998
609,15237
609,16784
609,16968
609,18960
610,763
610,1496
610,2228
610,2322
610,2690
610,3718
610,3796
610,3826
610,4719
610,4856
610,5318
610,6819
610,7208
610,7315
610,7663
610,8403
610,8616
610,10119
610,10281
610,10411
610,10682
610,12507
610,12623
610,15318
610,15878
610,16177
610,18947
611,635
611,738
611,750
611,754
611,1072
611,1083
611,1101
611,1642
611,1716
611,1899
611,4209
611,4541
611,4863
611,6149
611,7374
611,7725
611,7973
611,8118
611,8845
611,9873
611,10736
611,13895
611,13942
611,15937
611,15969
611,17072
611,18306
611,18493
611,18853
611,19217
611,19686
612,738
612,855
612,1090
612,1238
612,2873
612,3096
612,3239
612,4212
612,4261
612,4382
612,5095
612,5257
612,5859
612,6197
612,6269
612,7130
612,7246
612,7285
612,7808
612,7962
612,8239
612,8527
612,10063
612,10795
612,11084
612,12031
612,13259
612,15181
612,18154
612,18667
612,18931
613,902
613,1394
613,2080
613,3154
613,3327
613,3883
613,5584
613,7738
613,11856
613,13409
613,13464
613,13652
613,13885
613,15727
613,19475
614,1129
614,1685
614,3875
614,6869
614,7003
614,9815
614,14062
615,938
615,1839
615,2158
615,3067
615,3781
615,3827
615,5614
615,8690
615,9131
615,10608
615,11688
615,13999
615,16273
616,624
616,1615
616,1819
616,2064
616,3402
616,4638
616,5633
616,6703
616,6841
616,7217
616,9543
616,9548
616,10211
616,10517
616,11216
616,12836
616,13083
616,14627
616,15145
616,15486
616,16323
616,16658
617,710
617,718
617,775
617,793
617,877
617,961
617,1313
617,1439
617,2584
617,2600
617,3935
617,4074
617,4616
617,5252
617,5458
617,6640
617,6920
617,7459
617,7912
617,8587
617,9181
617,9602
617,9735
617,10929
617,10980
617,11725
617,12492
617,13290
617,13699
617,14689
617,15170
617,16777
617,17301
617,17758
617,18253
617,18624
617,18864
618,2620
618,5646
618,6224
618,6394
618,9642
619,843
619,921
619,926
619,1237
619,1390
619,2280
619,2484
619,2983
619,4075
619,4597
619,4918
619,5968
619,6295
619,6385
619,7774
619,8558
619,9654
619,9921
619,14665
619,15346
619,18991
620,667
620,895
620,1525
620,2053
620,2176
620,2241
620,2363
620,2591
620,2596
620,3107
620,3187
620,3249
620,3687
620,4778
620,6018
620,6859
620,7465
620,7865
620,7890
620,8017
620,8376
620,8828
620,9772
620,11003
620,11702
620,12282
620,12439
620,12967
620,13350
620,13492
620,13519
620,14184
620,15015
620,18055
620,18918
621,623
621,706
621,889
621,1049
621,1164
621,1511
621,1856
621,2193
621,2295
621,2310
621,2938
621,3054
621,3819
621,4141
621,4295
621,4425
621,4432
621,4565
621,5280
621,5598
621,5908
621,7023
621,7029
621,7170
621,7867
621,8587
621,9103
621,9467
621,9574
621,10431
621,11796
621,13787
621,13839
621,14746
621,14810
621,14901
621,17288
621,19627
622,1105
622,1645
622,3857
622,5215
622,7181
622,7468
622,8003
622,10060
622,12358
622,13134
622,19380
623,698
623,1121
623,1203
623,1723
623,2151
623,2360
623,3193
623,4113
623,4381
623,5090
623,6437
623,6548
623,6707
623,7441
623,7827
623,8650
623,11206
623,11730
623,12593
623,14146
623,15915
623,16628
623,17715
623,17798
624,665
624,704
624,834
624,870
624,1066
624,1172
624,1658
624,2026
624,2549
624,3284
624,3361
624,4013
624,4656
624,5158
624,6806
624,7328
624,7515
624,8127
624,9431
624,9635
624,10720
624,10813
624,11528
624,12242
624,13884
624,14397
624,17372
624,18143
624,19609
625,1360
625,1446
625,1804
625,1934
625,2258
625,2607
625,3512
625,4061
625,4575
625,5339
625,5756
625,6899
625,8525
625,8660
625,10341
625,10692
625,11140
625,15514
625,18832
625,19808
626,769
626,1125
626,3553
626,7053
626,7740
626,7762
626,9239
626,9433
626,10213
626,12925
626,19461
627,665
627,766
627,3263
627,5341
627,6842
627,12774
628,679
628,1285
628,1340
628,2121
628,2544
628,2890
628,3286
628,3877
628,3886
628,5127
628,5403
628,5937
628,6035
628,6745
628,7099
628,8181
628,8441
628,9120
628,10123
628,10510
628,11276
628,14467
628,15940
628,16900
628,17168
628,18473
628,19063
628,19423
629,724
629,856
629,998
629,1013
629,1073
629,1512
629,2034
629,2047
629,2129
629,3698
629,4019
629,4395
629,5906
629,6280
629,6581
629,7576
629,7754
629,8039
629,9314
629,11251
629,11337
629,11878
629,12899
629,13069
629,14671
629,15870
629,17642
629,18206
630,823
630,1509
630,1858
630,3015
630,3432
630,3918
630,4454
630,5328
630,5932
630,6357
630,7150
630,7471
630,10121
630,10457
630,11331
630,11793
630,11954
630,12622
630,12671
630,12736
630,13260
630,14348
630,15088
630,15177
630,16930
630,18101
631,1108
631,1253
631,3887
631,4474
631,4577
631,5525
631,5831
631,6364
631,6557
631,6989
631,7486
631,9852
631,11667
631,12514
631,12517
631,13004
631,15790
631,16780
631,18168
631,18203
631,19922
632,869
632,1501
632,1714
632,1970
632,3149
632,4527
632,5248
632,5629
632,7516
632,9429
632,9873
632,10329
632,15765
632,17825
633,1437
633,1768
633,1977
633,2161
633,3747
633,3867
633,3883
633,4648
633,4665
633,4848
633,5727
633,8022
633,8359
633,10959
633,12311
633,12355
633,12455
633,19100
634,682
634,1091
634,1283
634,1548
634,1869
634,2099
634,2312
634,2742
634,2929
634,3813
634,3925
634,4583
634,4675
634,4795
634,4922
634,5317
634,6008
634,6160
634,6473
634,6695
634,6796
634,7166
634,7594
634,9357
634,9449
634,9794
634,10377
634,10510
634,11008
634,11678
634,13268
634,13475
634,13625
634,13998
634,14909
634,15070
634,15444
634,15667
634,15814
634,16781
634,18242
634,18639
634,19281
634,19881
635,782
635,947
635,1368
635,1382
635,1389
635,1910
635,1932
635,1997
635,2124
635,2827
635,3372
635,4173
635,4422
635,5921
635,6331
635,6814
635,7421
635,8011
635,8620
635,9659
635,9807
635,11270
635,11384
635,12036
635,12492
635,12647
635,14961
635,15005
635,16676
635,18325
635,18676
635,18842
635,19514
636,743
636,939
636,1066
636,1130
636,1553
636,1688
636,2534
636,3347
636,4226
636,4279
636,4443
636,4602
636,4988
636,5078
636,5082
636,5545
636,5807
636,6146
636,6516
636,6836
636,7115
636,7368
636,7788
636,8284
636,8977
636,9096
636,9800
636,10007
636,10203
636,10651
636,10855
636,11505
636,11512
636,11669
636,11881
636,12551
636,13847
636,15070
636,15276
636,15454
636,17659
636,18638
636,18832
636,19186
636,19466
636,19768
636,19855
637,662
637,764
637,2541
637,3081
637,3200
637,3282
637,3645
637,4452
637,4521
637,4981
637,6415
637,6528
637,6622
637,6941
637,7199
637,7449
637,7689
637,7960
637,9315
637,9321
637,10159
637,10281
637,10660
637,12413
637,13733
637,14267
637,14547
637,15572
637,16022
637,16563
637,16824
637,17040
637,17512
637,17681
637,19817
637,19858
638,706
638,749
638,760
638,1470
638,1515
638,1626
638,1755
638,2233
638,2599
638,2755
638,2776
638,3187
638,3464
638,4284
638,4978
638,5742
638,6445
638,6950
638,7176
638,7822
638,8700
638,10348
638,13216
638,13332
638,17023
638,17333
638,17384
638,17667
638,19410
639,664
639,855
639,946
639,968
639,982
639,1213
639,1313
639,1325
639,1373
639,1468
639,1544
639,1615
639,1692
639,1974
639,2007
639,2082
639,2310
639,2760
639,2809
639,3233
639,3268
639,3321
639,3467
639,3501
639,3897
639,3920
639,3932
639,3994
639,3998
639,4089
639,4183
639,4375
639,5095
639,5703
639,5840
639,5956
639,6007
639,6029
639,8240
639,8590
639,8595
639,8686
639,8806
639,9281
639,9407
639,9562
639,10778
639,10942
639,11207
639,11318
639,11672
639,11854
639,12065
639,12410
639,13357
639,13524
639,13534
639,14352
639,14407
639,14626
639,14848
639,15218
639,15530
639,15813
639,16462
639,16525
639,16706
639,17202
639,17227
639,18295
639,18377
639,19388
639,19777
640,765
640,865
640,1008
640,1045
640,7103
640,8409
640,10476
640,11818
641,1219
641,1283
641,1533
641,1559
641,2646
641,2941
641,4273
641,5204
641,11247
641,15731
641,18654
642,818
642,1087
642,1189
642,1528
642,1982
642,2059
642,2162
642,2172
642,2459
642,4213
642,5981
642,6339
642,6342
642,6644
642,7623
642,7879
642,8401
642,8753
642,9057
642,9640
642,11957
642,12308
642,14919
642,16249
642,16683
642,16735
642,17349
642,18210
642,18334
642,19074
643,782
643,1156
643,1172
643,1231
643,1451
643,1747
643,2430
643,3015
643,3017
643,3787
643,4298
643,4664
643,5520
643,6226
643,6442
643,6596
643,8756
643,8773
643,9225
643,9234
643,9693
643,10905
643,13496
643,13864
643,15034
643,18140
644,661
644,742
644,779
644,796
644,1138
644,1480
644,1542
644,2224
644,2570
644,2854
644,3506
644,3850
644,5994
644,7118
644,7390
644,7412
644,8806
644,10629
644,10684
644,10816
644,11391
644,11514
644,12457
644,14783
644,15479
644,17745
644,19283
644,19350
644,19717
645,813
645,1014
645,1515
645,2153
645,2500
645,5585
645,6101
645,6301
645,6478
645,8501
645,8607
645,9257
645,9466
645,10580
645,11457
645,12910
645,14544
645,15585
645,19937
646,836
646,3016
646,7309
646,8128
646,8532
646,9459
646,18506
646,18873
646,19047
647,672
647,763
647,876
647,1185
647,1227
647,1972
647,2168
647,2755
647,3384
647,3952
647,4690
647,4825
647,5667
647,5924
647,6390
647,6571
647,7458
647,8274
647,8697
647,9173
647,9875
647,10290
647,10485
647,11488
647,13873
647,14690
647,14773
647,16391
647,18377
647,19785
647,19972
648,677
648,850
648,963
648,1257
648,1294
648,2221
648,2447
648,2767
648,3269
648,3971
648,4077
648,4727
648,5596
648,5933
648,5974
648,6016
648,6489
648,7861
648,8699
648,9574
648,9590
648,9996
648,11930
648,11986
648,13136
648,13191
648,17497
648,19090
648,19498
648,19843
649,1290
649,2655
649,2904
649,7426
649,8218
649,13113
649,14650
649,19190
650,690
650,1017
650,1321
650,1460
650,1673
650,2561
650,4239
650,5413
650,6799
650,7346
650,9002
650,9012
650,9426
650,9996
650,12797
650,13296
650,13357
650,14656
650,15004
650,15132
650,15156
650,15338
650,15631
650,16454
650,16712
650,17416
650,18478
650,19897
651,727
651,861
651,1171
651,2431
651,2658
651,2969
651,3270
651,3454
651,3496
651,4760
651,4893
651,5286
651,6009
651,6162
651,6248
651,6667
651,6715
651,7214
651,7472
651,7526
651,8032
651,8053
651,8239
651,8650
651,8962
651,9216
651,9537
651,10593
651,11965
651,12027
651,12189
651,12996
651,13694
651,14599
651,14650
651,14712
651,14800
651,15020
651,16564
651,17724
651,17782
651,18807
651,19157
651,19643
652,1149
652,1263
652,2366
652,3116
652,3126
652,3391
652,3916
652,6449
652,8391
652,8410
652,8502
652,10352
652,12020
652,12105
652,12437
652,15111
652,16871
652,17321
652,17699
652,18671
652,18899
652,19559
653,1379
653,2159
653,4635
653,6097
653,8219
653,9159
653,12574
653,15460
654,1798
654,5004
654,5661
654,5960
654,8606
654,9497
654,9850
654,13336
654,16039
655,682
655,891
655,1153
655,1238
655,1436
655,1795
655,2473
655,2475
655,2476
655,2750
655,2896
655,2986
655,3506
655,4132
655,5652
655,5786
655,5953
655,6722
655,7492
655,7851
655,8456
655,8828
655,9686
655,10345
655,11786
655,12034
655,15303
655,15793
655,17810
656,659
656,687
656,970
656,1120
656,3848
656,3999
656,5776
656,6250
656,6676
656,6737
656,7403
656,7505
656,8396
656,10404
656,10921
656,11301
656,12716
656,13634
656,14000
656,14317
656,16678
656,16876
656,18988
656,19689
657,1136
657,1137
657,1261
657,1477
657,1685
657,1898
657,2043
657,2342
657,2482
657,2539
657,2983
657,3055
657,3064
657,3384
657,3911
657,4025
657,4327
657,5180
657,5336
657,5338
657,5697
657,5706
657,6010
657,6077
657,6566
657,6747
657,6761
657,7028
657,7260
657,7866
657,7962
657,8023
657,8183
657,8204
657,8583
657,9206
657,9253
657,9355
657,10022
657,10178
657,10198
657,10297
657,11068
657,11505
657,11808
657,11862
657,11921
657,12167
657,12534
657,12973
657,14060
657,14528
657,14706
657,14982
657,15176
657,15449
657,16221
657,16704
657,17877
657,17972
657,17999
658,1111
658,1873
658,2456
658,2460
658,2661
658,2662
658,3061
658,3171
658,3439
658,4560
658,4574
658,4761
658,4847
658,4914
658,5883
658,6200
658,6884
658,7246
658,7565
658,7954
658,9821
658,11263
658,11961
658,12386
658,13101
658,13321
658,13976
658,14504
658,14886
658,15190
658,16528
658,17482
658,18020
659,1837
659,3203
659,4426
659,4587
659,5587
659,5874
659,6103
659,6333
659,6667
659,8372
659,9489
659,9860
659,11125
659,12437
659,13980
659,14838
659,15504
659,16002
659,16719
659,17200
659,17420
659,18690
659,19305
660,939
660,1047
660,1760
660,1791
660,2927
660,3332
660,3938
660,5255
660,5669
660,6935
660,7858
660,11197
660,12493
660,13895
660,14760
660,15480
660,17988
661,939
661,1436
661,2007
661,2692
661,2860
661,3089
661,3888
661,9494
661,11370
661,11866
661,12882
661,15363
661,16573
661,18253
661,19156
661,19642
662,754
662,1232
662,1515
662,1797
662,2600
662,2683
662,3366
662,3725
662,4199
662,4295
662,4362
662,4988
662,5599
662,6452
662,7397
662,7736
662,8370
662,8579
662,8600
662,8904
662,8983
662,9902
662,10624
662,11318
662,11523
662,11908
662,12939
662,14394
662,14422
662,14432
662,16410
662,16945
662,17115
662,17839
663,759
663,794
663,892
663,1576
663,1703
663,2219
663,2225
663,4161
663,4189
663,5195
663,5400
663,5857
663,16821
663,17759
664,672
664,1861
664,2130
664,3803
664,4440
664,4619
664,5056
664,6233
664,6582
664,6661
664,8365
664,9155
664,9716
664,10178
664,13186
664,13249
664,15565
664,16708
664,18902
664,19630
665,878
665,911
665,919
665,951
665,954
665,966
665,994
665,1007
665,1084
665,1107
665,1518
665,1628
665,2072
665,2238
665,3636
665,3639
665,4224
665,4476
665,5756
665,6068
665,6173
665,6353
665,6734
665,7267
665,7311
665,7459
665,8332
665,9646
665,9653
665,9696
665,9937
665,10283
665,10349
665,10393
665,10490
665,12291
665,12693
665,12785
665,13585
665,14850
665,15148
665,15229
665,16217
665,16680
665,17252
665,18470
665,19162
665,19339
665,19390
665,19678
666,732
666,787
666,1101
666,1546
666,1736
666,1769
666,1885
666,2117
666,2331
666,4330
666,4584
666,7363
666,9371
666,9493
666,9562
666,11054
666,12426
666,12576
666,12758
666,12954
666,14410
666,14795
666,15789
666,15949
666,17472
666,19292
667,800
667,802
667,897
667,1008
667,1296
667,1466
667,1584
667,1673
667,1952
667,2030
667,2133
667,2184
667,2370
667,2516
667,2543
667,3097
667,3385
667,3608
667,3925
667,4545
667,5321
667,6731
667,7333
667,8500
667,9396
667,9971
667,10462
667,12003
667,12069
667,12487
667,13053
667,13873
667,16079
667,16484
667,16613
667,17702
667,18005
668,1035
668,1946
668,2430
668,2991
668,3253
668,3397
668,3768
668,3773
668,5179
668,6087
668,6088
668,6410
668,6513
668,6515
668,6880
668,8606
668,9614
668,9640
668,14851
668,14950
668,14958
668,16224
668,16797
668,16827
668,17221
668,17808
669,1050
669,1433
669,1445
669,1524
669,3056
669,3299
669,4611
669,4688
669,5091
669,5167
669,5230
669,5271
669,5497
669,6067
669,8452
669,8606
669,10405
669,12070
669,12794
669,13565
669,14638
669,14927
669,15580
669,17950
669,18021
669,19768
670,799
670,1286
670,1801
670,2208
670,2831
670,2878
670,3114
670,4111
670,4392
670,4902
670,4998
670,5267
670,5364
670,5494
670,5551
670,5707
670,5773
670,6219
670,7304
670,7836
670,8815
670,9779
670,10673
670,11092
670,11198
670,11506
670,13305
670,14296
670,16711
670,16867
670,18772
671,1952
671,2726
671,4574
671,5475
671,6485
671,6537
671,6868
671,8921
671,10815
671,11261
671,11592
671,12051
671,12907
671,15455
671,16340
671,16622
671,17048
671,17099
672,676
672,1008
672,1823
672,2248
672,2515
672,2925
672,6718
672,7149
672,8795
672,9393
672,10140
672,10747
672,14350
672,14383
672,14535
672,15398
672,17511
672,18462
672,18525
673,822
673,1128
673,2121
673,2818
673,3347
673,4286
673,4327
673,4442
673,4760
673,4811
673,4923
673,5546
673,6306
673,6693
673,8419
673,8511
673,9018
673,11102
673,11713
673,11719
673,12128
673,12204
673,13477
673,13505
673,13736
673,13842
673,14407
673,14693
673,15273
673,15347
673,15927
673,16234
673,17610
673,19276
674,1076
674,1078
674,2117
674,2126
674,2977
674,4012
674,4164
674,4367
674,5206
674,5997
674,6799
674,7327
674,8118
674,11899
674,13216
674,14623
674,14793
674,16671
674,18130
675,849
675,887
675,1648
675,1652
675,2427
675,2834
675,3104
675,4038
675,4115
675,5294
675,5350
675,6552
675,6846
675,7332
675,9570
675,9689
675,10060
675,15219
675,18883
676,776
676,791
676,1349
676,1416
676,1458
676,1638
676,1877
676,1884
676,2679
676,3169
676,3615
676,3832
676,4052
676,4269
676,4716
676,5177
676,6432
676,6451
676,6805
676,6956
676,7522
676,7722
676,8049
676,8816
676,9430
676,10089
676,10779
676,10912
676,11051
676,11246
676,12267
676,12477
676,12517
676,12542
676,13566
676,14313
676,15548
676,15581
676,15947
676,16133
676,16252
676,17235
676,17339
676,19060
677,2013
677,9667
677,17379
678,741
678,944
678,1305
678,1519
678,2070
678,7731
678,15663
678,18949
679,796
679,967
679,1140
679,1170
679,1624
679,1753
679,1801
679,1802
679,2065
679,2088
679,2215
679,2588
679,2769
679,3293
679,3843
679,4061
679,5589
679,5763
679,6735
679,6786
679,6962
679,7089
679,7253
679,7632
679,8149
679,8607
679,9130
679,9339
679,10455
679,11431
679,13100
679,14988
679,15460
679,15644
679,17607
679,18691
680,688
680,955
680,1109
680,1235
680,1611
680,2234
680,2356
680,2920
680,3290
680,4159
680,4720
680,5457
680,5905
680,6355
680,6971
680,7185
680,7546
680,8992
680,9816
680,11888
680,12816
680,15887
680,17274
680,17504
680,17857
680,18004
680,19026
680,19614
681,756
681,787
681,905
681,1175
681,1316
681,1500
681,2069
681,2954
681,3138
681,4660
681,4827
681,5442
681,5514
681,5556
681,5660
681,6402
681,8630
681,8721
681,9361
681,9545
681,9577
681,10167
681,11376
681,11598
681,12168
681,12561
681,14038
681,14481
681,15695
681,16040
681,16426
681,17844
681,18186
681,18348
681,18387
682,1267
682,1332
682,1363
682,1501
682,1597
682,2875
682,5885
682,6184
682,6757
682,8828
682,12286
682,13340
682,16022
682,16179
682,16268
682,16665
682,16804
682,19482
682,19770
683,689
683,1645
683,1872
683,2034
683,2102
683,3157
683,3574
683,3629
683,3860
683,4121
683,4920
683,5522
683,6049
683,6978
683,7618
683,8655
683,8936
683,9161
683,9508
683,11637
683,11653
683,13821
683,15730
683,16284
683,17243
683,18060
683,18866
684,2084
684,2231
684,2730
684,2891
684,3062
684,6457
684,10963
684,13417
684,15954
684,16919
684,17001
684,17678
684,18358
685,1682
685,2955
685,3265
685,3294
685,3888
685,4456
685,4688
685,5017
685,6337
685,6645
685,6953
685,9016
685,9312
685,9359
685,16246
685,18792
685,18859
685,19343
686,941
686,1260
686,1587
686,2547
686,4601
686,6658
686,6713
686,7046
686,8553
686,10619
686,10681
686,11419
686,14655
686,15018
686,15755
686,17532
687,875
687,923
687,983
687,1632
687,2236
687,5333
687,7489
687,7811
687,9385
687,13147
687,18186
687,19877
688,733
688,975
688,1297
688,1464
688,2592
688,2946
688,3448
688,3839
688,5766
688,6071
688,8110
688,10482
688,11714
688,12771
688,13258
688,16590
688,18033
688,18258
689,789
689,1431
689,4259
689,4742
689,6056
689,6251
689,6266
689,7506
689,9375
689,10936
689,15186
689,17927
690,860
690,896
690,969
690,1857
690,2029
690,2962
690,2973
690,2997
690,3200
690,3311
690,3643
690,3751
690,4261
690,4470
690,4517
690,6228
690,6410
690,7371
690,7750
690,9855
690,9872
690,10001
690,10578
690,10919
690,11349
690,11591
690,12639
690,13001
690,13413
690,13673
690,13814
690,15687
690,16330
690,17386
690,18053
690,18054
690,18064
690,18352
690,18533
690,18600
690,18774
690,19813
691,1129
691,1608
691,2053
691,2155
691,3414
691,3565
691,5000
691,5079
691,5145
691,7373
691,7482
691,8896
691,9638
691,10171
691,10896
691,11110
691,12155
691,13186
691,13617
691,13665
691,14139
691,14880
691,16729
691,17133
691,17980
691,18072
691,18186
691,19287
692,768
692,841
692,1067
692,1095
692,1706
692,2050
692,2143
692,2241
692,3755
692,3868
692,4235
692,5410
692,6551
692,7083
692,8436
692,10278
692,10957
692,13630
692,15079
692,18132
692,18133
693,902
693,1182
693,2021
693,5600
693,5674
693,14286
693,14859
694,925
694,1485
694,2926
694,3350
694,4527
694,6026
694,6390
694,7526
694,10144
694,11544
694,13029
694,13269
694,13752
694,15618
694,16636
694,16668
695,940
695,1134
695,1391
695,1960
695,2402
695,2702
695,2777
695,2883
695,5152
695,5337
695,7996
695,9015
695,9250
695,10958
695,11767
695,12987
695,17121
695,17443
695,19500
696,1173
696,1851
696,2167
696,4789
696,8782
696,8797
696,8809
696,13420
696,14279
696,14447
696,17587
696,18203
697,773
697,1831
697,2825
697,4336
697,7700
697,7779
697,8162
697,8806
697,10766
697,13836
697,14694
697,16171
697,16769
697,18458
697,18573
697,19340
698,717
698,863
698,1080
698,1155
698,1267
698,1516
698,1526
698,1535
698,1997
698,2031
698,2184
698,2540
698,3238
698,3267
698,3473
698,3531
698,4048
698,4206
698,4573
698,4604
698,4904
698,5596
698,5848
698,5876
698,5948
698,6251
698,7135
698,7613
698,7728
698,8229
698,8504
698,8854
698,9260
698,9391
698,9721
698,10727
698,11100
698,11145
698,11299
698,11525
698,11566
698,11751
698,11770
698,11774
698,13195
698,14198
698,14373
698,14775
698,14780
698,14784
698,15337
698,15685
698,16440
698,17023
698,17219
699,717
699,1128
699,1470
699,2320
699,2532
699,2603
699,3285
699,3558
699,4100
699,4419
699,4820
699,5051
699,5428
699,6156
699,7691
699,7921
699,7952
699,8280
699,8669
699,9433
699,10172
699,10368
699,10650
699,11326
699,11917
699,12296
699,12589
699,12701
699,12984
699,13457
699,13527
699,14590
699,15423
699,15891
699,17157
699,17357
699,17862
699,18137
699,19364
700,770
700,1159
700,1472
700,1825
700,4126
700,4768
700,4927
700,6100
700,6769
700,7221
700,11349
700,11433
700,11938
700,12723
700,18382
700,18921
700,19918
701,1917
701,2160
701,2462
701,2496
701,2543
701,3670
701,4827
701,5275
701,5627
701,6528
701,6562
701,6630
701,7034
701,7397
701,8262
701,8588
701,9141
701,12513
701,13389
701,14071
701,14629
702,935
702,1762
702,3793
702,4479
702,5441
702,5618
702,8438
702,9131
702,13404
702,14101
702,16391
702,17951
703,1297
703,1418
703,1596
703,1676
703,4857
703,5517
703,5574
703,7361
703,11568
703,15135
703,16632
704,1231
704,1367
704,1530
704,4021
704,4879
704,5904
704,8305
704,11232
704,13258
704,16894
704,19294
705,851
705,1319
705,2103
705,3007
705,3014
705,3065
705,3885
705,3901
705,5349
705,5406
705,5778
705,6545
705,7339
705,7447
705,8289
705,8969
705,10117
705,10581
705,11698
705,12394
705,14079
705,15410
705,15728
705,15988
705,16582
705,18214
705,18611
705,18960
705,18975
705,19224
706,789
706,1028
706,1778
706,2471
706,2762
706,2897
706,3482
706,3528
706,3542
706,5046
706,5358
706,6899
706,7485
706,7792
706,8607
706,8722
706,10121
706,10187
706,11611
706,13678
706,14032
706,15727
706,16446
706,16567
706,19004
706,19304
707,911
707,1072
707,3612
707,4175
707,7651
707,9549
707,12651
707,12806
707,14192
707,17233
707,17423
707,18075
708,747
708,910
708,1912
708,2612
708,2715
708,3723
708,4298
708,4831
708,5115
708,5254
708,5875
708,6739
708,6908
708,7721
708,8208
708,8304
708,9343
708,10504
708,10604
708,14424
708,18538
708,19623
709,1266
709,1269
709,1301
709,2913
709,3810
709,4174
709,5142
709,5238
709,5562
709,7147
709,7699
709,10870
709,11927
709,11987
709,12129
709,13743
709,15060
709,16541
709,16798
709,18303
709,19393
710,3818
710,5413
710,7876
710,8697
710,12659
710,19867
711,751
711,847
711,1071
711,1537
711,1680
711,2203
711,2436
711,2753
711,2929
711,4866
711,4886
711,9279
711,10238
711,10375
711,12134
711,12141
711,12254
711,12285
711,13775
711,14205
711,14652
711,16019
711,17206
711,17623
712,1258
712,2243
712,2517
712,2948
712,4378
712,11797
712,15080
712,15299
712,17829
712,19220
713,2536
713,4299
713,8340
713,9629
713,10419
713,18533
713,18683
714,2093
714,2789
714,4112
714,5207
714,5710
714,7285
714,7371
714,7686
714,8483
714,8637
714,10702
714,14346
714,14519
714,15310
714,15421
714,16252
714,17644
714,17795
715,910
715,917
715,2536
715,2641
715,2706
715,3489
715,3923
715,3950
715,4485
715,4696
715,4949
715,5203
715,6508
715,6637
715,7138
715,9319
715,9489
715,10265
715,10627
715,12958
715,13062
715,16260
715,18870
715,19401
716,1251
716,1261
716,2081
716,2314
716,5015
716,6327
716,9146
716,15126
717,1162
717,1663
717,2084
717,2284
717,2558
717,3048
717,4045
717,5540
717,6196
717,7105
717,7898
717,8269
717,9008
717,10179
717,10709
717,10826
717,11236
717,11910
717,11966
717,14938
718,1700
718,2341
718,2805
718,3182
718,3992
718,6412
718,6433
718,7773
718,9679
718,13140
718,17615
719,1029
719,2213
719,2862
719,8740
719,9342
719,9434
719,9668
719,10516
719,11042
719,13125
719,14605
719,14805
719,17113
719,18404
720,742
720,833
720,1275
720,1467
720,1471
720,2439
720,4236
720,4529
720,4543
720,5135
720,5448
720,5756
720,7041
720,7518
720,8891
720,10290
720,11032
720,11120
720,14720
720,15436
720,15506
720,15948
720,16552
720,16614
721,1204
721,2333
721,2595
721,3339
721,3469
721,4922
721,4991
721,5434
721,6774
721,6972
721,9135
721,9530
721,10387
721,10893
721,16283
721,16846
722,841
722,942
722,1038
722,1455
722,1557
722,2723
722,4848
722,5285
722,6130
722,7515
722,11368
722,12130
722,12288
722,12395
722,13921
722,15203
722,15445
722,15534
722,16250
722,17310
722,19260
723,768
723,1202
723,1582
723,2011
723,2352
723,2397
723,3663
723,3717
723,3817
723,4232
723,4316
723,4654
723,4895
723,9091
723,10868
723,10928
723,10963
723,11214
723,11310
723,13726
723,16356
723,18823
724,1317
724,1870
724,2074
724,2519
724,2610
724,3915
724,6385
724,6437
724,8588
724,10749
724,13450
724,13647
724,15361
724,15490
724,16138
724,16647
725,1051
725,2614
725,3062
725,4447
725,5704
725,5970
725,6070
726,1271
726,1534
726,2344
726,2634
726,2771
726,2893
726,2923
726,3120
726,4830
726,7057
726,7145
726,7566
726,9698
726,10498
726,15410
726,15599
726,16795
726,17854
726,18632
726,19868
727,1409
727,2099
727,2356
727,6811
727,9730
727,9765
727,15418
728,807
728,876
728,1165
728,1349
728,1765
728,2667
728,3209
728,3727
728,3908
728,4073
728,5276
728,5378
728,8687
728,8779
728,9590
728,10965
728,12594
728,13140
728,13173
728,13696
728,15287
729,811
729,1178
729,1270
729,1701
729,1970
729,2009
729,2519
729,3397
729,4292
729,4596
729,6261
729,6840
729,7254
729,10109
729,10969
729,12114
729,16607
729,17882
729,17963
729,19846
730,875
730,984
730,1187
730,1234
730,1277
730,1306
730,1969
730,2042
730,3439
730,3900
730,4168
730,4493
730,4508
730,5433
730,6196
730,7517
730,7629
730,7934
730,8294
730,8826
730,9424
730,9893
730,9943
730,10240
730,10814
730,12819
730,14033
730,14296
730,14881
730,15494
730,16862
730,17222
730,18062
730,18474
730,19605
731,1416
731,2315
731,2520
731,2661
731,2836
731,2889
731,2974
731,4434
731,4983
731,5650
731,5819
731,6584
731,8246
731,9454
731,10141
731,10334
731,10356
731,13055
731,14386
731,15213
731,16072
731,16925
731,17154
731,18627
732,923
732,952
732,1171
732,1675
732,1695
732,2198
732,3301
732,5186
732,5379
732,5423
732,7336
732,8094
732,8870
732,8972
732,10473
732,10670
732,11111
732,12276
732,12720
732,14186
732,16150
732,16428
732,18432
732,18775
732,19921
733,1150
733,1160
733,1607
733,1705
733,1914
733,2122
733,2391
733,2631
733,2729
733,2885
733,3087
733,4227
733,4667
733,4711
733,5136
733,5302
733,5361
733,5464
733,6427
733,6492
733,6520
733,7351
733,7427
733,7966
733,8190
733,8397
733,8573
733,8961
733,9486
733,9692
733,9780
733,12931
733,13839
733,14593
733,14680
733,15149
733,15157
733,16417
733,17666
733,17817
733,17829
734,1030
734,2240
734,2452
734,3479
734,3563
734,5657
734,6531
734,7434
734,7716
734,9273
734,10205
734,10556
734,12862
734,14050
734,14779
734,15598
734,15663
734,15863
734,16236
734,16491
734,17112
735,883
735,1322
735,1414
735,1520
735,1540
735,1764
735,1895
735,2012
735,2195
735,2457
735,2513
735,2849
735,3096
735,3267
735,3401
735,4221
735,4733
735,6530
735,6631
735,6935
735,7128
735,7701
735,8068
735,8173
735,8846
735,8951
735,9084
735,11256
735,11274
735,11676
735,11875
735,12019
735,12162
735,12572
735,14338
735,17305
735,17661
735,17735
735,18653
736,839
736,1085
736,1496
736,2364
736,2643
736,2745
736,4765
736,5758
736,6397
736,7677
736,7708
736,12729
736,13386
736,14425
736,14942
736,15879
736,17458
736,18714
736,18810
736,19422
736,19801
737,749
737,806
737,1451
737,1567
737,2191
737,2680
737,2872
737,4310
737,4973
737,5112
737,5821
737,5937
737,8353
737,9015
737,13339
737,15158
737,15381
737,16918
738,774
738,817
738,2345
738,2503
738,2816
738,3330
738,4136
738,4341
738,4796
738,5179
738,5274
738,5410
738,5421
738,5949
738,7214
738,8797
738,9242
738,9611
738,9832
738,9883
738,13189
738,14407
738,15097
738,15661
738,15684
738,15767
738,15961
738,16107
738,17267
738,17491
738,19318
738,19605
738,19932
739,1841
739,3193
739,5100
739,5957
739,6227
739,8493
739,9009
739,12886
739,16892
739,19332
740,862
740,946
740,1061
740,1149
740,1201
740,1298
740,1564
740,1590
740,1626
740,1687
740,1743
740,1796
740,1801
740,1840
740,1864
740,1981
740,2140
740,2379
740,2402
740,2830
740,3212
740,3619
740,3890
740,4068
740,5040
740,5566
740,6006
740,6572
740,6881
740,7284
740,9013
740,9373
740,9620
740,11855
740,12039
740,13594
740,13832
740,14650
740,15872
740,16521
740,16950
740,17148
740,17993
741,3160
741,3247
741,3344
741,4728
741,8517
741,13050
741,14057
741,15014
741,17333
742,765
742,1151
742,1590
742,2205
742,2279
742,2428
742,3155
742,3186
742,3619
742,5036
742,5680
742,6388
742,6904
742,7074
742,7092
742,8734
742,8885
742,9200
742,9674
742,10474
742,12297
742,12423
742,13117
742,14990
742,16277
742,17009
742,17159
742,18369
742,18661
742,19003
742,19867
743,758
743,1333
743,1649
743,2043
743,2056
743,2723
743,3281
743,3606
743,3679
743,4259
743,4476
743,4647
743,5216
743,5395
743,5439
743,7928
743,8478
743,8657
743,9036
743,9040
743,9378
743,9518
743,10208
743,10329
743,10468
743,10645
743,12523
743,12561
743,14411
743,16681
743,16799
743,17389
743,19505
743,19571
743,19682
744,1323
744,1760
744,2196
744,2255
744,2263
744,2726
744,3994
744,4163
744,4254
744,4473
744,4712
744,8563
744,9887
744,10923
744,14822
744,15485
744,16167
744,17079
744,17483
744,17548
744,18711
744,18732
744,18996
745,909
745,1655
745,2292
745,2326
745,2986
745,5063
745,6632
745,7972
745,8808
745,9208
745,9583
745,10156
745,10353
745,10900
745,11531
745,11929
745,12388
745,13888
745,16120
745,16359
745,17245
745,19070
745,19763
745,19818
745,19976
746,970
746,980
746,1177
746,1257
746,1579
746,2433
746,2576
746,2636
746,3958
746,4170
746,4434
746,4438
746,5195
746,5227
746,5585
746,5823
746,6724
746,7504
746,8517
746,9417
746,9423
746,9560
746,9782
746,9904
746,10020
746,10734
746,12226
746,15323
746,16030
746,17525
747,1065
747,1429
747,1529
747,1878
747,2376
747,3509
747,3853
747,4069
747,6169
747,7851
747,8668
747,11935
747,14868
747,17128
747,17543
747,18147
748,1209
748,1484
748,2050
748,2470
748,3527
748,3870
748,4017
748,5565
748,7175
748,7746
748,8805
748,9211
748,10399
748,10751
748,10763
748,11779
748,14145
748,18103
749,958
749,1045
749,1334
749,2415
749,3046
749,3366
749,4390
749,5424
749,5432
749,5476
749,5700
749,6384
749,9127
749,9891
749,12302
749,13275
749,13727
749,14167
749,14644
749,15083
749,17046
749,17882
749,18859
749,19496
750,1718
750,2050
750,3266
750,6889
750,10664
750,11183
750,14911
750,16026
750,16208
750,18311
750,18916
751,916
751,1434
751,1769
751,1976
751,2558
751,2813
751,3237
751,4332
751,4774
751,7239
751,8066
751,10784
751,11800
751,12850
751,13449
751,13563
751,14880
751,15364
751,15515
751,16233
751,16430
751,18022
751,18472
752,815
752,880
752,939
752,1889
752,2565
752,4082
752,5148
752,6910
752,8764
752,8789
752,9629
752,13726
752,14806
752,15379
752,16360
752,17005
752,19111
753,754
753,963
753,965
753,1323
753,3787
753,7135
753,8264
753,9764
753,18917
754,906
754,1234
754,1318
754,1615
754,2140
754,2268
754,3463
754,3673
754,3890
754,4468
754,5344
754,5767
754,6818
754,8515
754,8605
754,10355
754,10375
754,11589
754,13979
754,14518
754,15932
754,17413
755,866
755,1121
755,1564
755,2052
755,4632
755,6170
755,7598
755,8315
755,9356
755,9363
755,9913
755,11225
755,12469
755,12647
755,13741
755,19365
756,799
756,1106
756,1231
756,2146
756,2311
756,2502
756,4775
756,8724
756,9825
756,9959
756,10533
756,10679
756,12847
756,13586
756,17455
756,18921
756,19990
757,1402
757,2841
757,3285
757,4556
757,4844
757,5241
757,5728
757,5902
757,6877
757,7116
757,7200
757,7668
757,8484
757,9066
757,10257
757,13046
757,16978
757,19072
758,1124
758,1213
758,2933
758,3106
758,4118
758,4233
758,5526
758,5761
758,7267
758,9191
758,10874
758,14016
758,16212
759,773
759,1107
759,1383
759,2012
759,2039
759,2499
759,2841
759,3433
759,3973
759,4255
759,4258
759,4578
759,4849
759,5916
759,6488
759,6659
759,7420
759,9715
759,9869
759,10604
759,10639
759,11068
759,11279
759,12262
759,12549
759,13229
759,14200
759,14229
759,18576
759,18708
759,19370
760,1022
760,1328
760,1431
760,2736
760,3957
760,4808
760,6882
760,6981
760,10317
760,12106
760,12489
760,13270
760,14597
760,15616
760,16429
760,18647
761,2512
761,2837
761,3387
761,5442
761,6541
761,9810
761,13686
761,14007
761,14035
761,15091
761,17496
762,1384
762,3081
762,5092
762,7178
762,7421
762,12056
762,13598
763,779
763,2436
763,2715
763,7038
763,10809
763,10966
763,12303
763,17247
763,18057
763,18959
764,903
764,930
764,1145
764,1183
764,1260
764,1302
764,1329
764,1640
764,1729
764,1865
764,1913
764,2903
764,2944
764,2998
764,4258
764,5531
764,5798
764,5938
764,6324
764,7648
764,7932
764,8143
764,8585
764,8638
764,8693
764,8950
764,9256
764,9343
764,10436
764,11189
764,11331
764,11805
764,12294
764,12981
764,13408
764,13538
764,13546
764,14954
764,15134
764,16974
764,17431
764,17782
764,18605
764,18815
764,19693
765,881
765,934
765,1021
765,1179
765,1597
765,1642
765,1869
765,2373
765,2951
765,3226
765,3667
765,3836
765,4600
765,5196
765,6347
765,6358
765,7883
765,7957
765,7985
765,9657
765,11116
765,12522
765,13125
765,14142
765,14971
765,15150
765,15251
765,16930
765,17090
765,17433
765,17581
765,18219
766,857
766,917
766,925
766,1282
766,1372
766,1479
766,1799
766,2054
766,2103
766,2113
766,2958
766,6599
766,6834
766,7123
766,7534
766,8932
766,8986
766,9369
766,9478
766,9962
766,10657
766,10783
766,11201
766,11371
766,11458
766,12238
766,12793
766,13735
766,13955
766,14999
766,15105
766,15732
766,17418
766,17692
767,1423
767,1426
767,1619
767,1852
767,1929
767,3068
767,3441
767,3815
767,4174
767,4528
767,4686
767,5800
767,6034
767,6408
767,7003
767,7105
767,7171
767,7332
767,8047
767,8790
767,9227
767,10906
767,10937
767,12518
767,12562
767,13202
767,13652
767,14056
767,14923
767,16118
767,18287
767,18760
767,18846
767,19061
767,19198
767,19424
768,1994
768,2065
768,4038
768,6283
768,8060
768,8445
768,15086
768,15910
769,890
769,999
769,1405
769,2191
769,2252
769,6164
769,6808
769,7997
769,9517
769,9733
769,10782
769,12315
769,15530
769,17597
769,18635
769,19421
770,1949
770,2051
770,2516
770,5070
770,6609
770,10107
770,11239
770,14698
770,17078
770,17845
770,17866
771,1222
771,3454
771,3647
771,4480
771,4946
771,5482
771,5892
771,7257
771,10593
771,13559
771,13865
771,16581
772,1970
772,3080
772,3536
772,5357
772,6572
772,6864
772,7790
772,9129
772,9234
772,12662
772,13705
772,15755
772,15963
772,16121
772,16928
772,19152
773,949
773,1167
773,1249
773,1484
773,1747
773,2656
773,2916
773,3376
773,3893
773,4015
773,4844
773,4996
773,5293
773,5515
773,5736
773,7339
773,8426
773,10035
773,10126
773,10881
773,11039
773,11276
773,11589
773,12170
773,12197
773,12206
773,12313
773,12380
773,12449
773,13291
773,13978
773,14124
773,15034
773,15193
773,16981
773,17591
773,18057
773,18856
773,19160
773,19854
774,1045
774,1809
774,2688
774,2912
774,3388
774,4685
774,5535
774,5725
774,5916
774,7679
774,8821
774,10033
774,11114
774,11230
774,11249
774,15430
774,15810
774,16150
774,17111
775,903
775,1426
775,2398
775,3100
775,3104
775,3554
775,3680
775,4182
775,5963
775,8862
775,10708
775,11023
775,11330
775,11402
775,11483
775,11545
775,11604
775,12606
775,15037
775,15866
775,16378
775,17281
775,18577
775,18893
775,19212
776,802
776,854
776,1123
776,1135
776,1275
776,1442
776,1612
776,1676
776,1745
776,1785
776,1805
776,2765
776,3097
776,3303
776,4518
776,4789
776,4895
776,5400
776,7016
776,7051
776,7060
776,8772
776,9019
776,9341
776,9581
776,9735
776,9809
776,9906
776,10255
776,10530
776,10716
776,10734
776,12335
776,13537
776,14748
776,14981
776,15334
776,16302
776,19783
777,781
777,1088
777,3945
777,4356
777,4782
777,5580
777,5728
777,5889
777,7351
777,8755
777,11247
777,13766
777,14363
777,17021
777,17820
777,19197
777,19703
778,904
778,1277
778,1767
778,1907
778,2797
778,3090
778,4093
778,4257
778,7548
778,7768
778,11052
778,12555
778,13230
778,15001
778,17476
778,18085
778,19357
779,1133
779,1189
779,1784
779,1946
779,2115
779,2146
779,2190
779,2303
779,2526
779,2564
779,2758
779,3121
779,3800
779,3954
779,4141
779,4260
779,4964
779,4972
779,5113
779,5243
779,5840
779,5938
779,6103
779,7914
779,8144
779,8967
779,9210
779,9714
779,9849
779,10082
779,10903
779,11016
779,11654
779,12308
779,13562
779,13951
779,14254
779,14721
779,14895
779,15337
779,15395
779,16592
779,17535
779,17873
779,18417
779,19229
780,853
780,1625
780,1988
780,5440
780,8769
780,10094
780,10195
780,12166
780,13207
780,13698
780,14916
780,15404
780,17886
780,18467
781,887
781,1013
781,1373
781,1385
781,2242
781,2318
781,2818
781,3379
781,3489
781,3785
781,3985
781,4293
781,4562
781,4593
781,4673
781,4893
781,5459
781,5810
781,7892
781,7989
781,8770
781,9370
781,10110
781,10334
781,10513
781,10966
781,11148
781,11312
781,12912
781,13093
781,13197
781,13774
781,14723
781,16810
781,16846
781,16982
781,17157
781,17507
781,17851
781,19189
781,19817
782,860
782,883
782,960
782,1080
782,1279
782,1490
782,1507
782,2006
782,2204
782,4192
782,4274
782,4714
782,4782
782,5181
782,6411
782,6566
782,7727
782,9191
782,9647
782,10918
782,11504
782,12844
782,13119
782,13298
782,16699
782,17117
782,19498
783,872
783,1196
783,1289
783,1304
783,1430
783,1611
783,2613
783,3402
783,3525
783,5808
783,7002
783,7229
783,8473
783,11725
783,14583
783,15807
783,16394
783,16806
783,17382
783,19191
784,792
784,1068
784,1260
784,1588
784,1665
784,3648
784,4122
784,6494
784,8952
784,9233
784,10073
784,10990
784,11907
784,16544
784,16702
784,16735
784,18136
784,19406
785,1112
785,1117
785,1138
785,1311
785,2326
785,2346
785,2796
785,3380
785,3604
785,3807
785,4307
785,5304
785,5682
785,6721
785,6784
785,8122
785,9307
785,9503
785,10480
785,10596
785,12425
785,13535
785,14244
785,15472
785,15668
785,15703
785,15852
785,16536
785,16584
785,18334
785,19235
785,19263
785,19840
786,1074
786,1168
786,1648
786,1674
786,2097
786,2619
786,4136
786,5363
786,5836
786,5924
786,6470
786,7646
786,8642
786,9000
786,10822
786,12431
786,14741
786,17576
786,18469
786,18755
786,18880
787,3466
787,3712
787,10040
787,11282
787,11866
787,12704
788,940
788,1122
788,1550
788,2441
788,2943
788,3511
788,5028
788,5903
788,8895
788,8996
788,18251
788,19386
789,1055
789,1382
789,1744
789,2423
789,3869
789,4489
789,5252
789,6612
789,8466
789,10024
789,10498
789,10837
789,14175
789,15124
789,18656
790,843
790,932
790,1339
790,1831
790,2519
790,3455
790,3559
790,4439
790,4629
790,4734
790,4740
790,6151
790,7010
790,7012
790,9106
790,10490
790,11718
790,11737
790,12244
790,13626
790,16102
790,17214
790,18926
791,852
791,1833
791,2022
791,2271
791,2538
791,3150
791,3617
791,4650
791,4815
791,4972
791,5223
791,5784
791,5824
791,6661
791,7848
791,8793
791,9534
791,9564
791,10112
791,11764
791,12331
791,12753
791,13211
791,13761
791,14330
791,16384
791,16578
791,19160
792,930
792,1262
792,1764
792,2426
792,2429
792,4078
792,5505
792,5737
792,6847
792,6937
792,10059
792,10146
792,10900
792,12275
792,16124
792,16450
792,16501
792,16813
792,17691
792,18069
793,1055
793,1383
793,1476
793,2691
793,3004
793,3328
793,3329
793,3372
793,3479
793,3575
793,3618
793,4755
793,4841
793,6009
793,7401
793,7407
793,8319
793,8496
793,10002
793,10562
793,11071
793,12443
793,12447
793,14041
793,15527
793,17430
793,18569
793,19111
793,19548
794,947
794,1050
794,1073
794,1107
794,1210
794,1548
794,2057
794,2838
794,3115
794,4308
794,5415
794,5675
794,5862
794,5863
794,6428
794,7399
794,7430
794,7619
794,10717
794,10779
794,12577
794,15003
794,16160
794,18818
794,19405
795,847
795,941
795,1248
795,1398
795,1903
795,2383
795,5517
795,5950
795,7585
795,9872
795,10229
795,10402
795,11581
795,12052
795,12673
795,13699
795,14745
795,15611
796,1475
796,1905
796,2504
796,4758
796,5966
796,6307
796,7977
796,8027
796,8970
796,10879
796,14134
796,14405
796,15326
796,17658
796,17670
796,17796
796,17979
796,18957
796,19347
797,1083
797,3206
797,4220
797,4260
797,11156
797,11254
798,876
798,1613
798,1835
798,2089
798,2121
798,3357
798,3596
798,4480
798,4749
798,6153
798,7651
798,9587
798,11066
798,12713
798,13530
798,15849
798,17664
799,1606
799,2401
799,2963
799,4105
799,4949
799,5163
799,6003
799,6511
799,7244
799,7737
799,9153
799,10460
799,10477
799,10862
799,14107
799,15334
799,16035
799,16342
799,17896
800,869
800,1498
800,1914
800,3415
800,3852
800,3854
800,5744
800,5828
800,6368
800,6834
800,7352
800,8786
800,9522
800,9586
800,9735
800,10331
800,10425
800,12663
800,14246
800,18885
801,2001
801,2836
801,2911
801,3262
801,5060
801,5160
801,5435
801,5914
801,6245
801,7617
801,7984
801,8148
801,9671
801,10629
801,13692
801,17061
801,18171
802,820
802,1001
802,1031
802,1050
802,1320
802,1585
802,1956
802,2657
802,3327
802,4015
802,4218
802,4485
802,4570
802,4738
802,4901
802,5188
802,6531
802,7324
802,8407
802,9316
802,10124
802,10444
802,10882
802,10911
802,11083
802,11422
802,12338
802,13403
802,14447
802,17700
802,18003
802,19887
803,907
803,1043
803,1087
803,1108
803,1144
803,1429
803,2372
803,3151
803,3229
803,3280
803,3562
803,3633
803,4333
803,4596
803,5160
803,5183
803,6157
803,6321
803,6585
803,6997
803,8206
803,8498
803,8561
803,9584
803,10882
803,11629
803,11657
803,11742
803,12129
803,12728
803,12975
803,15900
803,18535
803,18807
804,943
804,1248
804,2755
804,2835
804,2863
804,3139
804,4181
804,4779
804,4974
804,5491
804,5993
804,6625
804,6897
804,7114
804,7996
804,8236
804,12262
804,12284
804,12385
804,12788
804,12913
804,13988
804,15218
804,15289
804,15423
804,16487
804,16629
804,18901
804,19513
805,883
805,2636
805,4012
805,4229
805,4694
805,5466
805,5580
805,7192
805,11553
805,13896
805,14004
806,1559
806,1624
806,1686
806,1689
806,2592
806,2703
806,2948
806,3092
806,3227
806,3259
806,6263
806,7356
806,8181
806,8737
806,9231
806,9316
806,9702
806,9834
806,9987
806,11665
806,15316
806,15914
806,19134
806,19807
806,19930
807,1205
807,1219
807,1289
807,1318
807,1982
807,2128
807,2218
807,2407
807,2843
807,2966
807,3035
807,3205
807,3497
807,3968
807,5477
807,5541
807,6426
807,6663
807,6687
807,7547
807,7852
807,8121
807,8225
807,9373
807,9514
807,10081
807,10656
807,10777
807,11821
807,12097
807,12661
807,12980
807,13619
807,13901
807,15657
807,16419
807,16572
807,18429
807,18485
807,18699
808,827
808,991
808,1261
808,1545
808,1565
808,1886
808,1936
808,1956
808,2179
808,2364
808,2521
808,2552
808,3103
808,3195
808,3273
808,3274
808,3766
808,3821
808,4294
808,4957
808,5460
808,6925
808,7785
808,8163
808,9727
808,11167
808,11397
808,11722
808,11734
808,12452
808,12605
808,13146
808,13342
808,13440
808,13699
808,14956
808,15812
808,15897
808,16103
808,17973
808,18168
808,18886
809,824
809,1398
809,1768
809,2046
809,2546
809,2661
809,3649
809,5291
809,11901
809,12447
809,12942
809,13472
809,16042
809,18114
809,19767
810,949
810,1168
810,1393
810,1474
810,1534
810,1583
810,1962
810,2019
810,2196
810,2393
810,2892
810,3712
810,3983
810,4168
810,4188
810,5861
810,6395
810,6694
810,7639
810,8508
810,8529
810,9799
810,9878
810,10495
810,10632
810,11617
810,12172
810,12456
810,13412
810,18461
810,18821
810,19208
811,961
811,1119
811,1370
811,1826
811,2346
811,2977
811,3324
811,4278
811,4795
811,4803
811,5992
811,6247
811,6285
811,7006
811,7878
811,8243
811,8470
811,8819
811,10761
811,11634
811,12642
811,13912
811,14259
811,16069
811,18091
811,19670
812,842
812,982
812,2735
812,3902
812,4705
812,5083
812,5205
812,5218
812,8353
812,8609
812,8639
812,9244
812,11090
812,14110
812,18127
812,18608
812,19430
812,19732
813,1182
813,2074
813,2145
813,4439
813,4742
813,5750
813,5864
813,7171
813,7670
813,7844
813,7983
813,8127
813,8958
813,9708
813,11523
813,12165
813,12809
813,13053
813,14829
813,16807
813,17088
813,17624
813,17817
813,18896
814,932
814,1041
814,1093
814,1447
814,1816
814,1987
814,2027
814,6173
814,6229
814,6595
814,6598
814,8665
814,9439
814,11774
814,11801
814,14420
814,17214
814,17992
814,18559
815,2148
815,2308
815,2908
815,2947
815,3877
815,4540
815,5384
815,6510
815,6544
815,6575
815,7348
815,7581
815,8005
815,8905
815,9177
815,10223
815,15098
815,15850
815,17530
815,17947
815,19449
815,19556
815,19612
815,19677
816,2306
816,12378
816,13933
816,18019
817,837
817,1433
817,1500
817,3258
817,3538
817,4818
817,5580
817,6183
817,6540
817,8080
817,8373
817,8508
817,8950
817,9885
817,10060
817,10449
817,10965
817,11996
817,14065
817,14097
817,16727
817,16812
817,18656
817,19336
817,19776
817,19813
818,1806
818,2122
818,2237
818,2367
818,3748
818,4051
818,7673
818,7775
818,7824
818,8489
818,12184
818,17297
818,19521
819,896
819,954
819,1566
819,1574
819,1843
819,1932
819,1975
819,2930
819,3136
819,3198
819,3566
819,3699
819,4317
819,4534
819,4694
819,5818
819,5965
819,6030
819,6420
819,7026
819,7956
819,8530
819,9243
819,9935
819,10545
819,10609
819,11652
819,12166
819,13272
819,13353
819,16694
820,2129
820,2348
820,2609
820,3280
820,4636
820,5190
820,10779
820,11480
820,13447
821,953
821,1183
821,1346
821,3326
821,3894
821,4254
821,5260
821,6970
821,7840
821,13267
821,14322
821,14772
821,16802
821,19577
822,1114
822,1793
822,5104
822,8535
822,9349
822,10122
822,10895
822,11798
822,12930
822,13245
822,16279
822,17337
822,17411
822,18148
822,18435
822,18800
822,19115
823,1134
823,1560
823,1682
823,2764
823,2797
823,3499
823,4846
823,6839
823,7641
823,8710
823,10330
823,12161
823,14602
823,17656
824,904
824,2046
824,2292
824,2542
824,2769
824,4370
824,5351
824,5852
824,6996
824,7184
824,7359
824,9156
824,9581
824,10235
824,11195
824,12275
824,13100
824,18244
824,19345
825,1987
825,2718
825,2800
825,2922
825,3010
825,4374
825,4620
825,5112
825,5747
825,6183
825,6208
825,6821
825,7782
825,8831
825,9020
825,9653
825,9737
825,10695
825,16471
825,19572
825,19743
826,5494
826,6278
826,6636
826,8362
826,8704
826,13424
826,17802
827,861
827,1039
827,2147
827,2355
827,3117
827,3826
827,4238
827,5375
827,6638
827,7050
827,8389
827,8413
827,8592
827,8630
827,9047
827,10684
827,12480
827,13882
827,14326
827,16746
827,18490
827,18665
827,19111
827,19631
828,1011
828,2652
828,2738
828,4853
828,8273
828,9110
828,10474
828,14186
828,16599
828,17430
828,18008
828,18342
828,18604
829,915
829,1069
829,2597
829,3276
829,3348
829,3539
829,6502
829,7477
829,7943
829,8155
829,9780
829,9887
829,11726
829,12492
829,13721
829,14685
829,15086
830,969
830,974
830,2109
830,2468
830,2540
830,2730
830,2959
830,3711
830,3764
830,4904
830,5511
830,6088
830,10948
830,11628
830,14821
830,16070
830,18097
831,920
831,1233
831,1258
831,2322
831,3015
831,3130
831,3293
831,4533
831,4903
831,8078
831,9682
831,12735
831,13513
831,15460
831,16011
831,16817
831,17933
831,18989
831,19817
832,882
832,993
832,1549
832,1898
832,2107
832,2368
832,3077
832,3239
832,3362
832,3787
832,4207
832,4361
832,4530
832,4944
832,5152
832,5575
832,5765
832,7049
832,8751
832,9165
832,9283
832,9546
832,9783
832,11672
832,11859
832,12082
832,15491
832,15549
832,15991
832,17205
832,18735
832,19650
833,1210
833,1782
833,1977
833,2152
833,2328
833,3960
833,4283
833,4706
833,7592
833,9167
833,12096
833,13870
833,14883
833,15579
833,15989
833,18431
834,7046
834,10582
834,10822
834,12078
834,13376
835,951
835,1034
835,1387
835,1923
835,2630
835,3590
835,3644
835,3957
835,4203
835,4387
835,4900
835,4958
835,5102
835,5318
835,5429
835,5932
835,6675
835,7007
835,7457
835,8157
835,8480
835,8599
835,8630
835,8674
835,9379
835,9517
835,10850
835,12340
835,12371
835,12978
835,14935
835,15705
835,16210
835,16507
835,18657
835,18719
835,19434
835,19689
836,1597
836,1771
836,2832
836,3018
836,5281
836,8118
836,8750
836,11426
836,11609
836,16261
836,16610
837,956
837,967
837,1086
837,2247
837,4897
837,8931
837,11160
837,11633
837,12057
837,16237
838,1000
838,1874
838,2534
838,4367
838,4443
838,4482
838,4659
838,4959
838,5490
838,5541
838,5724
838,6599
838,6629
838,7660
838,11527
838,12185
838,12296
838,13083
838,13479
838,14398
838,14832
838,15217
838,17509
838,18030
839,1470
839,2952
839,2990
839,3291
839,4164
839,14567
839,16213
839,17602
839,18722
839,19655
840,6066
840,11570
840,13538
840,14045
840,14208
840,15290
840,15473
840,16424
840,16448
841,1064
841,6078
841,8174
841,10321
841,15321
842,1242
842,3168
842,4430
842,4748
842,5290
842,6822
842,8284
842,10090
842,12570
842,13430
842,14359
842,14627
843,2353
843,2448
843,3218
843,3335
843,3443
843,6290
843,6601
843,7770
843,8019
843,8247
843,8257
843,9010
843,9705
843,10009
843,10204
843,10802
843,11329
843,11406
843,13703
843,14132
843,14491
843,15830
843,16162
843,17021
843,17678
843,19120
843,19445
844,1019
844,1058
844,1484
844,1808
844,1999
844,3248
844,3563
844,4216
844,4344
844,5469
844,5588
844,5833
844,7568
844,8655
844,9418
844,10172
844,11895
844,12024
844,12098
844,14433
844,14520
844,14577
844,15319
844,15368
844,15745
844,16373
844,16779
844,16985
844,17196
844,17938
844,19414
845,887
845,1104
845,4269
845,4845
845,6034
845,6140
845,8368
845,8680
845,9529
845,10105
845,10653
845,10948
845,15535
845,16819
845,16825
845,17006
845,18637
845,19387
846,987
846,1002
846,3147
846,4146
846,4422
846,6277
846,6829
846,7383
846,7756
846,8074
846,8707
846,9137
846,9171
846,9622
846,11392
846,12453
846,14143
846,14303
846,14842
846,15053
846,15661
846,15928
846,16189
846,18061
846,18979
846,19698
847,1000
847,1939
847,3375
847,10232
847,11213
847,12673
847,19913
848,1606
848,2814
848,3413
848,6081
848,6359
848,6920
848,7107
848,7556
848,7593
848,8761
848,12240
848,12437
848,12918
848,13292
848,15888
849,1879
849,3126
849,3346
849,3463
849,4192
849,6341
849,6637
849,8279
849,11238
849,11717
849,12445
849,12682
849,12818
850,1325
850,1401
850,2414
850,2770
850,4849
850,6364
850,6599
850,8153
850,10030
850,11449
850,12994
850,13887
850,18259
851,861
851,1000
851,1049
851,1375
851,1479
851,1770
851,2332
851,2394
851,2546
851,3521
851,4754
851,4880
851,4911
851,6033
851,6705
851,7682
851,9989
851,11627
851,12162
851,12844
851,17372
852,894
852,1205
852,1903
852,3119
852,5110
852,5242
852,5814
852,6360
852,7137
852,9755
852,10104
852,17236
852,18004
853,1044
853,1094
853,2192
853,2263
853,2693
853,2814
853,2953
853,3011
853,3228
853,3396
853,3801
853,3987
853,4147
853,4259
853,4309
853,4405
853,4684
853,5081
853,5596
853,6198
853,6450
853,6984
853,7297
853,7694
853,7963
853,11510
853,13478
853,13808
853,14216
853,14328
853,15208
853,17633
853,18387
853,18620
853,19313
853,19702
854,1324
854,1851
854,2161
854,3055
854,10084
854,10969
854,16138
855,1976
855,2197
855,2578
855,3348
855,4591
855,5424
855,5652
855,6036
855,7531
855,11096
855,11789
855,12566
855,13487
855,14989
855,19110
855,19442
855,19916
856,1077
856,1078
856,1517
856,1661
856,3227
856,4136
856,4283
856,4442
856,4914
856,5149
856,6079
856,6638
856,8753
856,9209
856,9278
856,9487
856,9988
856,12500
856,13351
856,13847
856,14849
856,15631
856,15685
856,15993
856,17673
857,993
857,1406
857,1812
857,1820
857,2500
857,2514
857,2667
857,2688
857,2844
857,3143
857,4840
857,5034
857,5379
857,6125
857,6485
857,6640
857,6824
857,6950
857,7280
857,8403
857,9051
857,9803
857,10229
857,10846
857,12452
857,13426
857,14251
857,15564
857,16532
857,16566
857,16748
857,17072
857,17233
857,17270
857,17429
857,17771
857,18382
857,18517
857,19021
858,1091
858,1150
858,1188
858,1385
858,2013
858,2521
858,3026
858,4517
858,5512
858,5602
858,6931
858,6942
858,9563
858,9875
858,10190
858,11187
858,14864
859,1624
859,1876
859,2391
859,2743
859,3065
859,3767
859,4054
859,5030
859,5293
859,8434
859,9049
859,13132
859,13164
859,16614
860,1403
860,2047
860,3501
860,3725
860,4658
860,5270
860,8611
860,9079
860,11506
860,12605
860,12711
860,13363
860,15279
860,16234
860,16879
861,6068
861,7475
861,11386
862,1163
862,1400
862,1798
862,1805
862,2020
862,2490
862,4416
862,4656
862,4852
862,5621
862,6942
862,8793
862,9877
862,10258
862,12066
862,12463
862,12992
862,14412
862,15636
862,17180
862,17909
862,18534
863,879
863,917
863,1213
863,1265
863,2018
863,2078
863,2106
863,2525
863,2784
863,2883
863,3033
863,4766
863,7103
863,10392
863,10980
863,12714
863,13746
863,17031
863,19627
864,945
864,1363
864,2845
864,4294
864,4658
864,6458
864,6775
864,8091
864,9650
864,10637
864,11405
864,14373
865,992
865,1322
865,1367
865,1520
865,1688
865,1863
865,2100
865,5698
865,6676
865,7211
865,7307
865,8183
865,8902
865,10099
865,11997
865,12768
865,12927
865,13061
865,14414
865,14528
865,15177
865,16139
865,17625
865,19733
866,1219
866,1566
866,1622
866,2081
866,2188
866,2529
866,2742
866,2882
866,2993
866,4325
866,4552
866,5066
866,5559
866,7600
866,7912
866,12594
866,13159
866,13808
866,14575
866,14868
866,15963
866,17828
866,18976
867,1816
867,4182
867,4490
867,4653
867,6099
867,7334
867,7342
867,8534
867,12128
867,12316
867,12429
867,14469
867,15047
867,15155
867,16974
867,19663
868,1362
868,2308
868,4897
868,6066
868,6425
868,8507
868,9658
868,12654
868,12716
868,12851
868,14463
868,14765
868,16927
868,17693
869,2622
869,6207
869,6317
869,6729
869,9314
869,9621
869,11498
869,11638
869,16292
870,2945
870,3279
870,4202
870,12738
870,16997
870,17374
871,1225
871,1365
871,2077
871,2504
871,2777
871,2802
871,3056
871,3224
871,3398
871,3577
871,3753
871,5573
871,5937
871,6044
871,6841
871,7162
871,7243
871,7498
871,7532
871,8065
871,8323
871,8414
871,8644
871,8822
871,9172
871,9786
871,11079
871,15043
871,16058
871,17071
871,19576
872,2283
872,2411
872,3362
872,4900
872,5586
872,5782
872,5843
872,6097
872,6850
872,7571
872,9666
872,10992
872,12527
872,14732
872,15436
872,15687
872,16359
872,16950
873,966
873,1510
873,1595
873,1755
873,1850
873,1958
873,9852
873,11462
873,11717
873,16473
873,19073
873,19835
874,2386
874,4514
874,5708
874,6803
874,8712
874,8976
874,10295
874,11821
874,18014
875,1069
875,1287
875,1313
875,2299
875,2741
875,2748
875,3262
875,3825
875,4470
875,4546
875,5635
875,6222
875,8876
875,9875
875,14322
875,15768
875,18584
876,1175
876,1433
876,1888
876,2166
876,2659
876,2905
876,3116
876,3404
876,4016
876,4086
876,4450
876,4795
876,5947
876,5960
876,6028
876,6092
876,6191
876,7948
876,9784
876,10083
876,11908
876,13440
876,13536
876,13755
876,13780
876,14299
876,15527
876,16857
876,17766
876,19268
877,1435
877,1821
877,1863
877,2160
877,5298
877,9115
877,13248
878,1003
878,1750
878,2062
878,2442
878,3038
878,3420
878,6567
878,9396
878,9701
878,12282
878,13937
878,16333
878,17922
878,17940
878,18829
879,912
879,976
879,1135
879,1163
879,1233
879,1366
879,1419
879,1561
879,1679
879,1766
879,2344
879,2939
879,3174
879,3806
879,3914
879,4298
879,4884
879,5372
879,5381
879,5783
879,6026
879,6130
879,6302
879,6364
879,6496
879,6742
879,7618
879,7929
879,8508
879,9011
879,9141
879,9724
879,9748
879,10987
879,12130
879,13000
879,14692
879,14980
879,15353
879,15625
879,15699
879,16400
879,18626
879,18659
879,19101
879,19374
879,19849
879,19879
880,898
880,1461
880,1551
880,2700
880,3132
880,6290
880,7299
880,9322
880,11211
880,13668
880,15028
880,15324
880,19046
880,19390
881,1167
881,1483
881,1880
881,2475
881,2503
881,2538
881,2773
881,6203
881,6382
881,6610
881,6693
881,6756
881,7219
881,7569
881,7901
881,9017
881,9554
881,9748
881,10294
881,10804
881,11024
881,13935
881,14972
881,15569
882,1110
882,1231
882,1387
882,1762
882,1866
882,2025
882,2030
882,2139
882,2763
882,2913
882,3093
882,3288
882,4026
882,4288
882,4331
882,5027
882,5077
882,5222
882,5272
882,5579
882,5933
882,6678
882,7224
882,7739
882,8339
882,8440
882,9599
882,10343
882,12013
882,12548
882,12913
882,13124
882,13635
882,14731
882,18096
882,18274
882,18388
882,18475
882,18529
882,18946
882,19012
882,19908
883,1200
883,2962
883,3867
883,4115
883,4315
883,8872
883,9277
883,9382
883,9435
883,9670
883,9792
883,10690
883,11587
883,11929
883,15058
883,17360
884,994
884,1384
884,1503
884,1759
884,1838
884,2006
884,2344
884,2669
884,2921
884,3286
884,3916
884,4008
884,4019
884,4140
884,5453
884,6430
884,6853
884,7470
884,7676
884,7846
884,8444
884,8976
884,9197
884,9417
884,11724
884,12988
884,13798
884,13940
884,15168
884,15207
884,15928
884,16363
884,16814
884,18321
884,18591
885,2357
885,2799
885,3345
885,3889
885,5162
885,5637
885,5679
885,6278
885,6289
885,8110
885,10483
885,12928
885,13344
885,14646
885,15422
885,19461
886,1950
886,2154
886,3352
886,3945
886,7557
886,7756
886,12291
886,13287
886,14278
886,14530
887,1829
887,2248
887,3082
887,3508
887,4016
887,4239
887,4684
887,5263
887,5805
887,6245
887,6651
887,8617
887,12022
887,13794
887,13998
887,15526
887,16835
887,18443
888,1070
888,1161
888,7606
888,7780
888,9112
888,10366
888,11432
888,14751
888,18986
888,19148
889,1254
889,1547
889,2132
889,2633
889,2795
889,2829
889,2937
889,4048
889,5620
889,6584
889,7950
889,12765
889,14742
889,15195
889,16853
890,1122
890,1160
890,1415
890,1536
890,1560
890,2781
890,4941
890,5655
890,6628
890,6918
890,8141
890,9438
890,10367
890,11711
890,11783
890,12313
890,12332
890,12570
890,13017
890,15277
891,980
891,1300
891,1959
891,2198
891,2654
891,3134
891,4651
891,6042
891,7862
891,8061
891,8550
891,9614
891,13903
892,3445
892,5846
892,7534
892,7651
892,7755
892,8211
892,8281
892,8701
892,8848
892,9261
892,9542
892,9940
892,10771
892,13339
892,13801
892,13869
892,14504
892,15726
892,16431
892,17681
893,974
893,1412
893,2798
893,3510
893,4177
893,5167
893,5714
893,6529
893,7019
893,8448
893,8823
893,9954
893,10354
893,10579
893,10725
893,11636
893,16152
893,16929
893,17217
893,17901
894,994
894,1185
894,1697
894,1871
894,1909
894,2033
894,2045
894,2340
894,2417
894,2487
894,3255
894,3600
894,3868
894,4005
894,4542
894,4819
894,4868
894,4930
894,5205
894,5258
894,7235
894,8669
894,10419
894,12991
894,14301
894,14685
894,15055
894,18665
894,18915
894,19498
894,19530
894,19717
895,1075
895,1206
895,2130
895,2349
895,2416
895,2605
895,3756
895,4120
895,4408
895,4765
895,4796
895,5233
895,5335
895,5483
895,5560
895,10131
895,10507
895,11704
895,12433
895,12751
895,15390
895,18620
895,18738
895,19079
896,1047
896,2260
896,4623
896,5489
896,8750
896,9034
896,10234
896,10819
896,11869
896,15316
897,2934
897,3893
897,4316
897,4538
897,9106
897,12537
897,13270
897,14434
897,17743
897,18096
898,1237
898,1770
898,1824
898,3054
898,3156
898,3905
898,4858
898,5116
898,6091
898,6987
898,9285
898,10592
898,11873
898,11981
898,13314
898,13556
898,14385
898,16376
898,16493
898,16501
898,17400
898,17425
898,17948
898,18435
899,1474
899,1868
899,1961
899,2041
899,3019
899,3101
899,4050
899,5026
899,5120
899,5248
899,5545
899,5659
899,6765
899,7900
899,8152
899,8902
899,9891
899,12746
899,13267
899,13616
899,16124
899,18027
899,19462
900,985
900,1684
900,1757
900,1956
900,2206
900,4713
900,4718
900,4818
900,6017
900,6253
900,6485
900,7270
900,8773
900,9694
900,10296
900,10731
900,16613
900,18194
900,18212
900,19173
900,19176
900,19416
901,924
901,1350
901,2225
901,2256
901,2538
901,2585
901,3308
901,4185
901,4291
901,5464
901,5681
901,6402
901,6778
901,8072
901,8089
901,9359
901,11347
901,12143
901,12362
901,12456
901,16217
901,16544
901,17592
901,19141
902,972
902,1220
902,1333
902,1437
902,1481
902,1787
902,1938
902,1979
902,2229
902,2469
902,2638
902,3631
902,3923
902,3929
902,4056
902,4098
902,4105
902,4516
902,5449
902,6205
902,6433
902,8418
902,8840
902,9809
902,10328
902,12604
902,12944
902,13030
902,13133
902,13331
902,15593
902,16048
902,16404
902,19229
902,19580
902,19996
903,1126
903,1154
903,1160
903,1976
903,2799
903,3042
903,3080
903,3885
903,5287
903,5572
903,6240
903,7049
903,7779
903,7816
903,8095
903,8101
903,8404
903,9246
903,11662
903,12615
903,12705
903,13776
903,17107
904,955
904,1778
904,2003
904,2987
904,3196
904,3323
904,3659
904,3695
904,7772
904,7862
904,10728
904,14713
904,15133
904,15359
904,15437
904,15536
904,16952
904,18992
905,1022
905,1935
905,3017
905,3020
905,3876
905,4223
905,4372
905,4686
905,5595
905,5608
905,6075
905,6479
905,7017
905,7378
905,8154
905,8577
905,10144
905,11295
905,14562
905,18849
905,19348
906,951
906,1237
906,1340
906,1361
906,2221
906,2695
906,4947
906,5419
906,5932
906,6843
906,13319
906,18140
907,2072
907,2110
907,2412
907,2612
907,3039
907,4380
907,4523
907,5331
907,6048
907,8846
907,9351
907,12107
907,12133
907,13399
907,13655
907,15219
907,15480
907,16131
907,16241
907,16612
907,17018
907,17398
907,17637
907,19621
908,1031
908,1036
908,1214
908,1488
908,2268
908,4310
908,4566
908,5940
908,7011
908,9310
908,9784
908,13700
908,17421
908,17721
909,983
909,1082
909,1286
909,1835
909,2461
909,2808
909,2886
909,3324
909,3494
909,3710
909,3983
909,4595
909,4658
909,4930
909,5728
909,12542
909,13279
909,13605
909,14645
909,15043
909,15389
909,17796
909,18744
910,1623
910,2044
910,2806
910,3377
910,4188
910,4312
910,4344
910,6572
910,7813
910,8146
910,9665
910,10446
910,11096
910,11905
910,12127
910,13323
910,13731
910,14420
910,16393
910,18661
911,972
911,1016
911,1581
911,2164
911,2175
911,2429
911,5022
911,5493
911,5949
911,6288
911,6595
911,7518
911,8515
911,8595
911,8824
911,9303
911,10250
911,10856
911,10885
911,10981
911,11320
911,11539
911,12214
911,12409
911,12761
911,16299
911,16557
911,17169
911,17605
911,17851
911,18309
911,18513
912,3427
912,3976
912,4069
912,6613
912,6709
912,7767
912,8075
912,10148
912,11317
912,13643
913,1112
913,1207
913,1712
913,1930
913,1973
913,2244
913,2544
913,2959
913,3078
913,3429
913,3546
913,4684
913,4710
913,6433
913,7483
913,7828
913,8469
913,10089
913,10207
913,12110
913,12316
913,14166
913,14211
913,15637
913,15692
913,15778
913,17087
913,17101
913,17190
913,18020
913,19935
914,1132
914,1311
914,1387
914,1509
914,1512
914,2396
914,2917
914,3155
914,4455
914,5478
914,5890
914,6724
914,7441
914,7794
914,8124
914,8171
914,8307
914,8868
914,10777
914,12387
914,14234
914,15665
914,16065
914,19768
915,1675
915,1981
915,2781
915,5728
915,8801
915,9141
915,9669
915,15182
915,16286
915,18988
915,18993
916,988
916,2870
916,2902
916,3248
916,3804
916,4144
916,5998
916,6806
916,12220
916,15284
916,15787
916,17505
916,19651
917,955
917,1729
917,2389
917,2693
917,2947
917,3701
917,3873
917,3924
917,4031
917,4192
917,4569
917,5330
917,5839
917,5944
917,6687
917,7551
917,7937
917,8272
917,9722
917,12628
917,16504
917,19241
917,19728
918,1082
918,1233
918,1325
918,1594
918,1730
918,3182
918,3538
918,3551
918,4416
918,4758
918,9027
918,10327
918,10655
918,11759
918,12101
918,17864
918,19681
918,19689
919,948
919,1201
919,1229
919,1639
919,2076
919,2089
919,2782
919,3780
919,4157
919,4334
919,5480
919,5599
919,5733
919,6287
919,6672
919,6775
919,7960
919,8298
919,9208
919,9946
919,10344
919,10511
919,11780
919,12884
919,13911
919,18928
919,19164
920,1204
920,1960
920,2174
920,3712
920,3965
920,4092
920,4330
920,4455
920,4864
920,4975
920,4992
920,5768
920,5813
920,7447
920,9024
920,9218
920,10510
920,10719
920,14873
920,14928
920,15581
920,16072
920,19829
921,1411
921,1513
921,1896
921,2775
921,3587
921,4584
921,5170
921,6143
921,6396
921,8301
921,12278
921,14461
921,14721
921,15068
921,15360
921,17774
922,958
922,1457
922,2028
922,2192
922,2446
922,3799
922,3865
922,3877
922,4593
922,6532
922,7071
922,8063
922,9144
922,9638
922,9911
922,10025
922,10771
922,11298
922,11590
922,11713
922,11835
922,12562
922,12849
922,13483
922,13671
922,14727
922,17571
922,19845
923,1288
923,2186
923,3336
923,7325
923,7873
923,8105
923,8555
923,9065
923,9594
923,10313
923,13573
923,15505
923,16916
923,17101
923,18176
923,18633
923,19541
924,981
924,996
924,1906
924,1971
924,2796
924,3003
924,3828
924,4156
924,5820
924,6138
924,8047
924,8791
924,8830
924,10205
924,10269
924,10671
924,11534
924,12269
924,12522
924,13359
924,13830
924,13950
924,14843
924,14979
924,15736
924,16634
924,18141
924,18191
925,981
925,1772
925,1816
925,2491
925,3304
925,4242
925,4323
925,4440
925,4483
925,5616
925,7203
925,7870
925,7944
925,9376
925,9676
925,10113
925,10128
925,10838
925,10859
925,10990
925,13312
925,15759
925,16001
925,16562
925,16651
925,17763
925,18454
925,18713
925,18804
925,19071
925,19462
925,19776
926,1369
926,1957
926,4268
926,4566
926,5129
926,6318
926,6359
926,7586
926,8695
926,9306
926,9485
926,10400
926,11765
926,12016
926,15568
926,18759
926,18993
927,1106
927,1236
927,2456
927,4504
927,7518
927,13875
927,15549
927,15558
927,16115
928,1488
928,1715
928,2048
928,2879
928,3325
928,5603
928,5897
928,6612
928,7099
928,9681
928,10806
928,12194
928,16276
928,17524
928,17958
928,17997
928,19463
929,2305
929,2424
929,7821
929,12592
929,15642
930,945
930,1255
930,1386
930,1872
930,2525
930,4063
930,4274
930,4554
930,4743
930,5137
930,5413
930,6230
930,9516
930,10501
930,12022
930,12417
930,13301
930,16148
930,16218
930,16687
930,19624
931,1027
931,1341
931,3442
931,4012
931,4020
931,4857
931,5757
931,7455
931,8675
931,12728
931,12891
931,18016
932,1041
932,1697
932,1793
932,2820
932,2933
932,3099
932,3459
932,3520
932,3738
932,3848
932,4530
932,5024
932,5147
932,7195
932,7428
932,7904
932,8667
932,9259
932,10991
932,11544
932,12323
932,12742
932,13496
932,13534
932,13961
932,14690
932,16229
932,16450
932,17998
932,18351
932,18942
933,1027
933,1923
933,2201
933,2697
933,3364
933,3584
933,4404
933,5552
933,5692
933,9088
933,14600
933,15856
933,16895
933,18102
933,18118
933,19205
934,3278
934,3618
934,4274
934,5591
934,7961
934,9974
934,11096
934,11676
934,13028
934,16220
934,18106
934,19472
935,1475
935,1824
935,2017
935,2278
935,4891
935,5441
935,8488
935,8591
935,9239
935,9865
935,14086
935,15347
935,15545
935,15615
935,16067
935,16738
935,17117
935,18363
936,1618
936,1663
936,1827
936,2566
936,2947
936,3780
936,3819
936,4172
936,5019
936,5308
936,5467
936,6653
936,7278
936,8692
936,8939
936,9023
936,10369
936,11400
936,12881
936,12904
936,15763
936,16361
936,17163
936,17779
936,19126
936,19447
937,1679
937,3379
937,3765
937,4368
937,4466
937,4576
937,6085
937,10501
937,12306
937,15569
937,15881
937,16493
937,16834
937,17648
937,18163
937,18661
937,19325
938,1228
938,1835
938,2281
938,2297
938,2493
938,3109
938,3156
938,3256
938,3275
938,3992
938,4071
938,4086
938,4217
938,4830
938,5393
938,6851
938,7656
938,8057
938,9183
938,10989
938,11501
938,11646
938,11993
938,12792
938,13080
938,13657
938,13919
938,14798
938,15238
938,18528
939,975
939,1243
939,1246
939,1580
939,1639
939,1664
939,1789
939,2116
939,2321
939,2867
939,2935
939,3027
939,3349
939,3708
939,4046
939,4109
939,4538
939,4710
939,5185
939,5295
939,5374
939,5580
939,5745
939,5792
939,6834
939,6909
939,7025
939,8010
939,8209
939,10071
939,12920
939,13137
939,13716
939,13993
939,14115
939,14265
939,14398
939,15924
939,16074
939,18291
939,19730
939,19874
940,1218
940,2486
940,2789
940,3178
940,3471
940,3887
940,5522
940,5951
940,6344
940,6826
940,7253
940,8303
940,11212
940,11938
940,12222
940,13063
940,16373
940,18045
940,18252
940,18617
940,19067
941,1147
941,1243
941,1422
941,1979
941,2272
941,2366
941,2539
941,3354
941,3633
941,3724
941,4786
941,4871
941,5343
941,5754
941,6064
941,6422
941,6641
941,7121
941,8913
941,8917
941,9519
941,10845
941,11597
941,11642
941,14131
941,14697
941,14827
941,14866
941,17615
941,18507
941,19875
941,19895
942,1058
942,1357
942,2960
942,3571
942,3901
942,10479
942,18848
943,952
943,1297
943,1429
943,1489
943,4208
943,6617
943,6873
943,8787
943,11482
943,14106
943,15537
943,16054
943,17061
943,17221
943,19223
943,19910
944,1057
944,1113
944,1629
944,1887
944,2268
944,2377
944,2411
944,2478
944,2720
944,2831
944,3478
944,3622
944,3755
944,3980
944,4032
944,4207
944,4241
944,4459
944,5676
944,5876
944,6170
944,7355
944,7905
944,7944
944,8843
944,9005
944,9117
944,9625
944,10145
944,10403
944,10597
944,10712
944,12186
944,13368
944,14540
944,14783
944,16408
944,16617
944,17268
944,17686
944,17763
944,17996
944,18257
944,19257
944,19365
944,19430
945,1414
945,1442
945,1468
945,1766
945,1954
945,2228
945,2294
945,2492
945,2580
945,2863
945,3052
945,3078
945,3363
945,3468
945,4449
945,5005
945,5648
945,7152
945,7640
945,9026
945,9873
945,9980
945,10718
945,12161
945,12858
945,13023
945,13105
945,14494
945,15726
945,15832
945,15883
945,15889
945,16239
945,16240
945,16286
945,17261
945,19314
945,19481
946,1102
946,1105
946,1432
946,1648
946,1755
946,1958
946,2239
946,2793
946,2931
946,3038
946,3101
946,4079
946,4606
946,4727
946,4979
946,5463
946,5971
946,6112
946,8107
946,8183
946,8610
946,8949
946,9290
946,9747
946,9813
946,10192
946,10310
946,11194
946,13758
946,16083
946,16195
946,16239
946,17847
946,17940
946,18402
946,18985
946,19450
947,1688
947,2280
947,4226
947,5490
947,6987
947,7110
947,7190
947,7865
947,9263
947,12905
947,14580
948,1073
948,1131
948,1142
948,1266
948,1577
948,1802
948,1829
948,1868
948,2079
948,2083
948,2616
948,2739
948,3397
948,3488
948,4162
948,4248
948,4263
948,4703
948,4893
948,4940
948,5003
948,5043
948,5923
948,6143
948,6209
948,6463
948,7121
948,7235
948,7353
948,7461
948,7911
948,8693
948,9460
948,9667
948,9999
948,10406
948,10539
948,11713
948,12548
948,13262
948,13392
948,13888
948,14293
948,15289
948,16375
948,17234
948,17510
948,19815
948,19903
949,1121
949,1230
949,1654
949,1701
949,1720
949,2157
949,2498
949,2548
949,2648
949,3194
949,3469
949,4050
949,4836
949,5234
949,5249
949,5480
949,6429
949,6855
949,7544
949,8401
949,9469
949,11103
949,11691
949,13193
949,13362
949,13948
949,14061
949,14691
949,16318
950,1681
950,3062
950,3342
950,4926
950,5356
950,5886
950,7522
950,10483
950,11226
950,11846
950,14591
950,15262
950,16804
950,17002
950,18924
950,19265
951,1077
951,1451
951,1472
951,1502
951,5229
951,5381
951,6294
951,9437
951,9624
951,11415
951,12296
951,12353
951,13788
951,17765
952,968
952,1922
952,1955
952,1957
952,2606
952,2858
952,3163
952,4037
952,4383
952,9794
952,10217
952,10335
952,14102
952,16325
952,19975
953,1358
953,1685
953,1846
953,1920
953,2305
953,2887
953,3391
953,4537
953,4812
953,5357
953,5502
953,7693
953,8907
953,9391
953,9597
953,9868
953,10181
953,10509
953,11736
953,16116
954,1482
954,1608
954,1671
954,1695
954,1732
954,2499
954,2646
954,2737
954,2850
954,4292
954,5477
954,6192
954,7551
954,9408
954,10450
954,15646
954,16098
954,16238
954,16377
954,17081
954,17930
954,18637
954,18842
955,1476
955,1805
955,2434
955,2928
955,2976
955,3253
955,3334
955,3482
955,3635
955,4332
955,4843
955,6545
955,7400
955,7693
955,9355
955,11269
955,12189
955,12873
955,13010
955,13015
955,13513
955,13543
955,13995
955,17523
955,17813
955,18401
956,1125
956,1299
956,1448
956,3352
956,3782
956,3855
956,3975
956,4258
956,5089
956,5443
956,5920
956,7367
956,7729
956,7792
956,9776
956,10191
956,11103
956,11591
956,14104
956,15961
956,16148
956,16149
956,17037
956,17178
956,17318
956,17885
956,18210
956,18753
956,19312
957,1842
957,1863
957,2547
957,2653
957,2656
957,3408
957,3684
957,3867
957,5410
957,5754
957,6144
957,6359
957,6622
957,7919
957,10035
957,11427
957,11785
957,13771
957,14891
957,15671
957,16496
957,17527
957,17542
957,19700
958,1245
958,1582
958,2000
958,2004
958,2066
958,2212
958,2726
958,3692
958,3762
958,3768
958,4598
958,5266
958,5406
958,5485
958,7708
958,8374
958,8627
958,9975
958,10173
958,10260
958,11783
958,12057
958,14764
958,17228
958,17241
958,18588
958,18879
958,19330
959,975
959,1063
959,1454
959,1978
959,3131
959,3630
959,4077
959,4480
959,4741
959,4830
959,4951
959,5369
959,6185
959,6533
959,7232
959,8971
959,9080
959,11248
959,11569
959,11622
959,11689
959,12806
959,12866
959,13153
959,14620
959,15235
959,15294
959,15656
959,15774
959,16754
959,17269
959,17589
959,18734
959,18791
959,19093
959,19806
960,1695
960,3858
960,10199
960,13235
960,15269
960,19106
961,988
961,7964
961,9169
961,11648
961,14917
962,1194
962,1652
962,1783
962,3236
962,3370
962,3573
962,3683
962,4716
962,4843
962,6199
962,7437
962,8122
962,8630
962,9778
962,10166
962,16327
963,967
963,1613
963,3768
963,5836
963,6621
963,7384
963,12233
963,15728
963,17352
964,3216
964,9856
964,9937
964,16771
965,1656
965,2163
965,2231
965,2335
965,2714
965,2842
965,3133
965,3908
965,4073
965,4078
965,4340
965,4643
965,5656
965,5869
965,6720
965,6819
965,6878
965,8247
965,9245
965,9623
965,9842
965,10332
965,10953
965,11198
965,12920
965,13320
965,14872
965,16092
965,19473
966,1150
966,1736
966,1865
966,2283
966,2550
966,3418
966,5387
966,5927
966,6208
966,6809
966,8295
966,10697
966,12227
966,12373
966,14172
966,14750
966,14918
966,17532
966,19815
967,1048
967,2180
967,3803
967,4060
967,5015
967,5808
967,5859
967,7436
967,17335
967,17901
967,19163
967,19746
968,2027
968,2091
968,2823
968,3842
968,4465
968,5122
968,7249
968,7600
968,7621
968,7979
968,8139
968,8891
968,10142
968,10563
968,14910
968,14997
968,16166
968,16836
968,17011
969,1348
969,1516
969,4072
969,4590
969,5514
969,7314
969,10284
969,11521
969,12625
969,12694
969,13552
969,13946
969,14454
969,17519
970,2400
970,2648
970,3677
970,5453
970,6876
970,7306
970,7450
970,8592
970,15140
970,17154
970,17853
970,18078
971,1035
971,1459
971,2037
971,2686
971,2803
971,2817
971,4691
971,5487
971,6571
971,6813
971,7425
971,9419
971,14392
971,15654
971,16616
972,1056
972,1065
972,1436
972,1551
972,1828
972,3227
972,3435
972,3632
972,3818
972,5073
972,5296
972,5309
972,5451
972,5638
972,7217
972,7337
972,7516
972,8434
972,8476
972,9440
972,10598
972,11643
972,12054
972,13084
972,13760
972,14759
972,15554
972,17279
972,18217
972,18885
973,2445
973,3832
973,3966
973,4405
973,5153
973,5588
973,6340
973,8337
973,12603
973,16130
973,19149
974,1495
974,1629
974,1631
974,1656
974,3793
974,3975
974,5001
974,6656
974,6886
974,11168
974,14037
974,15285
974,15288
974,15987
974,18771
974,19211
974,19438
975,1057
975,1249
975,1468
975,1503
975,2587
975,4298
975,4318
975,5356
975,5924
975,6608
975,6757
975,6984
975,7082
975,7230
975,9922
975,10363
975,11455
975,11784
975,13088
975,14448
975,14916
975,14930
975,15308
975,16420
975,16763
975,16786
975,16903
975,17737
975,18325
975,19960
976,1579
976,1644
976,1691
976,1973
976,2116
976,3319
976,3496
976,4157
976,4371
976,5327
976,6011
976,7303
976,9511
976,11490
976,11596
976,11797
976,11893
976,12086
976,12564
976,14363
976,18788
977,1321
977,1587
977,2199
977,2472
977,2520
977,3118
977,4085
977,4328
977,8108
977,9827
977,11132
977,13640
977,17345
977,18204
978,1404
978,2317
978,7842
978,7845
978,10496
978,10624
978,13586
978,16275
978,18367
979,1357
979,1574
979,1785
979,2076
979,3817
979,4832
979,5889
979,7541
979,8503
979,10307
979,10308
979,11601
979,12249
979,12259
979,12466
979,12587
979,12745
979,14149
979,15200
979,15321
979,15752
979,15818
979,18674
979,18732
980,1499
980,2488
980,3437
980,4311
980,5118
980,5361
980,5688
980,6175
980,7145
980,7382
980,8833
980,11020
980,11210
980,11465
980,12793
980,15564
980,16930
980,18272
980,19642
981,1196
981,1419
981,1443
981,1592
981,1943
981,2872
981,2903
981,3057
981,3742
981,3994
981,4888
981,6163
981,6218
981,6594
981,6867
981,7706
981,10422
981,10602
981,11434
981,12600
981,12659
981,14672
981,15461
981,17361
981,17497
981,19296
981,19393
981,19718
981,19930
982,990
982,1017
982,1281
982,1307
982,2227
982,2287
982,2470
982,2572
982,2791
982,3200
982,3763
982,4026
982,4129
982,4249
982,4250
982,4416
982,6399
982,6630
982,6642
982,8254
982,8363
982,8580
982,9223
982,11183
982,11917
982,12534
982,12766
982,13255
982,13352
982,15098
982,15712
982,18198
982,19498
982,19506
983,1092
983,2530
983,3819
983,5053
983,5240
983,6023
983,6094
983,7073
983,12711
983,13256
983,13653
983,16807
984,3514
984,5426
984,9367
984,11243
984,15834
984,19878
985,1207
985,2293
985,4179
985,4265
985,4796
985,4826
985,4926
985,5005
985,5839
985,6078
985,6382
985,7653
985,8968
985,10778
985,10844
985,16372
985,17156
986,1060
986,2010
986,2057
986,3279
986,3972
986,7954
986,10021
986,12358
986,12999
986,16024
986,17515
986,17777
986,18422
987,1069
987,1234
987,1759
987,2520
987,2687
987,3271
987,3982
987,5753
987,5809
987,8251
987,8542
987,10481
987,12649
987,12936
987,13621
987,16013
987,16135
987,19756
988,1688
988,1764
988,2134
988,3079
988,4269
988,5259
988,5321
988,8651
988,8676
988,11383
988,12228
988,13208
988,13400
988,15706
988,16811
988,17607
988,18360
989,3083
989,9595
989,10325
989,14178
990,1785
990,2681
990,3302
990,3726
990,3759
990,4183
990,4354
990,5346
990,5974
990,7177
990,10692
990,11422
990,11545
990,12440
990,12838
990,13259
990,14315
990,15834
990,15868
990,17432
990,17936
990,19329
990,19342
991,1252
991,1697
991,2631
991,2662
991,3504
991,3976
991,6033
991,6536
991,7314
991,9232
991,9546
991,9669
991,10352
991,11121
991,11807
991,12191
992,1992
992,2331
992,2933
992,3500
992,3911
992,4225
992,4678
992,6402
992,7375
992,8131
992,8891
992,12504
992,12754
992,13716
992,14399
992,14412
992,15212
992,19949
993,1070
993,1621
993,3196
993,3572
993,4649
993,4672
993,4946
993,5023
993,5183
993,5370
993,5606
993,6464
993,8700
993,9338
993,10131
993,10431
993,12438
993,12459
993,17642
994,1051
994,1686
994,2658
994,2953
994,3033
994,3146
994,3553
994,3934
994,4920
994,5232
994,6051
994,6832
994,6845
994,9428
994,10885
994,11185
994,11747
994,12195
994,15919
994,18086
994,19149
995,1312
995,1366
995,1472
995,1525
995,2670
995,3924
995,4017
995,5302
995,5589
995,10676
995,13614
995,13714
995,15781
995,16631
995,19754
995,19834
996,1149
996,1298
996,1811
996,1855
996,2046
996,2219
996,2681
996,2771
996,4373
996,4688
996,5228
996,5848
996,8297
996,9752
996,11322
996,16869
996,17435
996,17599
996,17732
996,18953
997,1221
997,2707
997,3118
997,3238
997,3410
997,3638
997,4621
997,4958
997,5242
997,5972
997,6175
997,8353
997,9975
997,10576
997,10871
997,11415
997,12925
997,13067
997,13120
997,13312
997,13786
997,14647
997,17130
997,18738
998,1012
998,1032
998,1062
998,1682
998,1921
998,3150
998,3378
998,3784
998,4329
998,4457
998,4947
998,4987
998,6623
998,6844
998,6946
998,7073
998,7594
998,8569
998,8667
998,8702
998,9097
998,10499
998,13538
998,13975
998,15681
998,18036
998,19691
998,19972
999,2647
999,3302
999,3365
999,4256
999,6494
999,9053
999,9474
999,16226
999,16697
999,19362
1000,1686
1000,1903
1000,5235
1000,6693
1000,7039
1000,9599
1000,10266
1000,11514
1000,12222
1000,14808
1000,14815
1000,17157
1001,1236
1001,2967
1001,7001
1001,7642
1001,8125
1001,9290
1001,10018
1001,10385
1001,10488
1001,12975
1001,14146
1001,16605
1001,17231
1001,18163
1001,19628
1002,1090
1002,1367
1002,2640
1002,3601
1002,4056
1002,4657
1002,5307
1002,5331
1002,5771
1002,5811
1002,7921
1002,9425
1002,10927
1002,11637
1002,11667
1002,11719
1002,14064
1002,14149
1002,14804
1002,15522
1002,15890
1002,16498
1002,18797
1002,19643
1002,19689
1003,2285
1003,3234
1003,5378
1003,6231
1004,1480
1004,1535
1004,1923
1004,2021
1004,2786
1004,3892
1004,7291
1004,9613
1004,11603
1004,12744
1004,17966
1004,18288
1004,19989
1005,3473
1005,3550
1005,3749
1005,4181
1005,4618
1005,6603
1005,6831
1005,7034
1005,9091
1005,11120
1005,12563
1005,12835
1005,12896
1005,13977
1005,14093
1005,16463
1005,16996
1005,18237
1005,19705
1006,1321
1006,1455
1006,1622
1006,1739
1006,1994
1006,2269
1006,2989
1006,3177
1006,6129
1006,6768
1006,7196
1006,8162
1006,8583
1006,8774
1006,9785
1006,10871
1006,14455
1006,16892
1006,17861
1006,18168
1007,1081
1007,1294
1007,1308
1007,1339
1007,1364
1007,1592
1007,2035
1007,2150
1007,2415
1007,2887
1007,3157
1007,3276
1007,3808
1007,3872
1007,4081
1007,4439
1007,4677
1007,4877
1007,4986
1007,5456
1007,5769
1007,6627
1007,6812
1007,6880
1007,7014
1007,7783
1007,8577
1007,9377
1007,9939
1007,10357
1007,10940
1007,11468
1007,11678
1007,15453
1007,16004
1007,16144
1007,18675
1007,18897
1007,19830
1007,19969
1008,1126
1008,1291
1008,2164
1008,2304
1008,2709
1008,3073
1008,3485
1008,3590
1008,3925
1008,3955
1008,5351
1008,6076
1008,6938
1008,6966
1008,7666
1008,7742
1008,8954
1008,9569
1008,9928
1008,11649
1008,12493
1008,12916
1008,13226
1008,13916
1008,14905
1008,18338
1009,1174
1009,1328
1009,1415
1009,2048
1009,2258
1009,3232
1009,3621
1009,3779
1009,4884
1009,5156
1009,5604
1009,6867
1009,7213
1009,10369
1009,11733
1009,13187
1009,15340
1009,16987
1010,1091
1010,1117
1010,1537
1010,2487
1010,2801
1010,3343
1010,8727
1010,9364
1010,10645
1010,12408
1010,13004
1010,15385
1010,17916
1011,4942
1011,4961
1011,6850
1011,7449
1011,8103
1011,8243
1011,8472
1011,9450
1011,11979
1011,13065
1011,13669
1012,1095
1012,1788
1012,3090
1012,3950
1012,4280
1012,4448
1012,5222
1012,5225
1012,5835
1012,6903
1012,7508
1012,8603
1012,9489
1012,9549
1012,9977
1012,10295
1012,10725
1012,12268
1012,15924
1012,16339
1012,16516
1012,16852
1012,18575
1013,1451
1013,1493
1013,1574
1013,2132
1013,2141
1013,2540
1013,2910
1013,3049
1013,3079
1013,3361
1013,3693
1013,3946
1013,4089
1013,4147
1013,5739
1013,6109
1013,6893
1013,7096
1013,7668
1013,8240
1013,8479
1013,8664
1013,9789
1013,9874
1013,10156
1013,10216
1013,10369
1013,10434
1013,10865
1013,11731
1013,11975
1013,12501
1013,12618
1013,13402
1013,14503
1013,16023
1013,16624
1013,18115
1013,18577
1013,18801
1013,19190
1014,1026
1014,1270
1014,1368
1014,1420
1014,1469
1014,1673
1014,1679
1014,1781
1014,2155
1014,2294
1014,3799
1014,4645
1014,4806
1014,4856
1014,4907
1014,6400
1014,6425
1014,7815
1014,9584
1014,9733
1014,10914
1014,11365
1014,13394
1014,14584
1014,15417
1014,17685
1015,1020
1015,1211
1015,1224
1015,1309
1015,1318
1015,1427
1015,1603
1015,1653
1015,1893
1015,2724
1015,2790
1015,2910
1015,2919
1015,3190
1015,3410
1015,3535
1015,3598
1015,3667
1015,4458
1015,5171
1015,5409
1015,5977
1015,5981
1015,6868
1015,7288
1015,7354
1015,8023
1015,8393
1015,9463
1015,9550
1015,9553
1015,10464
1015,11173
1015,12001
1015,12448
1015,13069
1015,14475
1015,15173
1015,16432
1015,16773
1015,18329
1015,19268
1015,19876
1016,3281
1016,10451
1016,11029
1016,12758
1016,12887
1016,15131
1016,18059
1016,19849
1017,1155
1017,2425
1017,4220
1017,10275
1018,1115
1018,1198
1018,1517
1018,2641
1018,3247
1018,3436
1018,6200
1018,7319
1018,7387
1018,7531
1018,8365
1018,9388
1018,10648
1018,12366
1018,16454
1018,16661
1018,17963
1019,1522
1019,1926
1019,3044
1019,3608
1019,3995
1019,8462
1019,9127
1019,12932
1019,13619
1020,3406
1020,3592
1020,4065
1020,4468
1020,6534
1020,9067
1020,9218
1020,10625
1020,13021
1020,19434
1020,19484
1020,19961
1021,1118
1021,1141
1021,2071
1021,2887
1021,3703
1021,4880
1021,7319
1021,7785
1021,8595
1021,11492
1021,12041
1021,14730
1021,16942
1021,19130
1022,1768
1022,1965
1022,2953
1022,3271
1022,5774
1022,8345
1022,9173
1022,12644
1023,2682
1023,4432
1023,5461
1023,12595
1023,12637
1024,2003
1024,2783
1024,3042
1024,3790
1024,3852
1024,5410
1024,6633
1024,7011
1024,7897
1024,8373
1024,10179
1024,10266
1024,10688
1024,11627
1024,11631
1024,12090
1024,12792
1024,13244
1024,13763
1024,14018
1024,14433
1024,15532
1024,16581
1024,16929
1024,17178
1024,17648
1024,18890
1025,1278
1025,1411
1025,1703
1025,1834
1025,2128
1025,2890
1025,2959
1025,3336
1025,4446
1025,4779
1025,8697
1025,9982
1025,10378
1025,11909
1025,12704
1025,13355
1025,14819
1025,16232
1025,19203
1026,2593
1026,2982
1026,3005
1026,3459
1026,3753
1026,4194
1026,6469
1026,10178
1026,10761
1026,12524
1026,12713
1026,13951
1026,14218
1026,15804
1026,16673
1026,19264
1026,19715
1027,1490
1027,1748
1027,2942
1027,5767
1027,6515
1027,9585
1027,10416
1027,10480
1027,10850
1027,12205
1027,14826
1027,15695
1027,15759
1027,16940
1027,16989
1027,19185
1027,19959
1028,1740
1028,3530
1028,5795
1028,7996
1028,13024
1028,13399
1028,16209
1028,16322
1028,16558
1028,18878
1029,1173
1029,1229
1029,1296
1029,1372
1029,1421
1029,2270
1029,3287
1029,3674
1029,4234
1029,5334
1029,6990
1029,7088
1029,8139
1029,8365
1029,9336
1029,11409
1029,11872
1029,14263
1029,15192
1029,15219
1029,16515
1029,16898
1029,17789
1029,18660
1030,1817
1030,2052
1030,2825
1030,2963
1030,3822
1030,4089
1030,4169
1030,4355
1030,5446
1030,5639
1030,6597
1030,6659
1030,6863
1030,7105
1030,7503
1030,7881
1030,9920
1030,10050
1030,13397
1030,13819
1030,14150
1030,14309
1030,16526
1030,17847
1030,19178
1031,1033
1031,1642
1031,1759
1031,1776
1031,1815
1031,1991
1031,2194
1031,2593
1031,2873
1031,3199
1031,3374
1031,3523
1031,3887
1031,4000
1031,5561
1031,6403
1031,6781
1031,6811
1031,9904
1031,10480
1031,10739
1031,11269
1031,11529
1031,12471
1031,12658
1031,15560
1031,19194
1032,1383
1032,1552
1032,1593
1032,1643
1032,1896
1032,2445
1032,2452
1032,2529
1032,3107
1032,3147
1032,3287
1032,3528
1032,5003
1032,5449
1032,6316
1032,6803
1032,6886
1032,7149
1032,7438
1032,7469
1032,7858
1032,8095
1032,8775
1032,9742
1032,9892
1032,10070
1032,11037
1032,12210
1032,12387
1032,12840
1032,13113
1032,13381
1032,13975
1032,14343
1032,14663
1032,15080
1032,15689
1032,15998
1032,16009
1032,16047
1032,18198
1032,18531
1032,19739
1033,1772
1033,1849
1033,3580
1033,3913
1033,3942
1033,4841
1033,5652
1033,6068
1033,6321
1033,6890
1033,7438
1033,7458
1033,14196
1033,14722
1034,1351
1034,1719
1034,2233
1034,3030
1034,3243
1034,3288
1034,4477
1034,5550
1034,6473
1034,7229
1034,7296
1034,9158
1034,9395
1034,14243
1034,16403
1034,18446
1035,1190
1035,1365
1035,1738
1035,2258
1035,2428
1035,2569
1035,2575
1035,3689
1035,6064
1035,7314
1035,7389
1035,7810
1035,10217
1035,10340
1035,12360
1035,12577
1035,12724
1035,13575
1035,15119
1035,15247
1035,15528
1035,16015
1035,17833
1035,18390
1035,18649
1035,19300
1036,1138
1036,1591
1036,1892
1036,2748
1036,2837
1036,2888
1036,3953
1036,4256
1036,4717
1036,5436
1036,5906
1036,6571
1036,7386
1036,10960
1036,11563
1036,12381
1036,12846
1036,16184
1036,19269
1037,2170
1037,2619
1037,3492
1037,4868
1037,5518
1037,7139
1037,10269
1037,13946
1037,18173
1037,19091
1038,1162
1038,1818
1038,3053
1038,5293
1038,5744
1038,6388
1038,6996
1038,8207
1038,8574
1038,12400
1038,13716
1038,15234
1038,16043
1038,16107
1038,17286
1038,17765
1038,18505
1038,18643
1038,18776
1039,1145
1039,1363
1039,1684
1039,1795
1039,1866
1039,2100
1039,3592
1039,3620
1039,3631
1039,4256
1039,4583
1039,5052
1039,5340
1039,6604
1039,10632
1039,14660
1039,15588
1039,16349
1039,17470
1039,18117
1040,1253
1040,1551
1040,1584
1040,1616
1040,1787
1040,3625
1040,5924
1040,5954
1040,6596
1040,7353
1040,7437
1040,8084
1040,8190
1040,8937
1040,9191
1040,9820
1040,10274
1040,11781
1040,11885
1040,12803
1040,13298
1040,13863
1040,14178
1040,15442
1040,15758
1040,15815
1040,16227
1040,17134
1040,19372
1041,1193
1041,1557
1041,1570
1041,1843
1041,1886
1041,2251
1041,2480
1041,3312
1041,3343
1041,3519
1041,3788
1041,4851
1041,4912
1041,5186
1041,5366
1041,9311
1041,12886
1041,13102
1041,13302
1041,15059
1041,17675
1041,17969
1041,18384
1042,1235
1042,1643
1042,1665
1042,1742
1042,3556
1042,3898
1042,4134
1042,4336
1042,5113
1042,5518
1042,5594
1042,5706
1042,6370
1042,9123
1042,11215
1042,11832
1042,12815
1042,14079
1042,14468
1042,16573
1042,16754
1042,17312
1042,19348
1043,1253
1043,1337
1043,1667
1043,1882
1043,2041
1043,2834
1043,3006
1043,3200
1043,3466
1043,5057
1043,5146
1043,6631
1043,6811
1043,7795
1043,8362
1043,9259
1043,10332
1043,10616
1043,11910
1043,12582
1043,13509
1043,13675
1043,13996
1043,16243
1043,17997
1043,18452
1044,1814
1044,1939
1044,2461
1044,2812
1044,2875
1044,3419
1044,6297
1044,7820
1044,8922
1044,8925
1044,10230
1044,10607
1044,12213
1044,12669
1044,13095
1044,13355
1044,14703
1044,18408
1044,19121
1045,2119
1045,2915
1045,3886
1045,4431
1045,5508
1045,18663
1046,1088
1046,1162
1046,2025
1046,2111
1046,3464
1046,5927
1046,6151
1046,6980
1046,7427
1046,7917
1046,9863
1046,11129
1046,14364
1046,16441
1046,17401
1047,3159
1047,4669
1047,7831
1047,9116
1047,9527
1047,11550
1047,12694
1047,14285
1047,15667
1047,16675
1047,18874
1048,2554
1048,2868
1048,3248
1048,3974
1048,6027
1048,6393
1048,7086
1048,7833
1048,8505
1048,9935
1048,10191
1048,10654
1048,11610
1048,11977
1048,12203
1048,13711
1048,14358
1048,14770
1048,15583
1048,15741
1048,16429
1048,16709
1048,17619
1048,17662
1048,18002
1048,18413
1048,18652
1048,18687
1048,19577
1049,1060
1049,1502
1049,2172
1049,2773
1049,2909
1049,3268
1049,3373
1049,3636
1049,5212
1049,6015
1049,6490
1049,7000
1049,9241
1049,10453
1049,13649
1049,15016
1049,15429
1050,5226
1050,9211
1050,9601
1051,1223
1051,1407
1051,1529
1051,1723
1051,1793
1051,3183
1051,5236
1051,5738
1051,6328
1051,8318
1051,9516
1051,15622
1052,1163
1052,1693
1052,3602
1052,3793
1052,5144
1052,5535
1052,6049
1052,6713
1052,7069
1052,7575
1052,9253
1052,12129
1052,13059
1052,13290
1052,15023
1052,17327
1052,18329
1053,1944
1053,2561
1053,4942
1053,5582
1053,6387
1053,6578
1053,7246
1053,9612
1053,9732
1053,12445
1053,13311
1053,14656
1053,17578
1053,17756
1053,17760
1053,18733
1053,18779
1054,1146
1054,1376
1054,1937
1054,2179
1054,3425
1054,4211
1054,5400
1054,5789
1054,6249
1054,6982
1054,8523
1054,8940
1054,9491
1054,11495
1054,11815
1054,13337
1054,14084
1054,17124
1055,1322
1055,2288
1055,3487
1055,3858
1055,5645
1055,5823
1055,5901
1055,8690
1055,9522
1055,10702
1055,11745
1055,12360
1055,14103
1055,18466
1056,2802
1056,3913
1056,4269
1056,5009
1056,6801
1056,8554
1056,9179
1056,10905
1056,14420
1056,16752
1057,8030
1057,10695
1057,11293
1057,11946
1057,18139
1058,1962
1058,2123
1058,2320
1058,2556
1058,5470
1058,5488
1058,7257
1058,11241
1058,15266
1058,18383
1059,2031
1059,2585
1059,2964
1059,3228
1059,4095
1059,4537
1059,5361
1059,5517
1059,6613
1059,11653
1059,11920
1059,17407
1060,1425
1060,2176
1060,3478
1060,4767
1060,4831
1060,5492
1060,9219
1060,11300
1060,12622
1060,14131
1060,15651
1060,16352
1060,17116
1060,18679
1061,1447
1061,1602
1061,1752
1061,1915
1061,2152
1061,2291
1061,2660
1061,3542
1061,3703
1061,4660
1061,6390
1061,9156
1061,10763
1061,11204
1061,12834
1061,13023
1061,14603
1061,16368
1062,1382
1062,1536
1062,2575
1062,2867
1062,3067
1062,3203
1062,4767
1062,7043
1062,7501
1062,8033
1062,8250
1062,10338
1062,11709
1062,16232
1062,19574
1063,1330
1063,1831
1063,2390
1063,3114
1063,4230
1063,6268
1063,6461
1063,6481
1063,6855
1063,6963
1063,7573
1063,7629
1063,8836
1063,9154
1063,9500
1063,10433
1063,11465
1063,12752
1063,14726
1063,14749
1063,15345
1063,17973
1064,2104
1064,2113
1064,2210
1064,3000
1064,3413
1064,3480
1064,3790
1064,4508
1064,5506
1064,5534
1064,5577
1064,6999
1064,9219
1064,9412
1064,9479
1064,10088
1064,10247
1064,11378
1064,12302
1064,15375
1064,15935
1064,17437
1064,17608
1064,18151
1064,19034
1065,2478
1065,2714
1065,2943
1065,3354
1065,3849
1065,4296
1065,4412
1065,4992
1065,6859
1065,15141
1065,15416
1065,17084
1065,17899
1065,18005
1065,19155
1065,19472
1066,1526
1066,2087
1066,2710
1066,3674
1066,4881
1066,5062
1066,5484
1066,5558
1066,5588
1066,5849
1066,6238
1066,7096
1066,7513
1066,7624
1066,8988
1066,9939
1066,10257
1066,10788
1066,12349
1066,14255
1066,15470
1066,16451
1066,18071
1066,18841
1066,19691
1067,1335
1067,1561
1067,1569
1067,2109
1067,2191
1067,2356
1067,2419
1067,3815
1067,5946
1067,6600
1067,7095
1067,7351
1067,7868
1067,8086
1067,9236
1067,9615
1067,16305
1067,16582
1067,19851
1068,1071
1068,1142
1068,1285
1068,1440
1068,1654
1068,2350
1068,2351
1068,2413
1068,3134
1068,3160
1068,3213
1068,3595
1068,3711
1068,3858
1068,3937
1068,4092
1068,4524
1068,5667
1068,5793
1068,6009
1068,6578
1068,6913
1068,7012
1068,7104
1068,7267
1068,7531
1068,7644
1068,8738
1068,9893
1068,10295
1068,10587
1068,11033
1068,13271
1068,13441
1068,13611
1068,14776
1068,15142
1068,16166
1068,16186
1068,17791
1068,17991
1068,19030
1069,1142
1069,1830
1069,2301
1069,3723
1069,3797
1069,5626
1069,6091
1069,6715
1069,8220
1069,9045
1069,13776
1069,17570
1069,18090
1069,19199
1070,1928
1070,1943
1070,2228
1070,2657
1070,4447
1070,5119
1070,5214
1070,5864
1070,8375
1070,10379
1070,12020
1070,12022
1070,12758
1070,13866
1070,19403
1071,2177
1071,3662
1071,3814
1071,4185
1071,4507
1071,6792
1071,7948
1071,9249
1071,9812
1071,10036
1071,10690
1071,10725
1071,11763
1071,14486
1071,15280
1071,15318
1071,15626
1072,1079
1072,1587
1072,1909
1072,2334
1072,2818
1072,3582
1072,4535
1072,6884
1072,7238
1072,7433
1072,8628
1072,9175
1072,9612
1072,10068
1072,12547
1072,13668
1072,13741
1072,14022
1072,15612
1072,15723
1072,15827
1072,16434
1072,17564
1073,1263
1073,1749
1073,3951
1073,4899
1073,4976
1073,5525
1073,8464
1073,9044
1073,9387
1073,11141
1073,12095
1073,12594
1073,16010
1073,16387
1073,16389
1073,16605
1074,1148
1074,1252
1074,1255
1074,1541
1074,2186
1074,2259
1074,2492
1074,2900
1074,3054
1074,3415
1074,3507
1074,3615
1074,3854
1074,4377
1074,5572
1074,5746
1074,6114
1074,7528
1074,7720
1074,8102
1074,8196
1074,8887
1074,9351
1074,10248
1074,10534
1074,12738
1074,13386
1074,14096
1074,14339
1074,15412
1074,16488
1074,16737
1074,16921
1074,16937
1074,17672
1074,17799
1074,18122
1074,18859
1074,19130
1074,19646
1074,19673
1075,1790
1075,2067
1075,3588
1075,3785
1075,4102
1075,4881
1075,4899
1075,5862
1075,6075
1075,7527
1075,7956
1075,8643
1075,9053
1075,10065
1075,10913
1075,11034
1075,11557
1075,15261
1075,15476
1075,15973
1075,16908
1075,18547
1075,19392
1075,19841
1076,2087
1076,2101
1076,2885
1076,3003
1076,3099
1076,4310
1076,4925
1076,5438
1076,13155
1076,18946
1077,1156
1077,1282
1077,3364
1077,5127
1077,6255
1077,6416
1077,14579
1077,16378
1077,17067
1077,17359
1077,17639
1078,1269
1078,2027
1078,6012
1078,7727
1078,8085
1078,8907
1078,13117
1079,4994
1079,5043
1079,8251
1079,8911
1079,12590
1079,13182
1080,1523
1080,3600
1080,3827
1080,4433
1080,7031
1080,10082
1080,12144
1080,13633
1080,17128
1080,19624
1081,1826
1081,2010
1081,2287
1081,3277
1081,3635
1081,3941
1081,4101
1081,4280
1081,5754
1081,8374
1081,8757
1081,8933
1081,9301
1081,12442
1081,12601
1081,14065
1081,15716
1081,16268
1081,16644
1081,17578
1081,18034
1081,18961
1081,19015
1082,1219
1082,1467
1082,2062
1082,2074
1082,2555
1082,2933
1082,3325
1082,3668
1082,4159
1082,4307
1082,4743
1082,6430
1082,6589
1083,1212
1083,1985
1083,2046
1083,2355
1083,2462
1083,3967
1083,4434
1083,6514
1083,9292
1083,9738
1083,10967
1083,11047
1083,13117
1083,13856
1083,18850
1083,19206
1083,19880
1084,1216
1084,1406
1084,1496
1084,3255
1084,3396
1084,3497
1084,3685
1084,3773
1084,3928
1084,6545
1084,10519
1084,10668
1084,10735
1084,11244
1084,13350
1084,14293
1084,15617
1084,15851
1084,19120
1084,19336
1085,1341
1085,3802
1085,3970
1085,5952
1085,6804
1085,7603
1085,8147
1085,8924
1085,11332
1085,18890
1085,19083
1086,1283
1086,1284
1086,1447
1086,1546
1086,2979
1086,2995
1086,4098
1086,4212
1086,4339
1086,4564
1086,5104
1086,7614
1086,9688
1086,11253
1086,12639
1086,12869
1086,14002
1086,14691
1086,15384
1086,15993
1086,16507
1086,17625
1086,17966
1087,1356
1087,1450
1087,1554
1087,3808
1087,4196
1087,4408
1087,6708
1087,7192
1087,8966
1087,10359
1087,17554
1087,18288
1087,18814
1088,3228
1088,4353
1088,6014
1088,6497
1088,7094
1088,7131
1088,7230
1088,8417
1088,8476
1088,11159
1088,15727
1089,1152
1089,2984
1089,3623
1089,4473
1089,5679
1089,7372
1089,7620
1089,7635
1089,10239
1089,11122
1089,11463
1089,13678
1089,14130
1089,17393
1089,19196
1089,19675
1090,1441
1090,1670
1090,2121
1090,2432
1090,2677
1090,3367
1090,3722
1090,3738
1090,5417
1090,6221
1090,6397
1090,6604
1090,7633
1090,8453
1090,10808
1090,12167
1090,16083
1090,17157
1090,18474
1091,1117
1091,7444
1091,9845
1091,10654
1091,12159
1091,15486
1091,17259
1092,3773
1092,5275
1092,6374
1092,6570
1092,7841
1092,10393
1092,13800
1092,14088
1092,17177
1092,18590
1092,19968
1093,1542
1093,11044
1093,16196
1093,18151
1093,19795
1094,1231
1094,1428
1094,3152
1094,6619
1094,10493
1094,13377
1094,15851
1094,17984
1094,19821
1095,1644
1095,1809
1095,2189
1095,2430
1095,3207
1095,3568
1095,4164
1095,4629
1095,5418
1095,5884
1095,7565
1095,7712
1095,7745
1095,8488
1095,8571
1095,8947
1095,9098
1095,9405
1095,10605
1095,11557
1095,12392
1095,12691
1095,13864
1095,17465
1095,18311
1096,2138
1096,2204
1096,3086
1096,4227
1096,4569
1096,7320
1096,7479
1096,7868
1096,8719
1096,10355
1096,11290
1096,13438
1096,17744
1096,18715
1097,1353
1097,2255
1097,2393
1097,2675
1097,3366
1097,4161
1097,5938
1097,6736
1097,6830
1097,7731
1097,8603
1097,9100
1097,9349
1097,9908
1097,10021
1097,11889
1097,12047
1097,12858
1097,14425
1097,14609
1097,16014
1097,17542
1097,17694
1097,19356
1098,1530
1098,1862
1098,2045
1098,2380
1098,2604
1098,2631
1098,3518
1098,3759
1098,5152
1098,5219
1098,5326
1098,5623
1098,6534
1098,7077
1098,7196
1098,8968
1098,9143
1098,10619
1098,10652
1098,11280
1098,11358
1098,11379
1098,11777
1098,12896
1098,12966
1098,13338
1098,13585
1098,14043
1098,17250
1098,18761
1099,1279
1099,1584
1099,2301
1099,2621
1099,3190
1099,3937
1099,4437
1099,4722
1099,5011
1099,7336
1099,9246
1099,9809
1099,10693
1099,11114
1099,14181
1099,17355
1099,18365
1100,1481
1100,2482
1100,5258
1100,6314
1100,6500
1100,6866
1100,7867
1100,8381
1100,9976
1100,10889
1100,11039
1100,11100
1100,15350
1100,16179
1100,17365
1100,17921
1100,17950
1100,19640
1101,1983
1101,3072
1101,3439
1101,3465
1101,9150
1101,12470
1101,13351
1101,14099
1101,15555
1101,18444
1102,1464
1102,1601
1102,2822
1102,3122
1102,3861
1102,4250
1102,4627
1102,4642
1102,6226
1102,6504
1102,7620
1102,8771
1102,9229
1102,10038
1102,10102
1102,10710
1102,11703
1102,12936
1102,13049
1102,13985
1102,18767
1102,19710
1103,2886
1103,4162
1103,6191
1103,6812
1103,7289
1103,14326
1103,14977
1103,15045
1103,15769
1103,15872
1103,16471
1103,16967
1103,18658
1104,1316
1104,1410
1104,2009
1104,2178
1104,2628
1104,4479
1104,5563
1104,5910
1104,8554
1104,9649
1104,12290
1104,13287
1104,13900
1104,18229
1105,1267
1105,1516
1105,1659
1105,1753
1105,1936
1105,2331
1105,2345
1105,3271
1105,3688
1105,3746
1105,4215
1105,4229
1105,6087
1105,6161
1105,6536
1105,6642
1105,7243
1105,7534
1105,8453
1105,8516
1105,10014
1105,10512
1105,10520
1105,11449
1105,11623
1105,12886
1105,13991
1105,15204
1105,15377
1105,16197
1105,16838
1105,16986
1105,18147
1105,18407
1105,18981
1105,19226
1105,19777
1105,19821
1106,1381
1106,1981
1106,2316
1106,2717
1106,2788
1106,3216
1106,4413
1106,4648
1106,4985
1106,5261
1106,6267
1106,6981
1106,7525
1106,8102
1106,9218
1106,9479
1106,9879
1106,10787
1106,13592
1106,15811
1106,17688
1106,17691
1106,17926
1106,18163
1106,18374
1106,18749
1107,1143
1107,2169
1107,4634
1107,5201
1107,5623
1107,8393
1107,9979
1107,12625
1107,15557
1107,18939
1108,1111
1108,1256
1108,1749
1108,1757
1108,2094
1108,2793
1108,2855
1108,3380
1108,3730
1108,3834
1108,4438
1108,7542
1108,9162
1108,9775
1108,11411
1108,12144
1108,13539
1108,18810
1109,2099
1109,3125
1109,3400
1109,3738
1109,5200
1109,6139
1109,6532
1109,9028
1109,10335
1109,11930
1109,13741
1109,13990
1109,14621
1109,14717
1110,2207
1110,2567
1110,2887
1110,3131
1110,3373
1110,3778
1110,4108
1110,4794
1110,4845
1110,5451
1110,5673
1110,6818
1110,8117
1110,8354
1110,11160
1110,12353
1110,14669
1110,15399
1110,16688
1110,17176
1110,18282
1110,19206
1110,19557
1111,1417
1111,1877
1111,1926
1111,3145
1111,3742
1111,5433
1111,6147
1111,12173
1111,15915
1111,16500
1111,17095
1111,19758
1112,2743
1112,3516
1112,3849
1112,7339
1112,7972
1112,8052
1112,8943
1112,9068
1112,13019
1112,17474
1113,1401
1113,1609
1113,1892
1113,2021
1113,2189
1113,2369
1113,2988
1113,3076
1113,3620
1113,4859
1113,5723
1113,6604
1113,6979
1113,7472
1113,8290
1113,8628
1113,11072
1113,11909
1113,12766
1113,14131
1113,14173
1113,15384
1113,17538
1114,1671
1114,1727
1114,3357
1114,3889
1114,4310
1114,4543
1114,6493
1114,6836
1114,7554
1114,8866
1114,10460
1114,11142
1114,11451
1114,11645
1114,14377
1114,18088
1114,18694
1114,18994
1114,19848
1115,1296
1115,1366
1115,1565
1115,1906
1115,1930
1115,2439
1115,2463
1115,4662
1115,5325
1115,6041
1115,6084
1115,6252
1115,6366
1115,6598
1115,7713
1115,8457
1115,9988
1115,10590
1115,11791
1115,11916
1115,13032
1115,13964
1115,14367
1116,1510
1116,2705
1116,5555
1116,7293
1116,8149
1116,12239
1117,1753
1117,1996
1117,3108
1117,6380
1117,6444
1117,9443
1117,14588
1117,15808
1117,16505
1117,17470
1117,19139
1118,1938
1118,2018
1118,2056
1118,2918
1118,3104
1118,3223
1118,3275
1118,3480
1118,3662
1118,3701
1118,3729
1118,3810
1118,3959
1118,4752
1118,6515
1118,9980
1118,15179
1118,16186
1118,16747
1118,17193
1118,17346
1119,2193
1119,3610
1119,6381
1119,7683
1119,7936
1119,8282
1119,10002
1119,10225
1119,10403
1119,12127
1119,14105
1119,15680
1119,17471
1119,19421
1120,2591
1120,3959
1120,3985
1120,5636
1120,7827
1120,10781
1120,11535
1120,12996
1120,16404
1120,16873
1120,16989
1120,18110
1120,19310
1121,1452
1121,1988
1121,5220
1121,6674
1121,8166
1121,8316
1121,10187
1122,2865
1122,3280
1122,3548
1122,3760
1122,4125
1122,6510
1122,7453
1122,8037
1122,8789
1122,9185
1122,9352
1122,9391
1122,9759
1122,12070
1122,12375
1122,12485
1122,13010
1122,19399
1122,19856
1123,1510
1123,2439
1123,3043
1123,3250
1123,5078
1123,5133
1123,5277
1123,5554
1123,5558
1123,5785
1123,7283
1123,7555
1123,7723
1123,9104
1123,9366
1123,9524
1123,9931
1123,10533
1123,10565
1123,10940
1123,12943
1123,14320
1123,14830
1123,15063
1123,15574
1123,16677
1123,16730
1123,18908
1124,1507
1124,1840
1124,3141
1124,3738
1124,3996
1124,5073
1124,6337
1124,17825
1125,1300
1125,1481
1125,1577
1125,1704
1125,2472
1125,3476
1125,3562
1125,3702
1125,4626
1125,6462
1125,6794
1125,7130
1125,11446
1125,13350
1125,15643
1125,16162
1125,16476
1125,16618
1125,16947
1125,18063
1126,1174
1126,1266
1126,1644
1126,2180
1126,3247
1126,4224
1126,6367
1126,7713
1126,8143
1126,8658
1126,11181
1126,11318
1126,12226
1126,12242
1126,12501
1126,16408
1126,16571
1126,16801
1126,19108
1126,19646
1127,1271
1127,1409
1127,1599
1127,1624
1127,1961
1127,2159
1127,3417
1127,3673
1127,3685
1127,3802
1127,4237
1127,4694
1127,4843
1127,5380
1127,5829
1127,6601
1127,7095
1127,8621
1127,9176
1127,10061
1127,10110
1127,10608
1127,10675
1127,10739
1127,10918
1127,11479
1127,11732
1127,12652
1127,12942
1127,13379
1127,14959
1127,16383
1127,16492
1127,17042
1127,18011
1128,1131
1128,1198
1128,1379
1128,2004
1128,2085
1128,2330
1128,3165
1128,3239
1128,5781
1128,6323
1128,8049
1128,8289
1128,8653
1128,9003
1128,11535
1128,12747
1128,12954
1128,16814
1128,17021
1129,1296
1129,2190
1129,2642
1129,4116
1129,5548
1129,5743
1129,6655
1129,7268
1129,7281
1129,9908
1129,10630
1129,11088
1129,11243
1129,12501
1129,13597
1129,14263
1129,15824
1129,16019
1129,16357
1129,16858
1129,17536
1129,19565
1130,1404
1130,1737
1130,3288
1130,3750
1130,3886
1130,4523
1130,4718
1130,5360
1130,5557
1130,5618
1130,5662
1130,5677
1130,7852
1130,8614
1130,8982
1130,9902
1130,12666
1130,13965
1130,17138
1130,18059
1131,1168
1131,1318
1131,1667
1131,1869
1131,2007
1131,2857
1131,2936
1131,3082
1131,3146
1131,3278
1131,3958
1131,4279
1131,4309
1131,4442
1131,4756
1131,4888
1131,5621
1131,6558
1131,6852
1131,6943
1131,8026
1131,11354
1131,11855
1131,12446
1131,15442
1132,1196
1132,1896
1132,2211
1132,2303
1132,2504
1132,3242
1132,3395
1132,3942
1132,4472
1132,5382
1132,5630
1132,5669
1132,6300
1132,6939
1132,6965
1132,7325
1132,8202
1132,8823
1132,8891
1132,9006
1132,9232
1132,9414
1132,10688
1132,10729
1132,11664
1132,14335
1132,15272
1132,15690
1132,17293
1132,17528
1132,19044
1132,19446
1133,1556
1133,2154
1133,2387
1133,3114
1133,4459
1133,5054
1133,5108
1133,5805
1133,7271
1133,7491
1133,7754
1133,7799
1133,13100
1133,13333
1133,14129
1133,17335
1133,17380
1133,18486
1134,1248
1134,3094
1134,3334
1134,3338
1134,3434
1134,3682
1134,4478
1134,4580
1134,4646
1134,4951
1134,5236
1134,5397
1134,8318
1134,9670
1134,9846
1134,10222
1134,10370
1134,12856
1134,13949
1134,14389
1134,16255
1134,18834
1134,18901
1134,19286
1135,1376
1135,1419
1135,1517
1135,1746
1135,2276
1135,2838
1135,3174
1135,4223
1135,4347
1135,4740
1135,5139
1135,6228
1135,6940
1135,7425
1135,7588
1135,8551
1135,9598
1135,10157
1135,11863
1135,12216
1135,13344
1135,14586
1135,14651
1135,16739
1135,17118
1135,19919
1136,1196
1136,2236
1136,2318
1136,2322
1136,3050
1136,3052
1136,3139
1136,3253
1136,3435
1136,4055
1136,4222
1136,4923
1136,4925
1136,5157
1136,5829
1136,6002
1136,6723
1136,7065
1136,7490
1136,7860
1136,8502
1136,9390
1136,9791
1136,9876
1136,10436
1136,11333
1136,12252
1136,12593
1136,12680
1136,14522
1136,16473
1136,16589
1137,1356
1137,4206
1137,7700
1137,9441
1137,12879
1137,14295
1137,14409
1138,3013
1138,16137
1138,19148
1139,3113
1139,3165
1139,5201
1139,7968
1139,9497
1139,10219
1139,13870
1139,16209
1139,16281
1139,19843
1140,1635
1140,2040
1140,2048
1140,2774
1140,3732
1140,4240
1140,4849
1140,5562
1140,5809
1140,7928
1140,9920
1140,10829
1140,11823
1140,12893
1140,14986
1140,15348
1140,17770
1140,18933
1140,19907
1141,1174
1141,1274
1141,3061
1141,3101
1141,3628
1141,3783
1141,4270
1141,4508
1141,5654
1141,7106
1141,8156
1141,9816
1141,10019
1141,11376
1141,14812
1141,14847
1141,15905
1141,19981
1143,1278
1143,1487
1143,1540
1143,1651
1143,2349
1143,2909
1143,3790
1143,4232
1143,4435
1143,4602
1143,5056
1143,5418
1143,6331
1143,6674
1143,6807
1143,7292
1143,9562
1143,10043
1143,10437
1143,10879
1143,12293
1143,12411
1143,14631
1143,16872
1143,17615
1143,18970
1143,18999
1144,1527
1144,1712
1144,2787
1144,3662
1144,4067
1144,6288
1144,7541
1144,7600
1144,7860
1144,8622
1144,9072
1144,9457
1144,12418
1144,13680
1144,15229
1144,15390
1144,16954
1144,18419
1144,19500
1145,1331
1145,1581
1145,2485
1145,2711
1145,3011
1145,3227
1145,3264
1145,4024
1145,4312
1145,5109
1145,5805
1145,6409
1145,6919
1145,8069
1145,8255
1145,8835
1145,10287
1145,11590
1145,14043
1145,15172
1145,16261
1145,18262
1145,18872
1145,19022
1146,1183
1146,2131
1146,2385
1146,2488
1146,2727
1146,3960
1146,4129
1146,4186
1146,4330
1146,4780
1146,5081
1146,5816
1146,6729
1146,8733
1146,8890
1146,8960
1146,9138
1146,9502
1146,10744
1146,11370
1146,11498
1146,11871
1146,12005
1146,13232
1146,14300
1146,14605
1146,15066
1146,15803
1146,16305
1146,18508
1146,19173
1147,1161
1147,2548
1147,2901
1147,3486
1147,5386
1147,5687
1147,6070
1147,7864
1147,8310
1147,15644
1147,15835
1148,4781
1148,8703
1148,12957
1148,15997
1148,16720
1148,18851
1149,1279
1149,1424
1149,2400
1149,2473
1149,2788
1149,2815
1149,3338
1149,4175
1149,9249
1149,10338
1149,16915
1150,1420
1150,1823
1150,2288
1150,2766
1150,2816
1150,3408
1150,3562
1150,4439
1150,6505
1150,9416
1150,11002
1150,11527
1150,13022
1150,13223
1150,14383
1150,16756
1150,19289
1151,1356
1151,1543
1151,1766
1151,2577
1151,4304
1151,4679
1151,4871
1151,5297
1151,5634
1151,6533
1151,6668
1151,6887
1151,12569
1151,14823
1151,15509
1151,16373
1151,19153
1151,19893
1152,1177
1152,1538
1152,1907
1152,2652
1152,2752
1152,3327
1152,3329
1152,3754
1152,3948
1152,4062
1152,6109
1152,10160
1152,11234
1152,12096
1152,12942
1152,12989
1152,13930
1152,18345
1153,2501
1153,3185
1153,6689
1153,7099
1153,8162
1153,13236
1153,13493
1153,16170
1153,18666
1153,19184
1153,19998
1154,5514
1154,7520
1154,8961
1154,9611
1154,12956
1154,12969
1154,18141
1154,19364
1155,1459
1155,4012
1155,4993
1155,6122
1155,6745
1155,8450
1155,9369
1155,9400
1155,10767
1155,13009
1155,13373
1155,15247
1156,1248
1156,1711
1156,1957
1156,3604
1156,3977
1156,4214
1156,4323
1156,4481
1156,5026
1156,5349
1156,5521
1156,7262
1156,7825
1156,8068
1156,8790
1156,10432
1156,10441
1156,11051
1156,11217
1156,11591
1156,11717
1156,11765
1156,14529
1156,15261
1156,17413
1156,19779
1157,1789
1157,2489
1157,2704
1157,2760
1157,4153
1157,6171
1157,6526
1157,7053
1157,9850
1157,12759
1157,14111
1157,15301
1157,17511
1157,19722
1158,1322
1158,2240
1158,2623
1158,2731
1158,2836
1158,2877
1158,3181
1158,4746
1158,4747
1158,5513
1158,7696
1158,8019
1158,8404
1158,8557
1158,8800
1158,9656
1158,10513
1158,12672
1158,13103
1158,13273
1158,13281
1158,14062
1158,15038
1158,16239
1158,18502
1158,19950
1159,1418
1159,1476
1159,1708
1159,1719
1159,1844
1159,1976
1159,2841
1159,3691
1159,3737
1159,4541
1159,4726
1159,5120
1159,5787
1159,7495
1159,7676
1159,8066
1159,8277
1159,11459
1159,12068
1159,12893
1159,14500
1159,16320
1159,18528
1159,18685
1159,18830
1159,19604
1160,1393
1160,1650
1160,1743
1160,2382
1160,2413
1160,2902
1160,2924
1160,3121
1160,5498
1160,6565
1160,7084
1160,7325
1160,7368
1160,7946
1160,9947
1160,11088
1160,11996
1160,12230
1160,13675
1160,14273
1160,15002
1160,15024
1160,16717
1160,18364
1160,19965
1161,1966
1161,2587
1161,4676
1161,5142
1161,6705
1161,7001
1161,7024
1161,7610
1161,9140
1161,11645
1161,14362
1161,18222
1162,1204
1162,1586
1162,2280
1162,2377
1162,2446
1162,2815
1162,3078
1162,3665
1162,3788
1162,5342
1162,6039
1162,6244
1162,6263
1162,7480
1162,7912
1162,8010
1162,8212
1162,8221
1162,8234
1162,8426
1162,9745
1162,9838
1162,10983
1162,11193
1162,13183
1162,17362
1162,18688
1163,1338
1163,4959
1163,7737
1163,11295
1163,17275
1164,2267
1164,2287
1164,2484
1164,2572
1164,3436
1164,3734
1164,3737
1164,3887
1164,4213
1164,4545
1164,5016
1164,6402
1164,6581
1164,6874
1164,7824
1164,9410
1164,9603
1164,9723
1164,9791
1164,10249
1164,10926
1164,13119
1164,14499
1164,15627
1164,15738
1164,19450
1165,1224
1165,1371
1165,1810
1165,2356
1165,2667
1165,3528
1165,4578
1165,4580
1165,4707
1165,5185
1165,5204
1165,5907
1165,6010
1165,7855
1165,7858
1165,11516
1165,11832
1165,12539
1165,12645
1165,12971
1165,13739
1165,14063
1165,14618
1165,15343
1165,15371
1165,15633
1165,16338
1165,16388
1165,16557
1165,16675
1165,17048
1165,18222
1165,19942
1166,1905
1166,2289
1166,3513
1166,3846
1166,12391
1166,12842
1166,14964
1167,1286
1167,1717
1167,2640
1167,3428
1167,3992
1167,5140
1167,5233
1167,8045
1167,9173
1167,11837
1167,12584
1167,12631
1167,13088
1167,13800
1167,15034
1167,16814
1167,17161
1167,17763
1167,18208
1168,1425
1168,2133
1168,3056
1168,3149
1168,3806
1168,5623
1168,6385
1168,6989
1168,8305
1168,8400
1168,8608
1168,13133
1168,13218
1168,18764
1169,1847
1169,2000
1169,2352
1169,5356
1169,6619
1169,10201
1169,11008
1169,11228
1169,11630
1169,12347
1169,13286
1169,14734
1169,15563
1169,15761
1169,17334
1170,1335
1170,2286
1170,3402
1170,4161
1170,6754
1170,7002
1170,8605
1170,14319
1170,18806
1170,19300
1171,1312
1171,1342
1171,1473
1171,1633
1171,1729
1171,1755
1171,2171
1171,3340
1171,3585
1171,4304
1171,4542
1171,5740
1171,6100
1171,6891
1171,7711
1171,8038
1171,8452
1171,10376
1171,12345
1171,13047
1171,13402
1171,13805
1171,14762
1171,14793
1171,18092
1172,1334
1172,4738
1172,4922
1172,5017
1172,5028
1172,5730
1172,5899
1172,8106
1172,10699
1172,13481
1172,17391
1172,17962
1172,19106
1173,2429
1173,3964
1173,8596
1173,9788
1173,9967
1173,10495
1173,13402
1173,14267
1173,15037
1173,15143
1173,15634
1174,1876
1174,2770
1174,2798
1174,4007
1174,4190
1174,4707
1174,6714
1174,9442
1174,9642
1174,10642
1174,13752
1174,16059
1175,1187
1175,2380
1175,2778
1175,3135
1175,4771
1175,5663
1175,5791
1175,7921
1175,8262
1175,10115
1175,10314
1175,11217
1175,11320
1175,11915
1175,15812
1175,16963
1175,19803
1176,1180
1176,2666
1176,2804
1176,3283
1176,5390
1176,5978
1176,6727
1176,7412
1176,9300
1176,10767
1176,14935
1177,1967
1177,1969
1177,2015
1177,2201
1177,2738
1177,3749
1177,3853
1177,4409
1177,4608
1177,9307
1177,10685
1177,11612
1177,15449
1178,8258
1178,9176
1178,9389
1178,9509
1178,10115
1178,10157
1178,11218
1178,12654
1178,12656
1178,15146
1178,15212
1178,15487
1178,16336
1178,17384
1179,4830
1179,5007
1179,5986
1179,7654
1179,8210
1179,10828
1179,13608
1179,16055
1179,18346
1179,18628
1180,1875
1180,3070
1180,3153
1180,3540
1180,3943
1180,4104
1180,5076
1180,6329
1180,6334
1180,6355
1180,6648
1180,7590
1180,8574
1180,8930
1180,11191
1180,11419
1180,13729
1180,14002
1180,15222
1180,16030
1180,16446
1180,16864
1180,17088
1180,17247
1180,17558
1180,18487
1181,1336
1181,1786
1181,1836
1181,2042
1181,2244
1181,2373
1181,3720
1181,3917
1181,4555
1181,5147
1181,5584
1181,5601
1181,6968
1181,6992
1181,7369
1181,8865
1181,10416
1181,13533
1181,17151
1181,17390
1181,17852
1182,2637
1182,2999
1182,4519
1182,4537
1182,4664
1182,7742
1182,7956
1182,11857
1182,11903
1182,13121
1182,13774
1182,14744
1182,15370
1182,16109
1182,16465
1183,1303
1183,4349
1183,4908
1183,4952
1183,6459
1183,8733
1183,10244
1183,16426
1184,1320
1184,6523
1184,9167
1184,10623
1184,19707
1184,19938
1185,2440
1185,2821
1185,3063
1185,3263
1185,3416
1185,3690
1185,3758
1185,4247
1185,5524
1185,5543
1185,5992
1185,6319
1185,7204
1185,7211
1185,8091
1185,9899
1185,9934
1185,12761
1185,12787
1185,15620
1185,15907
1185,16538
1185,17005
1185,18192
1185,19279
1185,19900
1186,1466
1186,1607
1186,1816
1186,1888
1186,2325
1186,3498
1186,4753
1186,4973
1186,5267
1186,5608
1186,5657
1186,5887
1186,7033
1186,7423
1186,7800
1186,9688
1186,10457
1186,11150
1186,14222
1186,14495
1186,14711
1186,15156
1186,16021
1186,16113
1186,16266
1186,16328
1186,16750
1186,16959
1186,17586
1186,18753
1186,18772
1187,3016
1187,4125
1187,4233
1187,5101
1187,5415
1187,6453
1187,7854
1187,14774
1187,15049
1187,16085
1187,16326
1188,1330
1188,1720
1188,1910
1188,2170
1188,3367
1188,4168
1188,4511
1188,6786
1188,7141
1188,8765
1188,9374
1188,9591
1188,12162
1188,19719
1189,2466
1189,3956
1189,5072
1189,5473
1189,5586
1189,9452
1189,9959
1189,10370
1189,10799
1189,12577
1189,13798
1189,14838
1189,17294
1189,18236
1189,18443
1190,1247
1190,2839
1190,3180
1190,3610
1190,4634
1190,5089
1190,5330
1190,5511
1190,5754
1190,5850
1190,6817
1190,7265
1190,7748
1190,8985
1190,9045
1190,9399
1190,10006
1190,10317
1190,10992
1190,12032
1190,14114
1190,15845
1190,15898
1190,17028
1190,18089
1190,18187
1190,19600
1191,1203
1191,1379
1191,1477
1191,2214
1191,2926
1191,3712
1191,5264
1191,5484
1191,7746
1191,8777
1191,9805
1191,9811
1191,10074
1191,10348
1191,10518
1191,10676
1191,10840
1191,11285
1191,12528
1191,12859
1191,13174
1191,14192
1191,15608
1191,16784
1191,16863
1191,17758
1191,17978
1191,18563
1191,19213
1191,19661
1192,1386
1192,1698
1192,2399
1192,3424
1192,3660
1192,3996
1192,6149
1192,6962
1192,8098
1192,9483
1192,10272
1192,10445
1192,10714
1192,11306
1192,14907
1192,17083
1192,18974
1193,2014
1193,2255
1193,2423
1193,3232
1193,5037
1193,7048
1193,9331
1193,12017
1193,12124
1193,13416
1193,19126
1194,1239
1194,3643
1194,5112
1194,6368
1194,6438
1194,6918
1194,8169
1194,10313
1194,11821
1194,11840
1194,14169
1194,17409
1194,17535
1194,17898
1194,18958
1194,19395
1195,1338
1195,1754
1195,1773
1195,2446
1195,3218
1195,3314
1195,4237
1195,4306
1195,4362
1195,4712
1195,4811
1195,4938
1195,4961
1195,4995
1195,5182
1195,5746
1195,6282
1195,6931
1195,7218
1195,7261
1195,9674
1195,10291
1195,10488
1195,10697
1195,11516
1195,12028
1195,12994
1195,17935
1195,18343
1195,18497
1195,18611
1196,1727
1196,1885
1196,2595
1196,3512
1196,3672
1196,10164
1196,12103
1196,17866
1197,1646
1197,2731
1197,5877
1197,7575
1197,7797
1197,7964
1197,9180
1197,10616
1197,11272
1197,13543
1197,13929
1198,1272
1198,1763
1198,2630
1198,3282
1198,3353
1198,3364
1198,3770
1198,4199
1198,4352
1198,5476
1198,5760
1198,6114
1198,6233
1198,6389
1198,8446
1198,9109
1198,9397
1198,9712
1198,11019
1198,11056
1198,12083
1198,12697
1198,14054
1198,14466
1198,14554
1198,18637
1198,18984
1198,19299
1199,1369
1199,7796
1200,1278
1200,1295
1200,1364
1200,2536
1200,3122
1200,6073
1200,6670
1200,18406
1200,18710
1201,2406
1201,2838
1201,3363
1201,3878
1201,5268
1201,5796
1201,6716
1201,6880
1201,7308
1201,8488
1201,9394
1201,9638
1201,10185
1201,10847
1201,12953
1201,14331
1201,15634
1201,16065
1201,16766
1201,17594
1201,17761
1201,19306
1202,1473
1202,1647
1202,4537
1202,4571
1202,5672
1202,7148
1202,7507
1202,7572
1202,8060
1202,8138
1202,11289
1202,13440
1202,15760
1202,15792
1202,19344
1203,1256
1203,1635
1203,2443
1203,3920
1203,4763
1203,4905
1203,5377
1203,6051
1203,8728
1203,8819
1203,11163
1203,11731
1203,11808
1203,14233
1203,17081
1203,18700
1203,18989
1203,19894
1204,1207
1204,1485
1204,3704
1204,4053
1204,4584
1204,4772
1204,5343
1204,5714
1204,5927
1204,6590
1204,7053
1204,7244
1204,7588
1204,8443
1204,9144
1204,10240
1204,12029
1204,14325
1204,15171
1204,15227
1204,16679
1204,17330
1204,18084
1204,18289
1204,18973
1205,1647
1205,1716
1205,1745
1205,1763
1205,3222
1205,3570
1205,3827
1205,6469
1205,6718
1205,7098
1205,8027
1205,10016
1205,10298
1205,10636
1205,11811
1205,13798
1205,14047
1205,14214
1205,14895
1205,17626
1205,18308
1206,1631
1206,2451
1206,3464
1206,4044
1206,4900
1206,5190
1206,5607
1206,5627
1206,5715
1206,7042
1206,8278
1206,9772
1206,11499
1206,11826
1206,11994
1206,12723
1206,15875
1206,16054
1206,17027
1206,17929
1207,2279
1207,3129
1207,5533
1207,7209
1207,11203
1207,17304
1208,2222
1208,2694
1208,2988
1208,3371
1208,3489
1208,4306
1208,4613
1208,5262
1208,6076
1208,8428
1208,9681
1208,14539
1208,15213
1208,15276
1208,15607
1209,1320
1209,1325
1209,1557
1209,1567
1209,1796
1209,2405
1209,2673
1209,2685
1209,2692
1209,2731
1209,2759
1209,3168
1209,3422
1209,4475
1209,4509
1209,4532
1209,5326
1209,5777
1209,5873
1209,6152
1209,6615
1209,8144
1209,9251
1209,9309
1209,9519
1209,10384
1209,11297
1209,11803
1209,12225
1209,12354
1209,13540
1209,14958
1209,15676
1209,16074
1209,16589
1209,17025
1209,17877
1209,18417
1209,19189
1209,19741
1210,1799
1210,3476
1210,3826
1210,5111
1210,7669
1210,11586
1210,12516
1210,16249
1210,19526
1211,1839
1211,2823
1211,3014
1211,3305
1211,4771
1211,11162
1211,12529
1211,16514
1211,17684
1211,19256
1212,2067
1212,2358
1212,4418
1212,6032
1212,6964
1212,7997
1212,9928
1212,10291
1212,14068
1212,14923
1212,14991
1212,15736
1212,15841
1212,16039
1212,16236
1212,18969
1213,1611
1213,1736
1213,2005
1213,2577
1213,3018
1213,3470
1213,3877
1213,4859
1213,8203
1213,10203
1213,12319
1213,12675
1213,12823
1213,13333
1213,14174
1213,16832
1213,18399
1213,18755
1213,19033
1213,19154
1214,1306
1214,1453
1214,2349
1214,2386
1214,2448
1214,3104
1214,3171
1214,3351
1214,3429
1214,4528
1214,5154
1214,5929
1214,6043
1214,6257
1214,9257
1214,9755
1214,11677
1214,12096
1214,13773
1214,15392
1214,16111
1214,18355
1214,18734
1214,18995
1214,19863
1215,1495
1215,2878
1215,3026
1215,3875
1215,3989
1215,4392
1215,5168
1215,5532
1215,6164
1215,6733
1215,6790
1215,8047
1215,8601
1215,8903
1215,9358
1215,9576
1215,9707
1215,10237
1215,11115
1215,11496
1215,11854
1215,14688
1215,15116
1215,17419
1215,18439
1216,1273
1216,2605
1216,2952
1216,3536
1216,4521
1216,4792
1216,5138
1216,9333
1216,10371
1216,12456
1216,13899
1216,14680
1216,18117
1217,2265
1217,3260
1217,3587
1217,6349
1217,6975
1217,7454
1217,7846
1217,8320
1217,8510
1217,8564
1217,8598
1217,11269
1217,12038
1217,16717
1218,1968
1218,3159
1218,9774
1218,10768
1218,13110
1218,17346
1218,18370
1219,1494
1219,2170
1219,4060
1219,4710
1219,4802
1219,6881
1219,7900
1219,8453
1219,8701
1219,11321
1219,11498
1219,11661
1219,12923
1219,13137
1219,13277
1219,14218
1219,14400
1219,16630
1219,19994
1220,3676
1220,5235
1220,6498
1220,11778
1220,13170
1220,13375
1220,19593
1221,1385
1221,1390
1221,2132
1221,2819
1221,2977
1221,4157
1221,4511
1221,4702
1221,5255
1221,6090
1221,6373
1221,6376
1221,6757
1221,6875
1221,7274
1221,7355
1221,7490
1221,7887
1221,8407
1221,8935
1221,9672
1221,10623
1221,11306
1221,11529
1221,13547
1221,13763
1221,14152
1221,14289
1221,14378
1221,15536
1221,15771
1221,17407
1221,18733
1222,2326
1222,2404
1222,2553
1222,2975
1222,3195
1222,7733
1222,8424
1222,9034
1222,10243
1222,11962
1222,15037
1222,16465
1222,17874
1223,1662
1223,2553
1223,4544
1223,5178
1223,5487
1223,5817
1223,6115
1223,7091
1223,9141
1223,9678
1223,10471
1223,18595
1224,1237
1224,1290
1224,1439
1224,3068
1224,3186
1224,4222
1224,7627
1224,9424
1224,17978
1224,18300
1225,4149
1225,4739
1225,4914
1225,5218
1225,5909
1225,6053
1225,6408
1225,7638
1225,10022
1225,11035
1225,11098
1225,12435
1225,13885
1225,14632
1225,14652
1226,1306
1226,1406
1226,1651
1226,1667
1226,1678
1226,2202
1226,3121
1226,3142
1226,3330
1226,3358
1226,4793
1226,5922
1226,5989
1226,6623
1226,6841
1226,7162
1226,7241
1226,7555
1226,8087
1226,10180
1226,10403
1226,10905
1226,11151
1226,11290
1226,11379
1226,11564
1226,11616
1226,14324
1226,16259
1226,16530
1226,16611
1226,16963
1226,17271
1226,18056
1226,19739
1227,1692
1227,2140
1227,2491
1227,2671
1227,3078
1227,3510
1227,3824
1227,4001
1227,4026
1227,4160
1227,4379
1227,5149
1227,5281
1227,6337
1227,6726
1227,6941
1227,7059
1227,7440
1227,7526
1227,8117
1227,10447
1227,11315
1227,11606
1227,12432
1227,13245
1227,13402
1227,13565
1227,14686
1227,15597
1227,16118
1227,16416
1227,17180
1227,18323
1227,19351
1228,4142
1228,4421
1228,10812
1228,11260
1228,14341
1228,16938
1229,1252
1229,1596
1229,1745
1229,3547
1229,4077
1229,5228
1229,13358
1229,15557
1229,16571
1229,17257
1229,19298
1229,19622
1230,2036
1230,3194
1230,3539
1230,4142
1230,12953
1231,2293
1231,2506
1231,2719
1231,3217
1231,3243
1231,5523
1231,6188
1231,6283
1231,6646
1231,6659
1231,7307
1231,9749
1231,9756
1231,10653
1231,11441
1231,12326
1231,13281
1231,14537
1231,15051
1231,15602
1232,1358
1232,1487
1232,1779
1232,2054
1232,2097
1232,2158
1232,2502
1232,2822
1232,2927
1232,3922
1232,5277
1232,5765
1232,7683
1232,11410
1232,11621
1232,11839
1232,12324
1232,12921
1232,13106
1232,13797
1232,14538
1232,15364
1232,16181
1232,17331
1232,19271
1232,19322
1232,19892
1233,5294
1233,6489
1233,13229
1233,19929
1234,1478
1234,2529
1234,3176
1234,4913
1234,4970
1234,6187
1234,6914
1234,7212
1234,9650
1234,12496
1234,12747
1234,17505
1234,18488
1234,19136
1235,2168
1235,5996
1235,9418
1235,12698
1236,2013
1236,2664
1236,6566
1236,8250
1236,16422
1237,1506
1237,2893
1237,3450
1237,3626
1237,3864
1237,4002
1237,5587
1237,6924
1237,10158
1237,11140
1237,16788
1237,19240
1238,1635
1238,2214
1238,2708
1238,2945
1238,3452
1238,3897
1238,6500
1238,6895
1238,6927
1238,7550
1238,8252
1238,9338
1238,9739
1238,11186
1238,11286
1238,13466
1238,14291
1238,15343
1238,16716
1238,18167
1238,18351
1239,4240
1239,4809
1239,6792
1239,6884
1239,8293
1239,10014
1239,13170
1239,13794
1239,16611
1239,16783
1239,16861
1239,16905
1239,18544
1239,18608
1240,2035
1240,2256
1240,3421
1240,4681
1240,4988
1240,6681
1240,9618
1240,12149
1240,13444
1240,14399
1240,16808
1240,19998
1241,1449
1241,1991
1241,2096
1241,2403
1241,5630
1241,6823
1241,8122
1241,8159
1241,11825
1241,12816
1241,13957
1241,15693
1241,18615
1241,18717
1242,1504
1242,1743
1242,1751
1242,1908
1242,2131
1242,2163
1242,2503
1242,2638
1242,3319
1242,3457
1242,4184
1242,6020
1242,7005
1242,8817
1242,9105
1242,10593
1242,11291
1242,13166
1242,13408
1242,14147
1242,16049
1242,18588
1243,2521
1243,3243
1243,4634
1243,8228
1243,8248
1243,9469
1243,9479
1243,10277
1243,11969
1243,13466
1243,15026
1243,19734
1244,4864
1244,5821
1244,8031
1244,9573
1244,13647
1245,2257
1245,3538
1245,3857
1245,4486
1245,6740
1245,7327
1245,8096
1245,10959
1245,12508
1245,13639
1245,15000
1246,1317
1246,2021
1246,2251
1246,3461
1246,3846
1246,4936
1246,5251
1246,6207
1246,6846
1246,7385
1246,9094
1246,9531
1246,11781
1246,11936
1246,12079
1246,14618
1246,15448
1246,16670
1246,17723
1246,19235
1247,1360
1247,1407
1247,1421
1247,1604
1247,2785
1247,2882
1247,2923
1247,3052
1247,3736
1247,4010
1247,5192
1247,5489
1247,5832
1247,6006
1247,6546
1247,7559
1247,7974
1247,8659
1247,10830
1247,10900
1247,14731
1247,14942
1247,15705
1247,15905
1247,16257
1247,17917
1247,18039
1247,19321
1248,1717
1248,2580
1248,2974
1248,3401
1248,4683
1248,8101
1248,13018
1248,13962
1248,15123
1249,3246
1249,3556
1249,3701
1249,4133
1249,5048
1249,6576
1249,7589
1249,10592
1249,13463
1249,14092
1249,16915
1249,17486
1249,19502
1250,1553
1250,1620
1250,1956
1250,2194
1250,3776
1250,4752
1250,11741
1250,15305
1250,18175
1251,2136
1251,2420
1251,6488
1251,6910
1251,8638
1251,18188
1252,3970
1252,4062
1252,4106
1252,4207
1252,5478
1252,5532
1252,6989
1252,10521
1252,10692
1252,11970
1252,14634
1252,14961
1252,16446
1252,17047
1252,19333
1253,1262
1253,2085
1253,2094
1253,2500
1253,2829
1253,2896
1253,3163
1253,8194
1253,9815
1253,11080
1253,13705
1253,14179
1253,14207
1253,14976
1253,15913
1253,17364
1253,19004
1253,19539
1254,1832
1254,1994
1254,2060
1254,2134
1254,12179
1254,13909
1254,14630
1254,15532
1254,16493
1255,1685
1255,2190
1255,3927
1255,17814
1256,1526
1256,1802
1256,1939
1256,1995
1256,2354
1256,3329
1256,3493
1256,3645
1256,4094
1256,4098
1256,6217
1256,6361
1256,7033
1256,8956
1256,9855
1256,10067
1256,12054
1256,12055
1256,12698
1256,13806
1256,18031
1256,18036
1256,18065
1257,1315
1257,1373
1257,2041
1257,2112
1257,3896
1257,4759
1257,5302
1257,6013
1257,6293
1257,8882
1257,15073
1257,15604
1257,15864
1257,18478
1258,1326
1258,1734
1258,2783
1258,5289
1258,5390
1258,5998
1258,7312
1258,8137
1258,8468
1258,12121
1258,13363
1258,15902
1258,16263
1258,16908
1259,1646
1259,2564
1259,2994
1259,3823
1259,6644
1259,8144
1259,10427
1259,11175
1259,11657
1259,15138
1260,1426
1260,1553
1260,1763
1260,2023
1260,2393
1260,3746
1260,4449
1260,4702
1260,4896
1260,5059
1260,5928
1260,7210
1260,7239
1260,7315
1260,7381
1260,7631
1260,8038
1260,8461
1260,8536
1260,8618
1260,8681
1260,9110
1260,9123
1260,9828
1260,9955
1260,10245
1260,10789
1260,12105
1260,12668
1260,12726
1260,14164
1260,14438
1260,15861
1260,16478
1260,16927
1260,17606
1260,18684
1260,19465
1261,1378
1261,1808
1261,2186
1261,2602
1261,3124
1261,6726
1261,7258
1261,7591
1261,8269
1261,8507
1261,9647
1261,10594
1261,10692
1261,11848
1261,11934
1261,12118
1261,12148
1261,12525
1261,14852
1261,15586
1261,18999
1261,19041
1262,3287
1262,5685
1262,6152
1262,7138
1262,9841
1262,16500
1263,1340
1263,1949
1263,2339
1263,2716
1263,2781
1263,2867
1263,3108
1263,3573
1263,4078
1263,4619
1263,5618
1263,6422
1263,6655
1263,6814
1263,7165
1263,7389
1263,7638
1263,8054
1263,9443
1263,9640
1263,10048
1263,10503
1263,10604
1263,10717
1263,10990
1263,11105
1263,11814
1263,12701
1263,13418
1263,13472
1263,15340
1263,16687
1263,18425
1263,19093
1263,19840
1264,3410
1264,3809
1264,6955
1264,8811
1264,9969
1264,10341
1264,11878
1264,12727
1264,13120
1264,14421
1264,14643
1264,15378
1264,15598
1265,1401
1265,1530
1265,1721
1265,1783
1265,2039
1265,2142
1265,2335
1265,2378
1265,2575
1265,4929
1265,5120
1265,6709
1265,7484
1265,8158
1265,9007
1265,10876
1265,11837
1265,13761
1265,13913
1265,14717
1265,14805
1265,15053
1265,16855
1266,1302
1266,1531
1266,1947
1266,2035
1266,2391
1266,2591
1266,2633
1266,3942
1266,4262
1266,6844
1266,7846
1266,8681
1266,10922
1266,11361
1267,2145
1267,2376
1267,3212
1267,4278
1267,4851
1267,5337
1267,12939
1268,1446
1268,2557
1268,3060
1268,3234
1268,4252
1268,6092
1268,9185
1268,9799
1268,11440
1268,11730
1268,16620
1268,16659
1268,18065
1269,1640
1269,5217
1269,10456
1269,12114
1270,1588
1270,2657
1270,3440
1270,3792
1270,5448
1270,6075
1270,6550
1270,9440
1270,9586
1270,9688
1270,9823
1270,10918
1270,15630
1270,15635
1270,17702
1270,18115
1270,19269
1271,1515
1271,1750
1271,1928
1271,2057
1271,3712
1271,4974
1271,5291
1271,6376
1271,6668
1271,7461
1271,8716
1271,9389
1271,10314
1271,11227
1271,13283
1271,16322
1272,1327
1272,3110
1272,3772
1272,3922
1272,4797
1272,5855
1272,6887
1272,7370
1272,7529
1272,8061
1272,10196
1272,10884
1272,13020
1272,13699
1272,13894
1272,16304
1272,16730
1272,18250
1273,1929
1273,2757
1273,3251
1273,3285
1273,3829
1273,4186
1273,6160
1273,8292
1274,4563
1274,6678
1274,9545
1274,11235
1274,11884
1274,14390
1274,16384
1274,18730
1275,1400
1275,1619
1275,6304
1275,6890
1275,8878
1275,13064
1275,15253
1276,1319
1276,1838
1276,2030
1276,2196
1276,2792
1276,2852
1276,3079
1276,3246
1276,4049
1276,5530
1276,5704
1276,6467
1276,10959
1276,11012
1276,14694
1276,15218
1277,1784
1277,3859
1277,5639
1277,5863
1277,6543
1277,7041
1277,8564
1277,12287
1278,3476
1278,3566
1278,4011
1278,4453
1278,4962
1278,7579
1278,7746
1278,8135
1278,8736
1278,12532
1278,16158
1278,17376
1278,17809
1278,19517
1279,1741
1279,2069
1279,2904
1279,3164
1279,3783
1279,4253
1279,4955
1279,7291
1279,8256
1279,8889
1279,9226
1279,12617
1279,14336
1279,15024
1279,15111
1279,15820
1279,16604
1280,1331
1280,1483
1280,3199
1280,4503
1280,4919
1280,5862
1280,5914
1280,6448
1280,6562
1280,7757
1280,9014
1280,14932
1280,17513
1280,18483
1280,18949
1280,19062
1281,2261
1281,4633
1281,5997
1281,7425
1281,9905
1281,10695
1281,12849
1281,14248
1281,16379
1281,16591
1281,17278
1281,19823
1282,1311
1282,1548
1282,1776
1282,1899
1282,1944
1282,3575
1282,4491
1282,4733
1282,10508
1282,10760
1282,13084
1282,13938
1282,17447
1282,18540
1283,1752
1283,2340
1283,2666
1283,3397
1283,5008
1283,5158
1283,5436
1283,5770
1283,7197
1283,7510
1283,11122
1283,11960
1283,13116
1283,13260
1283,13821
1283,17547
1283,18769
1284,2095
1284,2388
1284,2703
1284,4097
1284,4929
1284,5578
1284,6349
1284,6441
1284,7686
1284,8211
1284,8215
1284,8695
1284,8732
1284,9600
1284,12209
1284,12881
1284,14380
1284,14510
1284,15233
1284,15921
1284,15939
1284,16689
1284,17290
1284,17849
1284,18097
1284,18983
1285,2060
1285,2091
1285,2392
1285,2526
1285,3877
1285,4717
1285,5795
1285,6062
1285,7160
1285,8042
1285,8081
1285,10288
1285,10644
1285,11393
1285,11559
1285,11885
1285,12222
1285,13411
1285,13431
1285,14803
1285,16169
1285,16513
1285,18227
1285,18313
1285,19097
1285,19494
1286,1392
1286,1808
1286,2068
1286,2077
1286,2695
1286,2941
1286,5386
1286,6180
1286,6214
1286,10334
1286,12642
1286,18388
1287,3739
1287,7173
1287,7641
1287,11327
1287,16789
1288,1862
1288,2206
1288,3943
1288,4088
1288,4430
1288,6832
1288,7473
1288,9958
1288,12419
1288,13151
1288,16291
1288,19719
1288,19941
1289,2513
1289,5395
1289,13224
1289,18344
1289,19024
1290,4148
1290,6347
1290,8232
1291,1547
1291,1606
1291,2029
1291,2078
1291,2144
1291,2219
1291,2672
1291,2847
1291,2869
1291,3781
1291,4252
1291,4680
1291,5292
1291,5316
1291,5677
1291,7391
1291,9014
1291,9911
1291,10299
1291,11540
1291,11659
1291,11988
1291,12772
1291,18408
1291,18498
1292,1784
1292,1848
1292,1882
1292,2194
1292,2235
1292,2340
1292,2450
1292,3674
1292,4624
1292,5614
1292,6405
1292,6427
1292,6650
1292,7911
1292,8459
1292,10886
1292,11096
1292,12118
1292,15718
1292,15754
1292,16302
1292,16319
1293,1893
1293,2509
1293,2572
1293,3004
1293,3834
1293,5662
1293,5776
1293,6962
1293,7762
1293,8118
1293,9639
1293,10330
1293,11712
1293,13991
1293,14076
1293,14245
1293,14302
1293,15639
1293,15725
1293,15867
1293,16323
1293,17241
1293,18910
1293,19936
1294,1357
1294,1440
1294,2079
1294,2284
1294,2949
1294,3610
1294,3838
1294,4444
1294,4526
1294,4658
1294,5675
1294,7357
1294,9689
1294,11959
1294,12260
1294,12414
1294,14223
1294,15322
1294,15904
1294,16892
1294,19859
1295,1562
1295,1758
1295,2707
1295,2855
1295,3101
1295,3122
1295,3930
1295,6387
1295,8360
1295,13096
1295,17273
1295,17745
1295,18226
1296,1827
1296,2362
1296,3515
1296,6849
1296,10338
1297,1469
1297,2297
1297,4888
1297,4985
1297,5539
1297,5557
1297,5719
1297,6141
1297,8555
1297,9140
1297,9668
1297,10149
1297,10303
1297,12515
1297,12745
1297,13672
1297,14019
1297,15646
1297,15717
1297,17857
1298,1621
1298,1726
1298,1914
1298,4766
1298,5290
1298,7593
1298,10467
1298,11335
1298,11865
1298,12389
1298,13057
1298,13646
1298,13915
1298,13970
1298,14755
1298,14796
1298,14964
1298,15862
1298,17938
1298,18886
1298,19822
1299,1377
1299,2102
1299,2841
1299,5811
1299,6778
1299,9660
1299,11941
1299,12977
1299,13740
1299,17742
1299,19727
1300,1929
1300,2292
1300,2357
1300,2928
1300,3537
1300,4263
1300,6939
1300,7758
1300,8580
1300,9576
1300,10052
1300,10981
1300,10986
1300,13839
1300,14111
1300,14654
1300,15004
1300,17062
1300,17753
1300,18892
1300,19968
1301,2502
1301,3178
1301,3353
1301,5683
1301,8142
1301,11402
1301,11487
1302,1972
1302,3088
1302,3341
1302,3446
1302,3649
1302,3871
1302,4015
1302,4044
1302,4647
1302,5312
1302,6193
1302,7147
1302,8826
1302,16783
1302,16860
1302,18116
1303,1560
1303,1725
1303,2314
1303,2413
1303,3393
1303,4736
1303,5705
1303,6369
1303,7607
1303,7673
1303,10556
1303,11547
1303,11871
1303,13944
1303,15245
1303,16540
1303,16919
1303,17645
1303,18112
1304,2086
1304,2219
1304,4221
1304,14415
1305,1773
1305,2460
1305,2603
1305,4744
1305,6232
1305,6691
1305,8394
1305,13668
1305,13718
1305,19258
1306,1621
1306,2865
1306,3326
1306,3402
1306,4015
1306,4146
1306,4325
1306,8835
1306,8920
1306,9905
1306,10227
1306,10715
1306,10911
1306,12953
1306,13789
1306,14162
1306,16754
1306,19613
1306,19685
1306,19941
1307,1677
1307,1807
1307,2050
1307,2338
1307,4033
1307,4345
1307,8780
1307,9112
1307,11024
1307,11696
1307,13525
1307,13745
1307,15007
1307,15112
1307,16657
1307,17722
1308,1388
1308,2768
1308,2932
1308,3382
1308,4309
1308,4884
1308,6600
1308,7530
1308,8238
1308,8631
1308,8729
1308,10680
1308,10754
1308,11203
1308,11586
1308,14912
1308,15952
1309,1335
1309,2131
1309,2430
1309,3106
1309,3112
1309,3504
1309,3664
1309,3748
1309,3864
1309,4414
1309,4808
1309,4941
1309,5612
1309,6046
1309,6370
1309,6809
1309,7033
1309,8335
1309,8744
1309,8950
1309,10401
1309,10452
1309,11478
1309,11754
1309,17698
1309,18299
1309,19091
1309,19195
1310,2171
1310,3254
1310,9736
1310,10530
1310,12046
1310,15600
1310,18834
1310,19095
1311,1832
1311,3496
1311,4459
1311,4703
1311,9270
1311,10630
1311,11374
1311,13277
1311,13707
1311,14970
1311,15162
1311,18434
1311,19194
1312,1482
1312,1486
1312,1652
1312,1934
1312,2658
1312,3532
1312,5425
1312,5568
1312,5604
1312,7432
1312,9086
1312,13283
1312,16578
1312,16867
1312,17437
1312,19179
1313,2086
1313,2972
1313,3076
1313,3218
1313,3478
1313,4561
1313,5134
1313,5766
1313,5920
1313,7222
1313,7589
1313,7689
1313,8454
1313,10078
1313,11799
1313,14041
1313,14289
1313,15034
1313,17059
1313,17469
1314,1388
1314,1498
1314,1864
1314,2007
1314,3698
1314,5655
1314,6146
1314,7485
1314,8258
1314,9510
1314,9706
1314,9761
1314,11778
1314,12086
1314,13597
1314,13725
1314,19851
1315,2246
1315,2541
1315,3189
1315,3303
1315,5502
1315,5648
1315,5955
1315,6202
1315,7164
1315,8720
1315,9346
1315,13366
1315,13782
1315,15131
1315,18588
1316,2013
1316,2570
1316,2914
1316,3491
1316,3598
1316,3607
1316,3815
1316,4207
1316,5831
1316,6089
1316,7403
1316,7464
1316,8897
1316,9410
1316,9834
1316,12429
1316,13320
1316,16516
1316,17263
1316,17799
1316,18572
1317,1726
1317,1791
1317,2464
1317,3245
1317,3318
1317,4765
1317,5671
1317,7313
1317,8114
1317,11255
1317,11338
1317,13471
1317,15133
1317,15401
1317,17223
1318,2033
1318,2340
1318,2450
1318,9757
1318,12539
1318,16393
1319,1424
1319,1514
1319,2199
1319,2312
1319,3430
1319,3474
1319,3534
1319,5011
1319,7139
1319,7417
1319,7789
1319,7878
1319,8423
1319,10441
1319,11366
1319,14745
1319,16326
1319,16928
1320,1527
1320,2461
1320,3352
1320,3467
1320,3677
1320,5644
1320,6414
1320,10967
1320,14044
1320,17006
1320,17584
1320,18431
1321,1937
1321,2172
1321,3445
1321,3912
1321,4272
1321,5129
1321,13017
1321,15588
1321,18260
1322,2104
1322,3445
1322,4884
1322,5106
1322,6848
1322,7993
1322,11119
1323,1834
1323,2364
1323,8346
1323,8904
1323,10982
1323,15085
1323,15248
1323,17188
1323,17517
1323,18199
1323,18811
1324,1913
1324,2566
1324,2607
1324,4570
1324,4711
1324,8812
1324,9404
1324,9744
1324,13974
1324,17071
1325,1375
1325,2511
1325,2899
1325,3182
1325,3904
1325,3934
1325,5308
1325,5327
1325,5436
1325,5470
1325,5601
1325,6127
1325,7169
1325,7478
1325,7587
1325,7694
1325,8737
1325,8856
1325,10870
1325,10958
1325,16068
1325,16280
1325,18662
1325,19027
1325,19408
1326,2057
1326,3322
1326,3832
1326,6113
1326,8613
1326,8989
1326,11788
1326,18566
1326,18693
1326,18735
1326,19535
1327,1347
1327,1588
1327,1929
1327,5693
1327,7700
1327,11711
1327,12984
1327,14131
1327,15024
1327,16469
1327,17612
1327,18614
1328,1370
1328,1496
1328,1897
1328,2055
1328,2218
1328,3082
1328,3186
1328,3399
1328,4137
1328,4245
1328,7409
1328,7662
1328,7806
1328,9772
1328,12647
1328,17801
1329,1728
1329,3398
1329,3467
1329,16940
1329,17440
1330,1422
1330,1669
1330,2140
1330,2613
1330,2687
1330,3829
1330,4175
1330,4222
1330,4328
1330,4503
1330,4585
1330,4697
1330,4786
1330,5540
1330,6660
1330,6913
1330,7296
1330,9793
1330,10147
1330,11003
1330,11142
1330,11464
1330,12658
1330,14027
1330,14468
1330,14975
1330,15000
1330,15005
1330,15316
1330,15847
1330,16298
1330,16527
1330,18833
1330,19695
1331,1449
1331,1633
1331,3677
1331,5673
1331,5690
1331,10388
1331,11709
1331,14826
1331,17235
1332,4099
1332,5401
1332,8455
1332,15065
1332,17794
1333,2275
1333,13520
1334,1576
1334,1767
1334,2049
1334,3240
1334,7364
1334,8899
1334,14799
1334,17489
1335,1546
1335,4673
1335,9143
1335,9564
1335,10504
1335,10547
1335,15237
1336,1424
1336,1533
1336,1542
1336,2460
1336,2481
1336,2804
1336,3211
1336,3658
1336,3863
1336,4040
1336,4228
1336,4436
1336,4938
1336,5102
1336,5735
1336,5844
1336,6660
1336,7046
1336,8877
1336,12385
1336,13120
1336,13353
1336,13802
1336,13992
1336,16923
1336,17424
1336,18526
1336,18602
1336,18837
1337,1952
1337,2254
1337,4910
1337,5845
1337,6275
1337,6762
1337,7536
1337,9237
1337,11492
1337,17010
1337,17824
1338,1384
1338,1438
1338,1446
1338,1773
1338,1789
1338,1948
1338,2804
1338,3317
1338,4357
1338,4623
1338,4814
1338,6665
1338,6755
1338,7047
1338,7164
1338,8951
1338,10123
1338,11987
1338,15150
1338,16565
1338,17260
1338,17367
1338,18152
1338,19096
1339,1723
1339,1942
1339,2310
1339,2314
1339,2432
1339,2980
1339,3452
1339,4383
1339,5153
1339,6536
1339,7146
1339,7752
1339,8039
1339,8521
1339,10769
1339,11571
1339,12427
1339,14792
1339,15510
1339,16764
1339,18449
1339,19569
1340,1718
1340,2843
1340,3908
1340,4997
1340,5685
1340,6063
1340,8260
1340,9842
1340,12938
1341,4211
1341,7755
1341,7920
1341,9808
1341,10404
1341,11055
1341,11253
1341,11268
1341,11644
1341,13398
1341,13945
1341,14130
1341,19692
1342,3850
1342,4198
1342,5022
1342,5841
1342,6688
1342,11836
1342,16564
1343,1448
1343,1804
1343,1919
1343,2806
1343,2846
1343,3181
1343,3239
1343,3577
1343,3591
1343,6102
1343,6859
1343,7777
1343,7798
1343,8079
1343,8452
1343,9128
1343,9242
1343,9708
1343,12477
1343,13240
1343,14284
1343,14731
1343,15250
1343,16501
1343,16872
1343,18227
1343,18640
1344,1573
1344,2142
1344,2161
1344,2857
1344,3593
1344,3702
1344,3724
1344,4550
1344,4603
1344,4645
1344,4672
1344,4887
1344,5301
1344,6405
1344,7359
1344,8131
1344,10154
1344,13416
1344,14011
1344,16203
1344,16559
1344,19573
1344,19877
1345,3605
1345,4308
1345,4378
1345,7439
1345,7769
1345,10626
1345,10848
1345,11934
1345,16210
1346,1684
1346,4867
1346,4955
1346,5136
1346,5189
1346,5725
1346,6216
1346,7704
1346,8833
1346,8888
1346,9247
1346,12587
1346,15811
1346,16821
1346,18458
1346,19013
1346,19056
1347,1504
1347,2550
1347,2919
1347,3460
1347,3715
1347,4101
1347,4111
1347,4373
1347,5996
1347,8321
1347,8781
1347,9243
1347,9489
1347,14706
1347,16612
1347,17618
1347,19571
1348,1351
1348,1360
1348,1471
1348,2083
1348,6081
1348,6947
1348,8024
1348,10246
1348,11859
1348,13816
1348,14708
1348,15693
1348,18958
1349,1457
1349,1571
1349,1793
1349,2489
1349,2584
1349,2629
1349,2634
1349,3973
1349,5635
1349,7446
1349,9740
1349,10193
1349,10571
1349,12089
1350,1633
1350,2291
1350,6193
1350,11134
1350,12043
1350,14291
1350,14450
1350,15739
1350,16792
1350,17331
1351,1401
1351,1444
1351,2316
1351,3729
1351,5643
1351,9730
1351,9812
1351,11023
1351,12869
1351,16255
1351,18644
1351,19997
1352,2081
1352,2496
1352,2916
1352,3326
1352,5169
1352,5710
1352,6672
1352,6958
1352,7081
1352,7200
1352,7570
1352,10954
1352,11105
1352,12509
1352,13040
1352,14499
1352,17353
1352,17689
1352,18996
1353,2153
1353,3375
1353,3636
1353,5668
1353,6358
1353,10337
1353,10756
1353,13644
1353,13738
1353,14024
1353,15108
1354,1746
1354,2959
1354,3634
1354,3710
1354,4570
1354,4714
1354,4872
1354,5733
1354,7058
1354,7214
1354,7373
1354,7993
1354,8947
1354,9418
1354,9500
1354,11933
1354,12856
1354,13072
1354,13134
1354,14045
1354,15737
1354,16233
1354,17922
1354,19543
1354,19599
1355,3319
1355,5143
1355,6334
1355,6933
1355,7967
1355,14388
1355,18838
1356,4447
1356,5038
1356,5513
1356,5562
1356,5744
1356,7030
1356,7318
1356,9587
1356,10046
1356,14138
1356,15560
1357,1944
1357,3223
1357,8129
1357,8391
1357,11865
1357,12002
1357,12059
1358,1964
1358,2175
1358,2452
1358,2762
1358,2890
1358,3389
1358,5168
1358,6183
1358,6214
1358,6624
1358,7043
1358,9083
1358,9875
1358,11377
1358,11422
1358,11960
1358,15053
1358,15981
1358,17081
1358,19926
1359,1890
1359,2929
1359,3455
1359,3894
1359,6042
1359,6896
1359,7661
1359,8297
1359,9272
1359,9746
1359,15996
1359,17657
1360,2527
1360,3760
1360,5490
1360,5781
1360,6800
1360,7916
1360,7953
1360,9092
1360,10090
1360,11687
1360,12033
1360,13654
1360,14029
1360,14600
1360,18412
1361,2489
1361,3053
1361,7374
1361,7419
1361,10316
1361,12935
1361,19122
1362,1760
1362,3157
1362,4403
1362,7309
1362,7391
1362,8738
1362,9429
1362,9829
1362,10409
1362,10583
1362,12496
1362,12973
1362,13629
1362,14476
1362,15491
1362,16283
1362,17218
1362,18541
1362,18599
1362,18956
1362,19020
1362,19989
1363,1395
1363,2504
1363,5523
1363,6038
1363,6261
1363,6666
1363,8639
1363,8829
1363,10404
1363,10641
1363,16215
1363,18671
1363,19619
1364,1888
1364,1938
1364,2120
1364,5185
1364,11007
1364,11756
1364,12921
1364,13982
1364,16670
1364,17543
1365,2375
1365,12848
1366,1680
1366,5986
1366,9604
1366,11060
1366,12792
1366,15537
1366,18082
1367,1519
1367,2140
1367,2231
1367,2383
1367,2790
1367,3430
1367,3987
1367,4870
1367,6654
1367,7233
1367,8312
1367,11225
1367,12983
1367,14085
1367,16066
1367,16587
1367,17742
1367,19559
1368,1849
1368,2371
1368,2749
1368,3490
1368,11318
1368,11399
1368,17019
1368,17335
1368,17485
1368,17676
1368,17753
1368,18343
1369,1657
1369,1825
1369,2408
1369,2859
1369,4270
1369,5175
1369,5210
1369,5268
1369,5389
1369,5492
1369,6418
1369,6512
1369,7666
1369,9777
1369,12143
1369,12342
1369,12959
1369,12970
1369,15178
1369,15311
1369,16297
1369,16312
1369,16818
1369,17627
1369,18359
1370,1871
1370,2157
1370,4264
1370,5666
1370,6252
1370,6396
1370,6803
1370,6858
1370,7675
1370,7985
1370,8367
1370,10806
1370,10871
1370,11335
1370,12740
1370,15429
1370,17164
1370,18142
1370,19639
1371,1561
1371,1636
1371,1689
1371,1867
1371,3133
1371,3150
1371,3212
1371,3325
1371,3540
1371,4150
1371,5193
1371,5770
1371,7027
1371,7172
1371,7815
1371,8675
1371,8793
1371,10315
1371,11083
1371,11840
1371,11989
1371,13981
1371,14607
1371,15075
1371,15970
1371,16048
1371,17347
1371,18540
1371,18829
1371,19139
1372,1701
1372,4021
1372,5283
1372,5532
1372,6637
1372,8968
1372,9209
1372,9726
1372,10150
1372,10447
1372,10659
1372,11521
1372,14318
1372,16097
1372,18109
1372,18570
1373,1523
1373,1572
1373,2053
1373,3599
1373,6056
1373,6608
1373,7461
1373,8469
1373,12761
1373,14568
1373,14570
1373,19434
1374,1419
1374,1576
1374,2318
1374,2831
1374,4822
1374,5173
1374,5611
1374,5900
1374,6306
1374,8194
1374,8223
1374,9197
1374,10139
1374,11585
1374,12370
1374,13165
1374,15404
1374,15542
1375,1442
1375,1804
1375,2053
1375,2266
1375,3192
1375,4205
1375,4984
1375,5986
1375,7466
1375,7831
1375,7961
1375,8254
1375,8958
1375,10310
1375,12519
1375,13093
1375,13698
1375,17203
1375,19277
1375,19411
1375,19896
1376,2010
1376,2394
1376,2717
1376,2848
1376,6087
1376,7059
1376,10983
1376,12342
1376,12360
1376,16096
1376,17673
1376,18699
1376,18788
1376,19281
1377,2335
1377,3565
1377,5376
1377,11741
1377,12240
1377,15745
1377,17655
1377,18719
1377,18818
1378,1895
1378,3328
1378,5718
1378,10415
1378,11222
1378,12926
1378,16240
1378,17421
1378,19556
1379,1695
1379,2907
1379,3029
1379,3822
1379,4289
1379,4931
1379,6130
1379,6162
1379,8294
1379,8610
1379,9972
1379,15355
1379,18100
1380,2528
1380,5120
1380,5146
1380,6987
1380,7907
1380,8357
1380,9420
1380,10890
1380,13433
1380,15161
1380,15306
1380,19762
1381,1657
1381,2484
1381,4248
1381,4478
1381,5511
1381,6192
1381,8546
1381,9807
1381,10055
1381,10574
1381,12099
1381,12244
1381,12631
1381,13528
1381,15380
1381,16171
1381,17547
1381,19088
1381,19841
1382,2667
1382,3533
1382,3900
1382,4461
1382,5305
1382,6503
1382,7126
1382,7622
1382,8440
1382,9533
1382,11875
1382,14778
1382,15646
1383,3163
1383,4254
1383,7254
1383,7295
1383,8537
1383,9123
1383,10344
1383,11453
1383,13309
1383,14919
1383,15018
1383,19499
1384,2000
1384,2297
1384,2299
1384,2315
1384,2401
1384,2612
1384,2846
1384,3816
1384,4040
1384,4898
1384,4920
1384,5038
1384,6297
1384,7167
1384,7780
1384,8565
1384,8769
1384,9039
1384,9218
1384,10852
1384,13283
1384,13293
1384,13611
1384,13650
1384,13854
1384,14396
1384,14950
1384,15050
1384,18764
1384,19193
1384,19755
1385,2743
1385,3071
1385,9094
1385,13734
1385,15447
1385,19798
1386,1463
1386,1603
1386,1889
1386,2098
1386,2560
1386,3111
1386,4046
1386,5259
1386,5389
1386,5935
1386,8236
1386,8928
1386,10151
1386,10211
1386,10278
1386,11027
1386,11985
1386,12597
1386,13295
1386,14891
1386,15168
1386,16422
1386,16510
1386,17220
1386,17483
1386,17969
1386,19759
1387,1546
1387,1769
1387,1866
1387,2245
1387,2756
1387,3085
1387,3559
1387,3891
1387,4999
1387,5712
1387,7064
1387,7597
1387,7754
1387,9448
1387,9922
1387,10470
1387,12774
1387,13697
1387,18706
1387,19652
1388,2853
1388,3950
1388,4835
1388,9882
1388,10966
1388,12959
1388,14921
1388,15782
1388,15824
1388,17863
1388,18976
1389,1839
1389,2606
1389,2657
1389,3146
1389,4533
1389,5711
1389,5839
1389,6299
1389,6629
1389,6740
1389,7521
1389,7913
1389,8462
1389,8472
1389,8751
1389,9128
1389,9809
1389,13523
1389,14063
1389,14463
1389,15315
1389,15353
1389,18208
1389,18263
1389,18381
1389,18905
1390,1431
1390,1650
1390,1777
1390,2151
1390,2468
1390,2560
1390,3376
1390,3458
1390,4639
1390,4653
1390,5197
1390,5292
1390,8677
1390,9214
1390,9985
1390,10787
1390,11816
1390,12490
1390,13032
1390,17389
1390,18116
1391,9644
1391,11192
1392,3949
1392,10303
1392,10667
1392,14495
1392,18348
1393,1455
1393,1681
1393,1780
1393,1891
1393,1933
1393,1954
1393,1984
1393,2047
1393,2214
1393,2375
1393,2391
1393,2545
1393,2751
1393,2793
1393,2918
1393,2995
1393,3207
1393,3219
1393,3370
1393,3617
1393,3628
1393,3652
1393,4678
1393,4740
1393,4865
1393,5447
1393,5544
1393,5598
1393,5825
1393,6549
1393,6851
1393,6954
1393,7140
1393,7449
1393,7488
1393,7736
1393,8802
1393,9258
1393,9606
1393,9928
1393,10034
1393,10285
1393,11466
1393,12461
1393,12532
1393,12735
1393,13002
1393,13514
1393,13710
1393,14014
1393,14492
1393,15462
1393,15704
1393,16100
1393,16702
1393,17323
1393,17412
1393,18906
1393,19199
1393,19784
1393,19998
1394,1404
1394,1717
1394,2970
1394,3014
1394,3123
1394,3265
1394,3980
1394,4479
1394,7307
1394,8167
1394,8734
1394,8885
1394,9402
1394,10395
1394,11108
1394,17381
1394,17676
1394,17717
1394,17941
1394,17946
1394,18707
1395,5167
1395,9338
1395,13530
1395,14051
1395,14804
1395,19268
1396,1728
1396,2404
1396,3861
1396,5097
1396,6750
1396,7480
1396,8016
1396,10197
1396,10537
1396,10573
1396,11461
1396,13184
1396,16062
1396,17210
1396,17849
1397,2035
1397,2276
1397,3119
1397,3657
1397,4612
1397,6406
1397,6596
1397,6696
1397,8251
1397,12855
1397,12947
1397,13670
1397,15292
1397,15806
1397,18264
1398,2247
1398,3002
1398,4435
1398,4842
1398,5113
1398,6008
1398,7286
1398,7467
1398,7761
1398,9150
1398,11250
1398,12771
1398,17121
1399,1911
1399,2056
1399,2966
1399,3109
1399,3131
1399,4042
1399,4753
1399,5054
1399,5247
1399,5507
1399,9040
1399,11427
1399,11720
1399,14115
1399,15277
1399,18028
1399,18715
1400,1645
1400,1713
1400,1839
1400,2702
1400,3081
1400,3504
1400,3935
1400,5854
1400,6689
1400,6926
1400,6961
1400,7180
1400,8830
1400,9713
1400,10350
1400,12027
1400,13443
1400,14017
1400,14416
1400,14434
1400,15206
1401,1456
1401,2127
1401,2313
1401,6486
1401,6866
1401,16803
1402,2879
1402,3049
1402,5434
1402,7280
1402,7633
1402,9874
1402,11466
1402,11865
1403,2151
1403,2758
1403,3844
1403,3970
1403,4182
1403,4244
1403,5123
1403,5690
1403,6032
1403,6673
1403,10421
1403,12339
1403,13018
1403,13466
1403,14887
1403,14911
1403,15529
1403,15651
1403,16109
1403,16594
1403,19450
1403,19622
1404,1758
1404,1978
1404,2215
1404,2278
1404,2376
1404,2459
1404,2860
1404,2961
1404,3172
1404,3351
1404,3358
1404,3681
1404,3984
1404,4161
1404,4248
1404,4584
1404,5325
1404,5828
1404,6749
1404,7404
1404,7763
1404,8133
1404,8217
1404,8369
1404,8590
1404,8662
1404,11382
1404,11916
1404,12596
1404,13012
1404,13098
1404,13303
1404,14783
1404,15352
1404,17553
1404,18607
1405,1623
1405,2389
1405,2733
1405,2790
1405,4025
1405,4452
1405,4650
1405,7079
1405,7313
1405,8778
1405,9823
1405,10581
1405,11703
1405,12810
1405,14661
1405,15778
1405,16234
1405,18021
1406,1844
1406,2268
1406,3998
1406,5281
1406,6263
1406,8732
1406,17712
1407,1746
1407,1996
1407,3801
1407,10069
1407,11779
1407,16067
1408,2293
1408,2491
1408,7128
1408,9538
1408,13232
1408,13301
1408,13796
1408,16532
1409,2382
1409,3607
1409,4334
1409,4902
1409,8420
1409,8429
1410,1494
1410,1639
1410,2306
1410,3454
1410,3932
1410,4176
1410,4594
1410,4933
1410,4997
1410,5025
1410,8683
1410,12864
1410,13263
1410,13432
1410,13953
1410,14019
1410,14488
1411,2547
1411,3856
1411,4271
1411,4342
1411,4865
1411,5121
1411,5264
1411,6370
1411,8538
1411,8571
1411,9491
1411,9949
1411,11774
1411,11966
1411,13261
1411,14466
1411,14780
1411,14922
1411,18061
1411,19221
1411,19946
1412,1478
1412,2025
1412,2304
1412,2313
1412,3305
1412,3356
1412,5098
1412,5995
1412,7398
1412,7508
1412,7794
1412,9480
1412,9951
1412,12601
1412,12902
1412,13490
1412,14943
1412,15473
1412,16441
1412,17707
1412,19803
1413,3296
1413,5793
1413,9247
1413,11013
1413,11058
1413,11666
1413,13531
1414,1643
1414,5226
1414,5239
1414,9840
1414,14487
1414,16123
1414,17739
1414,19983
1415,1427
1415,2295
1415,2869
1415,3553
1415,6435
1415,7146
1415,8963
1415,9313
1415,9418
1415,10978
1415,11165
1415,13992
1415,17132
1416,2289
1416,2322
1416,2440
1416,2604
1416,4773
1416,6449
1416,6777
1416,7872
1416,12587
1416,12978
1416,14554
1416,15621
1416,15694
1416,16367
1417,1625
1417,2785
1417,3138
1417,3763
1417,3953
1417,4032
1417,4655
1417,5642
1417,6715
1417,7659
1417,9569
1417,9636
1417,10792
1417,12104
1417,12642
1417,13129
1417,13480
1417,13501
1417,15187
1418,2603
1418,2752
1418,2851
1418,3087
1418,4761
1418,5236
1418,6154
1418,6301
1418,6691
1418,7011
1418,7797
1418,8026
1418,8673
1418,9184
1418,9329
1418,9921
1418,11043
1418,11273
1418,11584
1418,11730
1418,12664
1418,12800
1418,15561
1418,18986
1419,1863
1419,4067
1419,6861
1419,7189
1419,9167
1419,9399
1419,10949
1419,12006
1419,14108
1419,15197
1419,18035
1420,2078
1420,2349
1420,2655
1420,3390
1420,5529
1420,6580
1420,8160
1420,8408
1420,10150
1420,11532
1420,13024
1420,13114
1420,14262
1420,15239
1420,15568
1420,18924
1420,18950
1421,1836
1421,2689
1421,5250
1421,5923
1421,7528
1421,7893
1421,8629
1421,9958
1421,10257
1421,11136
1421,12529
1421,13057
1421,14833
1421,15114
1421,15596
1421,19484
1422,3938
1422,5951
1422,6312
1422,7769
1422,8258
1422,14163
1422,16216
1422,16519
1422,18457
1423,1759
1423,1814
1423,4787
1423,5368
1423,5384
1423,5480
1423,6066
1423,6456
1423,7328
1423,8329
1423,9054
1423,11786
1423,14864
1423,14946
1423,15592
1423,16102
1423,16545
1423,18226
1423,18824
1423,19749
1424,4076
1424,6699
1424,11044
1424,13521
1424,16970
1424,18915
1424,19335
1425,2251
1425,2608
1425,3609
1425,4016
1425,4252
1425,4896
1425,4936
1425,7209
1425,9124
1425,12193
1425,15376
1425,15609
1425,19941
1426,2217
1426,2358
1426,3061
1426,3493
1426,3766
1426,4977
1426,5124
1426,6105
1426,7685
1426,11832
1426,17340
1428,3323
1428,4221
1428,6774
1428,19062
1428,19717
1430,1508
1430,1565
1430,1800
1430,2105
1430,2693
1430,4464
1430,4928
1430,5444
1430,6056
1430,7616
1430,7863
1430,10417
1430,10593
1430,11898
1430,14769
1430,17175
1431,1765
1431,2973
1431,3011
1431,3108
1431,3563
1431,4972
1431,5840
1431,7430
1431,10500
1431,10791
1431,10977
1431,11200
1431,11825
1431,13493
1431,19647
1431,19712
1432,1642
1432,1817
1432,1857
1432,1948
1432,2575
1432,2650
1432,2858
1432,2862
1432,2961
1432,3082
1432,3299
1432,4993
1432,5494
1432,6399
1432,6431
1432,9002
1432,9398
1432,11128
1432,11601
1432,12256
1432,14163
1432,15214
1432,15635
1432,16414
1432,16546
1432,19993
1433,1691
1433,1754
1433,2541
1433,5719
1433,6220
1433,8167
1433,8504
1433,8609
1433,9387
1433,10901
1433,14233
1433,14664
1433,15012
1433,15233
1433,16327
1433,19264
1433,19924
1434,1464
1434,1627
1434,2143
1434,3899
1434,4670
1434,5081
1434,6305
1434,6892
1434,8205
1434,11326
1434,12270
1434,12676
1434,12755
1434,13412
1434,14148
1434,15976
1434,16470
1434,16597
1435,5787
1435,6035
1435,8570
1435,9665
1435,10462
1435,11544
1435,12651
1435,14458
1435,19342
1435,19745
1435,19811
1435,19886
1436,2191
1436,2664
1436,3153
1436,3932
1436,4206
1436,6442
1436,8779
1436,14652
1436,15442
1436,16798
1437,3009
1437,4043
1437,6246
1437,7388
1437,12789
1437,13145
1437,13622
1437,14058
1437,17334
1438,2493
1438,2723
1438,2969
1438,4314
1438,5357
1438,7015
1438,7196
1438,10669
1438,19824
1439,1881
1439,3794
1439,4810
1439,6493
1439,16229
1440,1869
1440,3641
1440,3786
1440,5345
1440,11820
1440,14025
1440,14594
1440,15962
1440,16974
1440,17175
1440,17856
1440,19053
1441,1989
1441,3215
1441,5673
1441,8157
1441,10666
1441,14000
1441,15224
1441,15309
1441,15698
1442,1452
1442,3009
1442,13871
1442,14785
1443,1886
1443,2689
1443,3075
1443,4532
1443,5673
1443,6185
1443,6744
1443,9588
1443,10987
1443,13365
1443,13823
1443,19054
1443,19509
1444,2295
1444,6637
1444,7174
1444,10168
1445,1716
1445,3002
1445,3719
1445,4115
1445,6791
1445,9053
1445,13511
1445,15668
1445,16744
1445,17174
1445,19069
1445,19540
1446,1818
1446,2792
1446,3219
1446,3256
1446,3281
1446,4719
1446,6669
1446,8602
1446,9315
1446,10269
1446,16360
1447,2779
1447,2812
1447,3256
1447,6291
1447,6953
1447,7377
1447,10844
1447,13148
1447,13799
1447,16822
1447,19924
1448,2093
1448,3527
1448,4925
1448,8117
1448,8624
1448,10282
1448,16516
1448,17327
1448,19445
1449,1666
1449,2451
1449,2817
1449,3629
1449,3717
1449,4662
1449,8474
1449,9769
1449,9978
1449,10007
1449,14931
1449,16884
1449,19097
1449,19185
1450,4693
1450,4823
1450,7330
1450,7631
1450,11669
1450,14207
1450,14762
1450,18400
1451,1821
1451,1884
1451,2719
1451,3932
1451,4415
1451,6891
1451,8215
1451,8497
1451,9699
1451,10178
1451,10275
1451,14285
1451,16839
1452,2212
1452,6137
1452,6508
1452,6873
1452,7398
1452,8034
1452,8940
1452,9076
1452,10132
1452,10513
1452,11491
1452,12414
1452,12725
1452,14543
1452,16281
1452,16685
1452,17094
1452,17241
1452,17251
1452,18654
1452,19319
1452,19724
1453,1671
1453,1898
1453,2094
1453,2356
1453,3016
1453,3722
1453,5749
1453,8714
1453,16072
1453,18399
1454,1466
1454,1628
1454,1680
1454,1784
1454,1841
1454,2123
1454,2307
1454,2680
1454,3383
1454,4390
1454,6579
1454,6708
1454,7040
1454,7160
1454,9398
1454,9783
1454,9862
1454,10127
1454,10348
1454,12095
1454,12264
1454,13651
1454,13938
1454,14050
1454,14343
1454,16151
1454,17438
1454,19414
1455,3386
1455,4597
1455,6510
1455,7322
1455,12665
1455,13599
1455,14983
1455,15974
1455,17473
1456,1930
1456,8633
1456,9526
1456,10706
1456,16329
1456,18560
1457,1791
1457,3030
1457,3039
1457,4163
1457,8979
1457,9327
1457,10303
1457,11122
1457,17538
1458,3205
1458,3364
1458,3524
1458,3841
1458,4285
1458,5103
1458,5276
1458,5760
1458,7006
1458,7916
1458,8694
1458,9059
1458,9169
1458,10505
1458,11146
1458,11619
1458,14441
1458,15453
1458,16294
1458,16891
1458,19508
1459,1722
1459,2095
1459,2410
1459,2784
1459,4370
1459,10545
1459,11757
1459,13015
1460,1680
1460,1936
1460,2177
1460,2371
1460,2938
1460,3035
1460,3772
1460,5448
1460,5693
1460,7357
1460,10143
1460,11359
1460,11448
1460,12299
1460,13141
1460,13353
1460,13738
1460,13778
1460,16200
1460,16731
1460,17089
1460,17749
1461,1968
1461,2000
1461,2037
1461,2336
1461,2612
1461,3105
1461,4163
1461,4762
1461,5104
1461,5337
1461,5537
1461,5802
1461,5994
1461,7500
1461,7544
1461,7658
1461,8482
1461,8558
1461,8600
1461,9103
1461,9949
1461,10241
1461,10937
1461,13503
1461,13698
1461,13976
1461,14170
1461,14696
1461,14859
1461,14909
1461,15765
1461,17096
1461,18002
1461,18189
1461,18678
1461,19900
1462,2239
1462,2879
1462,5213
1462,6066
1462,7533
1462,9492
1462,10854
1462,11955
1462,12710
1462,12930
1462,14139
1462,15892
1462,17173
1462,18741
1463,1613
1463,1966
1463,2222
1463,2974
1463,3264
1463,3441
1463,4730
1463,4882
1463,5870
1463,7205
1463,8376
1463,9617
1463,9923
1463,10539
1463,12572
1463,12711
1463,13700
1463,14174
1463,16394
1464,1676
1464,1837
1464,4153
1464,4828
1464,6136
1464,8813
1464,9369
1464,9790
1464,11446
1464,12231
1464,12388
1464,16316
1465,2073
1465,2329
1465,2415
1465,3317
1465,3332
1465,3838
1465,4001
1465,4909
1465,5153
1465,5650
1465,8303
1465,10033
1465,11053
1465,11273
1465,12496
1465,12913
1465,15638
1465,16489
1466,1912
1466,2358
1466,2545
1466,2627
1466,4063
1466,4956
1466,5010
1466,5273
1466,5937
1466,6012
1466,6209
1466,8803
1466,9532
1466,9836
1466,10529
1466,13676
1466,13937
1466,17208
1466,17256
1466,18226
1467,1989
1467,7111
1467,10418
1467,16324
1467,16780
1467,16934
1468,2388
1468,2885
1468,3133
1468,3258
1468,3572
1468,4030
1468,4227
1468,6122
1468,6796
1468,7498
1468,9347
1468,10797
1468,12726
1468,13151
1468,18724
1468,19823
1469,1523
1469,5024
1469,16337
1470,3794
1470,4324
1470,5649
1470,6367
1470,8355
1470,11395
1470,13214
1470,14467
1470,15345
1470,16273
1470,17016
1471,2919
1471,3486
1471,3813
1471,4731
1471,5005
1471,5644
1471,5734
1471,6016
1471,7366
1471,7878
1471,8741
1471,9025
1471,10784
1471,13632
1471,16221
1471,17107
1471,19164
1472,3415
1472,7202
1472,9787
1472,9969
1472,14992
1472,15039
1472,17008
1472,18977
1472,19533
1473,1541
1473,1555
1473,2130
1473,4360
1473,7920
1473,8540
1473,8963
1473,9216
1473,9455
1473,11132
1473,16529
1473,17570
1473,18205
1473,19312
1474,2333
1474,4666
1474,4692
1474,7268
1474,10252
1474,16676
1474,18248
1474,18500
1474,18562
1474,19088
1475,1982
1475,2064
1475,2112
1475,2857
1475,4099
1475,4957
1475,5354
1475,9537
1475,9717
1475,13041
1475,14691
1475,16739
1475,16940
1475,17083
1475,17393
1476,1609
1476,1630
1476,1928
1476,2011
1476,2549
1476,5311
1476,6406
1476,6414
1476,9710
1476,13460
1476,18214
1477,1861
1477,2548
1477,2721
1477,3188
1477,3688
1477,4681
1477,6055
1477,10034
1477,11311
1477,12273
1477,15844
1477,17069
1477,18596
1477,19960
1478,2858
1478,4696
1478,5541
1478,6966
1478,9674
1478,16031
1479,1738
1479,2453
1479,4609
1479,6431
1479,8328
1479,9536
1479,10656
1479,10895
1479,12019
1479,13315
1479,16679
1479,19647
1479,19883
1480,3228
1480,5561
1480,9421
1481,2160
1481,3384
1481,3686
1481,5388
1481,5871
1481,10682
1481,14915
1482,1805
1482,2083
1482,3594
1482,4754
1482,5758
1482,5878
1482,6484
1482,7918
1482,8043
1482,8361
1482,8485
1482,9898
1482,10780
1482,14334
1482,17026
1482,18745
1482,19894
1483,3945
1483,4633
1483,4985
1483,5003
1483,6651
1483,6674
1483,9252
1483,11432
1483,13437
1483,13638
1484,2062
1484,3642
1484,5867
1484,6184
1484,8624
1484,11697
1484,11947
1484,11949
1484,14768
1484,15023
1484,15700
1484,15750
1484,18346
1484,18942
1485,2174
1485,7541
1485,9684
1485,12951
1485,13318
1485,13367
1485,14525
1485,14939
1485,19324
1486,2950
1486,8468
1486,15099
1486,19748
1487,2595
1487,3350
1487,3367
1487,4627
1487,5566
1487,10158
1487,10560
1487,12715
1487,13769
1487,15707
1487,19132
1488,1622
1488,2563
1488,2746
1488,4474
1488,4841
1488,5114
1488,6448
1488,7221
1488,9270
1488,12734
1488,18290
1489,1830
1489,1879
1489,1906
1489,1931
1489,3162
1489,3743
1489,3770
1489,4035
1489,5929
1489,12527
1489,14506
1489,17256
1489,19980
1490,1995
1490,2608
1490,2886
1490,3236
1490,4741
1490,5421
1490,5427
1490,5549
1490,5991
1490,6990
1490,8136
1490,9465
1490,10316
1490,15239
1490,17053
1490,17789
1490,17883
1490,17921
1490,19408
1490,19951
1490,19967
1491,1801
1491,2518
1491,2780
1491,2989
1491,4265
1491,4751
1491,5838
1491,7160
1491,7901
1491,8615
1491,9521
1491,9869
1491,11686
1491,12915
1491,15427
1491,15460
1491,15472
1491,15573
1491,17138
1491,17299
1491,18319
1491,19395
1491,19978
1492,1829
1492,1996
1492,2593
1492,2848
1492,3489
1492,4550
1492,4684
1492,7937
1492,8383
1492,10081
1492,12236
1492,12819
1492,13998
1492,15805
1492,19446
1493,1910
1493,2011
1493,2414
1493,2571
1493,4860
1493,4995
1493,5685
1493,7907
1493,9049
1493,9128
1493,10751
1493,11287
1493,11352
1493,13552
1493,15704
1493,15917
1493,16436
1493,17001
1493,17008
1494,1731
1494,2066
1494,2463
1494,2499
1494,2572
1494,2773
1494,3117
1494,3324
1494,4469
1494,5214
1494,5240
1494,5906
1494,7340
1494,7382
1494,7705
1494,8020
1494,8113
1494,8879
1494,11472
1494,13249
1494,13922
1494,14710
1494,14871
1494,14970
1494,15870
1494,16894
1494,18099
1494,18562
1494,19289
1494,19738
1495,1850
1495,3127
1495,3483
1495,3624
1495,6487
1495,6658
1495,8566
1495,9126
1495,10385
1495,14824
1495,14905
1495,18423
1496,2620
1496,6899
1496,10634
1497,3556
1497,6613
1497,7393
1497,13143
1497,17356
1498,1663
1498,2200
1498,2837
1498,3700
1498,4372
1498,4590
1498,4994
1498,5709
1498,6020
1498,6139
1498,6272
1498,6729
1498,7213
1498,8953
1498,10532
1499,2022
1499,3548
1499,4068
1499,8623
1499,9134
1499,10339
1499,12885
1499,15274
1499,17730
1499,18836
1500,3075
1500,4236
1500,4282
1500,5481
1500,5654
1500,6025
1500,15932
1500,16369
1500,16491
1501,3458
1501,4880
1501,14956
1501,18108
1502,1881
1502,2154
1502,2225
1502,2697
1502,2794
1502,3737
1502,3870
1502,5593
1502,7766
1502,9098
1502,10925
1502,11611
1502,12263
1502,18404
1503,3289
1503,6319
1503,7903
1503,15341
1503,16061
1503,18778
1504,1822
1504,1916
1504,2019
1504,4273
1504,4435
1504,5516
1504,6336
1504,9539
1504,10539
1504,11830
1504,12580
1504,17309
1505,1660
1505,1669
1505,3139
1505,3707
1505,7220
1505,7679
1505,10167
1505,12456
1506,2701
1506,3226
1506,4778
1506,7392
1506,7422
1506,8809
1506,10114
1506,10690
1506,13101
1506,15408
1506,15715
1507,2479
1507,2984
1507,3939
1507,4356
1507,5908
1507,9349
1507,11568
1507,17940
1508,1511
1508,2072
1508,2944
1508,3839
1508,4455
1508,5595
1508,7580
1508,7841
1508,8590
1508,9723
1508,10509
1508,12919
1508,12990
1508,14388
1508,17707
1508,17988
1508,18443
1508,19236
1509,3205
1509,4195
1509,10041
1510,2705
1510,3958
1510,4887
1510,6862
1510,7594
1510,10139
1510,10422
1510,19869
1511,1962
1511,5196
1511,5479
1511,6311
1511,9919
1511,17423
1512,1853
1512,2075
1512,8123
1512,9464
1512,10609
1512,11014
1512,11854
1512,13590
1512,16354
1512,16663
1513,1702
1513,2401
1513,5659
1513,6512
1513,6801
1513,17640
1514,2447
1514,2581
1514,4230
1514,5982
1514,10569
1514,15912
1514,16401
1515,1693
1515,3717
1515,5575
1515,5861
1515,9128
1515,11289
1515,12224
1515,14748
1515,15581
1515,16612
1515,17313
1515,17471
1515,19919
1515,19931
1516,1529
1516,1601
1516,2052
1516,2088
1516,2384
1516,2668
1516,2964
1516,3206
1516,4052
1516,4384
1516,4949
1516,6099
1516,6204
1516,7452
1516,7997
1516,8195
1516,8792
1516,8852
1516,10302
1516,10865
1516,11743
1516,11868
1516,12710
1516,13061
1516,14158
1516,15850
1516,17379
1516,17970
1516,18858
1517,3898
1517,4279
1517,4571
1517,4664
1517,4894
1517,4980
1517,5811
1517,6561
1517,8197
1517,8766
1517,8818
1517,10674
1517,15294
1517,15389
1517,15573
1517,15848
1517,16075
1517,17127
1517,18843
1517,19669
1517,19836
1518,2085
1518,3159
1518,3166
1518,3837
1518,4628
1518,6210
1518,7971
1518,8393
1518,10841
1518,12606
1518,13356
1518,15002
1518,17739
1519,2457
1519,3209
1519,3436
1519,4155
1519,8668
1519,8704
1519,9779
1519,10265
1519,10360
1519,11325
1519,12715
1519,14482
1519,14933
1519,19968
1520,3929
1520,5750
1520,5957
1520,8268
1520,11075
1520,13321
1520,14239
1520,17541
1520,19166
1521,1582
1521,1848
1521,2673
1521,2978
1521,5820
1521,7033
1521,9130
1521,10143
1521,10308
1521,15652
1521,16034
1521,16311
1521,17054
1521,18862
1521,19492
1521,19670
1522,2435
1522,2533
1522,5641
1522,6448
1522,7600
1522,8086
1522,8176
1522,9560
1522,10669
1522,11506
1522,14555
1522,17665
1523,1687
1523,1840
1523,1858
1523,1907
1523,1977
1523,2143
1523,2173
1523,2385
1523,2520
1523,2793
1523,3028
1523,3096
1523,3663
1523,5072
1523,5078
1523,5079
1523,5385
1523,5775
1523,6110
1523,6471
1523,6543
1523,7069
1523,9559
1523,9580
1523,9991
1523,11301
1523,12920
1523,13052
1523,13065
1523,13356
1523,14098
1523,14347
1523,14595
1523,14630
1523,16289
1523,17094
1523,17367
1523,17952
1523,19305
1524,1628
1524,6242
1524,6692
1524,7141
1524,8054
1524,8099
1524,9104
1524,9413
1524,10615
1524,13111
1524,18532
1524,18930
1525,1768
1525,3190
1525,6383
1525,7654
1525,10305
1525,12234
1525,14605
1525,14794
1525,17478
1525,19189
1526,3377
1526,3725
1526,5130
1526,6446
1526,11735
1526,11959
1526,14998
1526,19135
1527,1846
1527,1955
1527,2191
1527,2909
1527,3128
1527,4172
1527,6943
1527,7390
1527,7655
1527,8616
1527,11263
1527,13412
1527,13499
1527,14332
1527,14751
1527,17888
1527,18206
1527,19735
1528,14954
1529,1647
1529,2039
1529,2556
1529,3595
1529,4083
1529,4378
1529,4904
1529,5221
1529,5458
1529,5521
1529,5967
1529,6864
1529,7249
1529,7961
1529,8546
1529,11426
1529,13552
1529,16160
1529,17253
1529,18534
1529,18694
1529,19505
1530,10685
1530,16132
1530,16573
1531,1719
1531,2458
1531,2490
1531,2646
1531,3323
1531,3525
1531,5603
1531,6047
1531,6895
1531,7865
1531,8130
1531,10028
1531,11150
1531,11337
1531,12337
1531,12396
1531,15062
1531,15301
1531,15777
1531,16458
1531,16866
1531,17006
1531,18606
1532,3043
1532,3549
1532,4346
1532,7746
1532,8618
1532,9382
1532,10771
1532,10884
1532,12120
1532,14112
1532,17506
1532,17523
1532,18682
1533,1980
1533,2012
1533,2667
1533,4330
1533,4980
1533,6142
1533,6550
1533,8472
1533,8825
1533,10395
1533,10608
1533,11305
1533,15529
1533,16460
1533,17499
1533,18401
1534,2183
1534,3074
1534,3565
1534,6320
1534,6907
1534,9406
1534,9636
1534,11589
1534,12666
1534,12773
1534,13463
1534,13815
1534,15987
1534,16640
1534,17919
1534,18569
1535,1820
1535,2127
1535,4574
1535,10540
1535,12808
1535,14378
1535,16174
1536,1549
1536,2008
1536,3172
1536,4051
1536,4975
1536,5498
1536,6032
1536,7692
1536,8906
1536,10862
1536,15491
1536,16663
1536,19118
1537,3065
1537,4117
1537,4676
1537,8898
1537,8983
1537,9579
1537,10112
1537,12177
1537,13730
1537,17019
1537,18899
1537,19775
1538,1813
1538,1901
1538,1974
1538,2324
1538,2343
1538,2485
1538,3078
1538,3559
1538,3851
1538,5213
1538,7294
1538,7871
1538,8854
1538,9456
1538,9561
1538,10371
1538,12680
1538,13037
1538,15284
1538,15854
1538,17282
1539,2419
1539,2666
1539,3943
1539,5466
1539,8502
1539,9533
1539,9571
1539,17166
1540,2052
1540,2267
1540,2985
1540,3709
1540,4396
1540,4460
1540,6379
1540,6762
1540,7974
1540,8001
1540,11773
1540,19225
1541,1591
1541,5611
1541,5688
1541,6922
1541,8039
1541,10736
1541,11218
1541,12553
1541,14448
1541,15019
1541,15674
1541,17029
1541,19685
1542,1869
1542,2138
1542,3811
1542,4266
1542,4750
1542,7829
1542,8346
1542,9811
1542,10182
1542,10704
1542,11456
1542,15856
1542,16136
1542,17644
1542,17974
1543,2004
1543,2500
1543,3620
1543,3626
1543,3771
1543,4832
1543,5422
1543,7909
1543,8384
1543,10508
1543,10616
1543,11138
1543,13528
1543,13907
1543,15750
1543,15990
1543,16539
1543,18852
1543,18871
1544,1545
1544,1741
1544,2464
1544,2568
1544,2849
1544,3588
1544,4184
1544,4990
1544,7371
1544,8347
1544,8377
1544,8490
1544,8757
1544,10498
1544,10930
1544,11290
1544,12049
1544,12240
1544,12325
1544,13055
1544,16030
1544,17148
1544,19322
1545,1652
1545,1753
1545,1820
1545,2409
1545,3211
1545,3802
1545,3816
1545,4455
1545,5307
1545,7161
1545,7473
1545,7949
1545,8253
1545,8440
1545,8528
1545,8893
1545,9769
1545,10323
1545,10928
1545,11394
1545,12104
1545,12617
1545,12627
1545,12706
1545,13841
1545,14157
1545,14756
1545,16599
1545,16697
1545,17312
1545,17820
1545,17848
1545,18146
1545,18776
1545,19777
1545,19781
1546,2982
1546,4132
1546,4141
1546,4487
1546,10747
1546,15095
1546,15172
1546,18418
1546,19761
1547,2089
1547,3023
1547,3094
1547,4861
1547,8332
1547,12752
1547,13907
1547,15811
1547,19812
1548,1787
1548,6172
1548,6527
1548,7750
1548,9264
1548,12626
1548,13643
1548,14800
1548,17267
1549,1860
1549,2337
1549,2945
1549,3044
1549,3800
1549,4664
1549,4916
1549,7224
1549,7581
1549,7682
1549,12287
1549,14357
1549,18523
1549,18641
1549,19444
1549,19924
1550,2708
1550,3002
1550,4696
1550,9346
1550,9645
1550,9888
1550,10904
1550,16140
1550,16806
1551,2049
1551,2321
1551,2497
1551,4172
1551,6931
1551,17549
1551,19166
1552,1871
1552,2062
1552,2833
1552,3095
1552,4547
1552,5182
1552,5708
1552,6419
1552,7730
1552,7945
1552,8267
1552,9612
1552,9897
1552,10679
1552,11074
1552,12848
1552,13090
1552,13156
1552,13834
1552,15145
1552,15380
1552,15727
1552,16625
1552,17834
1552,18079
1553,2625
1553,4246
1553,4644
1553,4777
1553,5826
1553,7674
1553,8262
1553,11089
1553,11326
1553,14476
1553,15925
1553,19517
1554,3152
1554,4110
1554,4226
1554,5243
1554,5930
1554,5945
1554,8568
1554,8976
1554,9230
1554,9993
1554,11392
1554,12012
1554,12711
1554,16141
1554,17542
1554,18262
1555,2169
1555,2448
1555,2656
1555,2795
1555,5359
1555,5592
1555,6782
1555,7094
1555,7242
1555,7583
1555,7602
1555,7639
1555,8147
1555,8539
1555,11699
1555,13128
1555,13243
1555,13675
1555,15877
1555,16383
1555,16778
1555,17670
1555,19052
1556,1987
1556,2250
1556,2957
1556,3077
1556,3121
1556,4049
1556,4244
1556,4513
1556,6015
1556,8893
1556,10635
1556,11235
1556,17664
1556,17719
1556,18288
1556,18743
1556,19966
1557,1657
1557,1671
1557,2216
1557,2309
1557,2399
1557,2624
1557,2981
1557,3529
1557,3906
1557,5032
1557,5050
1557,7044
1557,7145
1557,8201
1557,8551
1557,8723
1557,9446
1557,10602
1557,10840
1557,12877
1557,13735
1557,15019
1557,15488
1557,17466
1557,18059
1557,18241
1557,19586
1558,2331
1558,4921
1558,6810
1558,8268
1558,8801
1558,9544
1558,10993
1558,13225
1558,14877
1558,18414
1558,18530
1559,2051
1559,3005
1559,4806
1559,5132
1559,5952
1559,8608
1559,13738
1559,17743
1560,1716
1560,2061
1560,2070
1560,2809
1560,2831
1560,3866
1560,3963
1560,4049
1560,4875
1560,5747
1560,5811
1560,6594
1560,6826
1560,6985
1560,7772
1560,8771
1560,10813
1560,11698
1560,11861
1560,12956
1560,13079
1560,13359
1560,14884
1560,15070
1560,18915
1560,19131
1560,19704
1561,1593
1561,1916
1561,2088
1561,12889
1561,13578
1561,15188
1561,18304
1561,18353
1562,3484
1562,4915
1562,7773
1562,11660
1562,14094
1563,1724
1563,2008
1563,3354
1563,4978
1563,5729
1563,6053
1563,7037
1563,8067
1563,13065
1563,16932
1564,1691
1564,3270
1564,4103
1564,6135
1564,7591
1564,8676
1564,10543
1564,12473
1564,14617
1564,15457
1564,15679
1564,16535
1564,19174
1564,19253
1565,1912
1565,2187
1565,2601
1565,2621
1565,2725
1565,3307
1565,3345
1565,3766
1565,4177
1565,5080
1565,6096
1565,6547
1565,6766
1565,7436
1565,7555
1565,8019
1565,8107
1565,8549
1565,16477
1566,4475
1566,6017
1566,7076
1566,7315
1566,9770
1566,13807
1566,16221
1566,17192
1567,2262
1567,2434
1567,3241
1567,6591
1567,8063
1567,9231
1567,10052
1567,10214
1567,15013
1567,17281
1567,18927
1568,3267
1568,3388
1568,3889
1568,5467
1568,11385
1568,15794
1568,15798
1569,2753
1569,3006
1569,3724
1569,6300
1569,6751
1569,8439
1569,9798
1569,11592
1569,18285
1570,2165
1570,2833
1570,5883
1570,10851
1570,11002
1570,14187
1571,7704
1571,8505
1571,11254
1571,12773
1571,18896
1572,1649
1572,1794
1572,2388
1572,3820
1572,8302
1572,8611
1572,11057
1572,11130
1572,13535
1572,13685
1573,2750
1573,2768
1573,3020
1573,3036
1573,5178
1573,7056
1573,8846
1573,10231
1573,14142
1573,18330
1574,1672
1574,2359
1574,2436
1574,3852
1574,4498
1574,4712
1574,4829
1574,5033
1574,5947
1574,7229
1574,7945
1574,8317
1574,8477
1574,9567
1574,11792
1574,12201
1574,12699
1574,13519
1574,13618
1574,15194
1574,15377
1574,16059
1574,17038
1574,17201
1574,18021
1574,19952
1574,19964
1575,2299
1575,5106
1575,9504
1575,11983
1575,15966
1576,2273
1576,4599
1576,4769
1576,6770
1576,7142
1576,8787
1576,11554
1576,13000
1576,14695
1576,15303
1576,16382
1576,16730
1576,18292
1577,1986
1577,3666
1577,5181
1577,8693
1577,9822
1577,11283
1577,11710
1577,18809
1578,2805
1578,4033
1578,4691
1578,5784
1578,6244
1578,7179
1579,4628
1579,6478
1579,6550
1579,8221
1579,8542
1580,2137
1580,3215
1581,1857
1581,1925
1581,2131
1581,4079
1581,6634
1581,6699
1581,7108
1581,9079
1581,11435
1581,12506
1581,14883
1581,14965
1581,16211
1581,16486
1581,18177
1581,19697
1582,2676
1582,3541
1582,4930
1582,5897
1582,9731
1582,10766
1582,12502
1582,14348
1582,16610
1583,4464
1583,4697
1583,6957
1583,12236
1583,12961
1584,2111
1584,2183
1584,2756
1584,2953
1584,2957
1584,3245
1584,3526
1584,3539
1584,5842
1584,6789
1584,6902
1584,7317
1584,7719
1584,9013
1584,9240
1584,9553
1584,9555
1584,11480
1584,11907
1584,14804
1584,14819
1584,18138
1585,2212
1585,3918
1585,3927
1585,3936
1585,4013
1585,5510
1585,6111
1585,6320
1585,6853
1585,8695
1585,9046
1585,10612
1585,10720
1585,12108
1585,12582
1585,18903
1585,19636
1586,2586
1586,3656
1586,3690
1586,6279
1586,12462
1586,13038
1586,15549
1586,17129
1586,18690
1587,2965
1587,3961
1587,6007
1587,9803
1587,11854
1587,12863
1588,2032
1588,2741
1588,2947
1588,3278
1588,3816
1588,4605
1588,4949
1588,5536
1588,7965
1588,8100
1588,9799
1588,15107
1588,15372
1588,16654
1588,17314
1588,17672
1588,18933
1589,3644
1589,4551
1589,7380
1589,8222
1589,9735
1589,10032
1589,12784
1589,13482
1589,17649
1590,2532
1590,3245
1590,4560
1590,5009
1590,5173
1590,6490
1590,7973
1590,8627
1590,9395
1590,11116
1590,11936
1590,12101
1590,19778
1590,19956
1591,1600
1591,1662
1591,1707
1591,1949
1591,2226
1591,2686
1591,2901
1591,3280
1591,4047
1591,5322
1591,6267
1591,10071
1591,10174
1591,10280
1591,10949
1591,11390
1591,13368
1591,13441
1591,13579
1591,15270
1591,15600
1591,15660
1591,15772
1591,16300
1591,19525
1592,1730
1592,2178
1592,2665
1592,2894
1592,2931
1592,3341
1592,4774
1592,5347
1592,5695
1592,5800
1592,6347
1592,6560
1592,6798
1592,7458
1592,7637
1592,8423
1592,12191
1592,12443
1592,14944
1592,16929
1592,16943
1592,17323
1592,17595
1592,17943
1592,18487
1592,19578
1593,1699
1593,2932
1593,3579
1593,4712
1593,4839
1593,5355
1593,8768
1593,9443
1593,9543
1593,9749
1593,10916
1593,12629
1593,15052
1593,15259
1593,15452
1593,15851
1593,16930
1593,18723
1593,19594
1594,1822
1594,2165
1594,6213
1594,6554
1594,7379
1594,8527
1594,8812
1594,9105
1594,11271
1594,14662
1594,15490
1594,15766
1594,18546
1595,1769
1595,2917
1595,3385
1595,3997
1595,5138
1595,5282
1595,5580
1595,6779
1595,8000
1595,8647
1595,11974
1595,13477
1595,13946
1596,4447
1596,6001
1596,7508
1596,8119
1597,1864
1597,2556
1597,3117
1597,4118
1597,4238
1597,5806
1597,6912
1597,7452
1597,8281
1597,8910
1597,10693
1597,11219
1597,14531
1597,14707
1597,15343
1597,15749
1597,15789
1597,16320
1597,16697
1598,1878
1598,4368
1598,4614
1598,6334
1598,6906
1598,13317
1598,14117
1598,14357
1598,18439
1598,19599
1599,1854
1599,2872
1599,4495
1599,4891
1599,5163
1599,8091
1599,17014
1599,18434
1599,18865
1600,8433
1600,8873
1600,11055
1601,3271
1601,3409
1601,3681
1601,4116
1601,4599
1601,4656
1601,4797
1601,6322
1601,7183
1601,7759
1601,7915
1601,9820
1601,11329
1601,18817
1602,2591
1602,13156
1603,1865
1603,2545
1603,3233
1603,4069
1603,4488
1603,7377
1603,8714
1603,9471
1603,12131
1603,13080
1603,15546
1603,17275
1603,17632
1604,1640
1604,2286
1604,2404
1604,2449
1604,3167
1604,3733
1604,4660
1604,4995
1604,5544
1604,6447
1604,7089
1604,8641
1604,9547
1604,9619
1604,10328
1604,15910
1605,2230
1605,2282
1605,2640
1605,4190
1605,4433
1605,4619
1605,4822
1605,4990
1605,7233
1605,11828
1605,13005
1605,15781
1605,16289
1605,16553
1605,19443
1605,19719
1606,1924
1606,2165
1606,2800
1606,3360
1606,3541
1606,4023
1606,4039
1606,4853
1606,6345
1606,6524
1606,8568
1606,9117
1606,9182
1606,11342
1606,11563
1606,11778
1606,11954
1606,12634
1606,14365
1607,2300
1607,2912
1607,4839
1607,4968
1607,6902
1607,14968
1607,16317
1607,17810
1608,4210
1608,5563
1608,6156
1608,7287
1608,10467
1608,13929
1608,16607
1609,3926
1609,5260
1609,6418
1609,8129
1609,8323
1609,11843
1609,13927
1609,15614
1609,19168
1609,19329
1610,1630
1610,2585
1610,3009
1610,8085
1610,15505
1610,18949
1611,1779
1611,2773
1611,2881
1611,3024
1611,3202
1611,4155
1611,5475
1611,6117
1611,7732
1611,12316
1611,12499
1611,13632
1611,14056
1611,17815
1611,18198
1612,1686
1612,2629
1612,2898
1612,3089
1612,3407
1612,3790
1612,5172
1612,5755
1612,5987
1612,6299
1612,6388
1612,6979
1612,7168
1612,7941
1612,8935
1612,8978
1612,12250
1612,14668
1612,18967
1613,2075
1613,10376
1614,1818
1614,2322
1614,3705
1614,3750
1614,3847
1614,3980
1614,5571
1614,5643
1614,5711
1614,6610
1614,8543
1614,11613
1614,11722
1614,12186
1614,12194
1614,13409
1614,13754
1614,14946
1614,17460
1614,19006
1615,3226
1615,3477
1615,3727
1615,3754
1615,3921
1615,5105
1615,5148
1615,9995
1615,10180
1615,10754
1615,11827
1615,17998
1616,1689
1616,2379
1616,3406
1616,5440
1616,8188
1616,9918
1616,10297
1616,10325
1616,11121
1616,14977
1616,19923
1617,1735
1617,1873
1617,2427
1617,3565
1617,4291
1617,5180
1617,5894
1617,6822
1617,7283
1617,8395
1617,9716
1617,11223
1617,15123
1617,15416
1617,15664
1618,3441
1618,6541
1618,6616
1618,9323
1618,14270
1618,18157
1618,18422
1618,19103
1619,1813
1619,1971
1619,2272
1619,4400
1619,5087
1619,7005
1619,7268
1619,7710
1619,9062
1619,10275
1619,12224
1619,13189
1619,13201
1619,13410
1619,13687
1619,14600
1619,15666
1619,15792
1619,17067
1619,17614
1619,18871
1620,1690
1620,9712
1620,10382
1620,10418
1620,12524
1621,2572
1621,2827
1621,2958
1621,3069
1621,3138
1621,6978
1621,11240
1621,19644
1622,1721
1622,1874
1622,5051
1622,6602
1622,8601
1622,10206
1622,19621
1622,19899
1623,1973
1623,2562
1623,3704
1623,5831
1623,6441
1623,6762
1623,6993
1623,7061
1623,8178
1623,8462
1623,8471
1623,10956
1623,11896
1623,14475
1623,15090
1623,15409
1623,16887
1623,17186
1623,18032
1624,2526
1624,4231
1624,5397
1624,8166
1624,8239
1624,10693
1624,13373
1624,16913
1624,17647
1625,2589
1625,6907
1625,9561
1625,13454
1625,14386
1625,16435
1625,18042
1625,19293
1625,19336
1625,19740
1626,1821
1626,2770
1626,2809
1626,3716
1626,5068
1626,5740
1626,6259
1626,9012
1626,14074
1626,14175
1626,14219
1627,2614
1627,2970
1627,3273
1627,3886
1627,4361
1627,5820
1627,8016
1627,10628
1627,12330
1627,12588
1627,16100
1627,17920
1628,1980
1628,2280
1628,2300
1628,2617
1628,8565
1628,10417
1628,10577
1628,13736
1628,19900
1629,1720
1629,2278
1629,2337
1629,2541
1629,4671
1629,5549
1629,5824
1629,5861
1629,6307
1629,7582
1629,8264
1629,8435
1629,9136
1629,10176
1629,10266
1629,14415
1629,17235
1630,2730
1630,3059
1630,6990
1630,10248
1630,11643
1630,12863
1630,15736
1630,16050
1631,1775
1631,2496
1631,3576
1631,3726
1631,3755
1631,4060
1631,4329
1631,4990
1631,5938
1631,6814
1631,7942
1631,10027
1631,11358
1631,12488
1631,13089
1632,1753
1632,1779
1632,2567
1632,2895
1632,3351
1632,3717
1632,5086
1632,6662
1632,6781
1632,8267
1632,8340
1632,8553
1632,8989
1632,9274
1632,11161
1632,15408
1632,16610
1632,16646
1632,17239
1632,17314
1632,17538
1632,18236
1632,18816
1632,19064
1633,2394
1633,2949
1633,3612
1633,4403
1633,6180
1633,7341
1633,15336
1633,17752
1634,3393
1634,4262
1634,4364
1634,4391
1634,4869
1634,5300
1634,5795
1634,5898
1634,6935
1634,7094
1634,10025
1634,10069
1634,10440
1634,11386
1634,12441
1634,13036
1634,13671
1634,13748
1634,14001
1634,14177
1634,16728
1634,17069
1634,18086
1634,18171
1634,18658
1634,18733
1634,19589
1634,19871
1635,3424
1635,19332
1636,1736
1636,2182
1636,3335
1636,3993
1636,4394
1636,7166
1636,7368
1636,10669
1636,10775
1636,19349
1637,4892
1637,4912
1637,5083
1637,11398
1637,19757
1638,2031
1638,2562
1638,4320
1638,11899
1638,13178
1638,13922
1638,16920
1639,1914
1639,2444
1639,2645
1639,2780
1639,4243
1639,7617
1639,10135
1639,10883
1639,11412
1639,13349
1639,13660
1639,14440
1639,17850
1639,18206
1639,19387
1640,1762
1640,1815
1640,2385
1640,2395
1640,2488
1640,2763
1640,6740
1640,6754
1640,8750
1640,13794
1640,14803
1640,16042
1641,2480
1641,2672
1641,2714
1641,3350
1641,3730
1641,4554
1641,4621
1641,4924
1641,5956
1641,7319
1641,7525
1641,7732
1641,7833
1641,9107
1641,9650
1641,11279
1641,12928
1641,13029
1641,13726
1641,13956
1641,14083
1641,14311
1641,14728
1641,16208
1641,16775
1641,17211
1641,18221
1641,18778
1642,2055
1642,2200
1642,2963
1642,5798
1642,7355
1642,8153
1642,9360
1642,10051
1642,13195
1642,15859
1643,2740
1643,3059
1643,3484
1643,3833
1643,5334
1643,6610
1643,6815
1643,8177
1643,8916
1643,9685
1643,13233
1643,13431
1643,17532
1644,1952
1644,3003
1644,4409
1644,6336
1644,8103
1644,12028
1644,15451
1644,19802
1645,2139
1645,2152
1645,2594
1645,2936
1645,3741
1645,5326
1645,6166
1645,7455
1645,14106
1645,16506
1645,16685
1645,19342
1646,3243
1646,6744
1646,6976
1646,8675
1646,9646
1646,19546
1646,19731
1647,3350
1647,5489
1647,7036
1647,7382
1647,11715
1647,18836
1647,19330
1648,2437
1648,3154
1648,3473
1648,3570
1648,5230
1648,5903
1648,11208
1648,12779
1648,14444
1649,2415
1649,2653
1649,3541
1649,6140
1649,9328
1649,9373
1649,14352
1650,2267
1650,2433
1650,2603
1650,2962
1650,3185
1650,4292
1650,4509
1650,4852
1650,5501
1650,11257
1650,12044
1650,15715
1650,16536
1650,18077
1651,2072
1651,2159
1651,3384
1651,3993
1651,4291
1651,5765
1651,8779
1651,8977
1651,10070
1651,11967
1651,16983
1651,18675
1652,3019
1652,3759
1652,4785
1652,7932
1652,8947
1652,10316
1652,11812
1652,13015
1652,13044
1652,13675
1652,13693
1652,16096
1652,18371
1653,2626
1653,2702
1653,3697
1653,5649
1653,6688
1653,9435
1653,12086
1653,14808
1654,1847
1654,1876
1654,2113
1654,2774
1654,2830
1654,2914
1654,3324
1654,4366
1654,5278
1654,5730
1654,7344
1654,9495
1654,17488
1654,19197
1655,1812
1655,2343
1655,2666
1655,3063
1655,3999
1655,4777
1655,4862
1655,5590
1655,7062
1655,7684
1655,7909
1655,8814
1655,8943
1655,8991
1655,11948
1655,12118
1655,12513
1655,12547
1655,13117
1655,15352
1656,3419
1656,3428
1656,4265
1656,5066
1656,6578
1656,8927
1656,13040
1656,15028
1656,15661
1656,15865
1656,17628
1656,19031
1657,1947
1657,2083
1657,2355
1657,2482
1657,3655
1657,3824
1657,7092
1657,8157
1657,8755
1657,9749
1657,10410
1657,10496
1657,10605
1657,12606
1657,13603
1657,17783
1657,17865
1657,19489
1657,19692
1658,1759
1658,2181
1658,3608
1658,4317
1658,4692
1658,4990
1658,8727
1658,8772
1658,9499
1658,10536
1658,15622
1659,1887
1659,2846
1659,7116
1659,7190
1659,8476
1659,8516
1659,12176
1659,14398
1659,16694
1659,17043
1659,17172
1659,17324
1659,18510
1660,1903
1660,2132
1660,2523
1660,3497
1660,4473
1660,5046
1660,7316
1660,8351
1660,8384
1660,9332
1660,9372
1660,9503
1660,12787
1660,13759
1660,14399
1660,16726
1660,16916
1661,2839
1661,3990
1661,5380
1661,6033
1661,6945
1661,8240
1661,8823
1661,9113
1661,10307
1661,11401
1661,12451
1661,15847
1661,16199
1661,18167
1661,19997
1662,1884
1662,2453
1662,3766
1662,3896
1662,4976
1662,10749
1662,13414
1662,18389
1663,2236
1663,5789
1663,7810
1663,13110
1663,13185
1663,16277
1663,17595
1663,17888
1664,4621
1664,6499
1664,7622
1664,10940
1664,12442
1664,12615
1664,14660
1664,14902
1664,14909
1664,17365
1664,17459
1665,3462
1665,3647
1665,9774
1665,10707
1665,10846
1665,15801
1666,2006
1666,2886
1666,4838
1666,5804
1666,7798
1666,10249
1666,10531
1666,11859
1666,13174
1666,15923
1666,18617
1666,19055
1666,19102
1666,19653
1667,1670
1667,1904
1667,1936
1667,2127
1667,2826
1667,2913
1667,3255
1667,4342
1667,4459
1667,5338
1667,8165
1667,9618
1667,10892
1667,11002
1667,11135
1667,11701
1667,11778
1667,12731
1667,16164
1667,16457
1667,16574
1667,16609
1667,18251
1667,19682
1668,4232
1668,5256
1668,10330
1668,19483
1668,19549
1669,4043
1669,10515
1669,12933
1670,3839
1670,6371
1670,6967
1670,7442
1670,8302
1670,8822
1670,9829
1670,10954
1670,15200
1670,16214
1671,1947
1671,2030
1671,2273
1671,2863
1671,2875
1671,3240
1671,6258
1671,6487
1671,7044
1671,8112
1671,10730
1671,10769
1671,11992
1671,12797
1671,12896
1671,13050
1671,14604
1671,14670
1671,17916
1671,18667
1671,19489
1672,1999
1672,4380
1672,4442
1672,6255
1672,6637
1672,8629
1672,8792
1672,10150
1672,10158
1672,11837
1672,12066
1672,13129
1672,13836
1672,15128
1672,16367
1672,17297
1672,19784
1673,2339
1673,6262
1673,9411
1673,9929
1673,11117
1673,18458
1674,2144
1674,3708
1674,3916
1674,4614
1674,5829
1674,6103
1674,7435
1674,7822
1674,8319
1674,11049
1674,12468
1674,13087
1674,13632
1674,14161
1674,15023
1674,19616
1675,2316
1675,3736
1675,4452
1675,5033
1675,5058
1675,5628
1675,8151
1675,9127
1675,9409
1675,9456
1675,11633
1675,13623
1675,15424
1675,17062
1676,4613
1676,8569
1676,9017
1676,11859
1676,13860
1676,14369
1676,19485
1677,4055
1677,17065
1678,2678
1678,2826
1678,3307
1678,3889
1678,5210
1678,6086
1678,8818
1678,9892
1678,11663
1678,11955
1678,12458
1678,12972
1678,13634
1678,15958
1679,2113
1679,2817
1679,4321
1679,5678
1679,5906
1679,8033
1679,8629
1679,8767
1679,9480
1679,9933
1679,10502
1679,12933
1679,13482
1679,19109
1680,1730
1680,2250
1680,2549
1680,2843
1680,3200
1680,4685
1680,5497
1680,7390
1680,7523
1680,9325
1680,10838
1680,12115
1680,13158
1680,18131
1681,1901
1681,2535
1681,3001
1681,4488
1681,4630
1681,5803
1681,6317
1681,8828
1681,8880
1681,10166
1681,10575
1681,11176
1681,13110
1681,14443
1681,14820
1681,15970
1681,16032
1681,16090
1681,17247
1681,17906
1682,4560
1682,6366
1682,6481
1682,9143
1682,12040
1683,2039
1683,2943
1683,3775
1683,7178
1683,7433
1683,14686
1683,18295
1683,19912
1684,1837
1684,2049
1684,2541
1684,2986
1684,3144
1684,3603
1684,6869
1684,7090
1684,9379
1684,9871
1684,11454
1684,12215
1684,12737
1684,13400
1684,14110
1684,14174
1684,16184
1684,16580
1684,16625
1684,16655
1684,16820
1684,17585
1685,3465
1685,3933
1685,4548
1685,5186
1685,6779
1685,8996
1685,10197
1685,12701
1685,13469
1685,17126
1685,19311
1686,1917
1686,3064
1686,3475
1686,12116
1686,14617
1686,19584
1687,1709
1687,2263
1687,2338
1687,2596
1687,4552
1687,5381
1687,7851
1687,8193
1687,11127
1687,12753
1687,13191
1688,1696
1688,1890
1688,3788
1688,4515
1688,4731
1688,4821
1688,5121
1688,5432
1688,6553
1688,6618
1688,6862
1688,7978
1688,9590
1688,13071
1688,14182
1688,18260
1689,3278
1689,3849
1689,4553
1689,6721
1689,12091
1690,2965
1690,3487
1690,6067
1690,8545
1690,8783
1690,8989
1690,9047
1690,11492
1690,11548
1690,11684
1690,13506
1690,14235
1690,14326
1690,14604
1690,15997
1690,16084
1690,16692
1690,19493
1690,19778
1691,1750
1691,3189
1691,3914
1691,4837
1691,4937
1691,5504
1691,7018
1691,8527
1691,9822
1691,9972
1691,10940
1691,11782
1691,12831
1691,15729
1691,17858
1692,2274
1692,7827
1692,10826
1693,1760
1693,1880
1693,2216
1693,4011
1693,6060
1693,8460
1693,9870
1693,11153
1693,11949
1693,12130
1693,12217
1693,12324
1693,12596
1693,13545
1693,15210
1693,18217
1694,4556
1694,6467
1694,8654
1694,8979
1694,9187
1694,9301
1694,11721
1694,14570
1694,16141
1694,17761
1694,18482
1695,5313
1695,7577
1695,8701
1695,10408
1695,10716
1695,14239
1695,19506
1696,1761
1696,2248
1696,2438
1696,2679
1696,2896
1696,3035
1696,6048
1696,7807
1696,8458
1696,9053
1696,10716
1696,11843
1696,12092
1696,13253
1696,13762
1697,3872
1697,4765
1697,4895
1697,5096
1697,6014
1697,7738
1697,10142
1697,15187
1697,17855
1697,18184
1698,3240
1698,4840
1698,5752
1698,6455
1698,6525
1698,9009
1698,12700
1698,14074
1698,15791
1698,17218
1699,1980
1699,1997
1699,2735
1699,5075
1699,7835
1699,8330
1699,9455
1699,11533
1699,12443
1699,13564
1699,15672
1699,16466
1699,16673
1699,18369
1699,19132
1700,8190
1700,10463
1700,12627
1701,2632
1701,2740
1701,2763
1701,5492
1701,8536
1701,12394
1702,3307
1702,5560
1702,6010
1702,7700
1702,8008
1702,9280
1702,10800
1702,13047
1702,17655
1702,18654
1702,19780
1703,4953
1703,6320
1703,6636
1703,7591
1703,10455
1703,10941
1703,11051
1703,12916
1703,13609
1703,13702
1703,16130
1703,16295
1703,17678
1703,18818
1704,2926
1704,4277
1704,4864
1704,5537
1704,9870
1704,18144
1704,18702
1705,2506
1705,4338
1705,4348
1705,6182
1705,7612
1705,8465
1705,12689
1705,16772
1705,18888
1706,2633
1706,2978
1706,3963
1706,4585
1706,5392
1706,5402
1706,5501
1706,5510
1706,11594
1706,12028
1707,1909
1707,1988
1707,7619
1707,7647
1707,7963
1707,8782
1707,12404
1707,18253
1708,1735
1708,2968
1708,3812
1708,5102
1708,5764
1708,6181
1708,10968
1708,17584
1709,5199
1709,5538
1709,6974
1709,7286
1709,7782
1709,9925
1709,12590
1709,14281
1709,16223
1709,16397
1709,16757
1709,17386
1710,2268
1710,7007
1710,10120
1710,10965
1711,2120
1711,2880
1711,4904
1711,5407
1711,7870
1711,8598
1711,10405
1711,10568
1711,11691
1711,12067
1711,12757
1711,13012
1711,13323
1711,13333
1711,13604
1711,14088
1711,14228
1711,14562
1711,15626
1711,17147
1711,17402
1711,17726
1712,5890
1712,7324
1712,8248
1712,10894
1712,11233
1712,12544
1712,13581
1712,13752
1712,15226
1712,15499
1712,16602
1713,2123
1713,2416
1713,3304
1713,3593
1713,4160
1713,4697
1713,6041
1713,6325
1713,10754
1713,12584
1713,19294
1713,19856
1714,1933
1714,2533
1714,2583
1714,2801
1714,3230
1714,7945
1714,9063
1714,9166
1714,9265
1714,9900
1714,10276
1714,10612
1714,13516
1714,14117
1715,4231
1715,4284
1715,4747
1715,5058
1715,5746
1715,5851
1715,6936
1715,7275
1715,7778
1715,8625
1715,9039
1715,9122
1715,10897
1715,11477
1715,12208
1715,12297
1715,12570
1715,13486
1715,19684
1716,2167
1716,2994
1716,4397
1716,11026
1717,1725
1717,2240
1717,7220
1717,9282
1717,10701
1717,14851
1717,18380
1717,18809
1718,3058
1718,3258
1718,3411
1718,3466
1718,3813
1718,5616
1718,6243
1718,10559
1718,12889
1718,17145
1719,2438
1719,2976
1719,3243
1719,3629
1719,3775
1719,4460
1719,8142
1719,8208
1719,9016
1719,9306
1719,9632
1719,9663
1719,9804
1719,10101
1719,12153
1719,12252
1719,12452
1719,13043
1719,15591
1719,18673
1720,3141
1720,4538
1721,5122
1721,5220
1721,5694
1721,6640
1721,7004
1721,7308
1721,7417
1721,7843
1721,10807
1721,11326
1721,13438
1721,14813
1721,16471
1721,16643
1721,17468
1721,18740
1721,19761
1722,4412
1722,4764
1722,4964
1722,5335
1722,6160
1722,7455
1722,8905
1722,9447
1722,12190
1722,12924
1722,13021
1722,16443
1722,18337
1723,2834
1723,2971
1723,3488
1723,4538
1723,5638
1723,5950
1723,5954
1723,6117
1723,6350
1723,6436
1723,7255
1723,8985
1723,10939
1723,11035
1723,11225
1723,11540
1723,11655
1723,11769
1723,13833
1723,15604
1723,16447
1723,17144
1723,17265
1723,17290
1723,18137
1724,2471
1724,3545
1724,4210
1724,5743
1724,6676
1724,12428
1724,12978
1724,16080
1724,16781
1724,18700
1724,18920
1725,2343
1725,2703
1725,2866
1725,15482
1726,2032
1726,2710
1726,3618
1726,4318
1726,5142
1726,6310
1726,8523
1726,11010
1726,11911
1726,16495
1726,19438
1727,3289
1727,3359
1727,4166
1727,4826
1727,6562
1727,7281
1727,7383
1727,7839
1727,8540
1727,9098
1727,9244
1727,10251
1727,12483
1727,13327
1727,13517
1727,13866
1727,14145
1727,14924
1727,15060
1727,15736
1727,17074
1727,17958
1728,1825
1728,3016
1728,3675
1728,6535
1728,8360
1728,8802
1728,9844
1728,10672
1728,11181
1728,11420
1728,12113
1728,13828
1728,14987
1728,15403
1728,16639
1728,17025
1728,18144
1728,18237
1728,18763
1729,3394
1729,7374
1729,8938
1729,9024
1729,9702
1729,10866
1729,12109
1729,12237
1729,12775
1729,17012
1730,5194
1730,13556
1731,2023
1731,2396
1731,2639
1731,4879
1731,8290
1731,11993
1731,14422
1731,15180
1731,15448
1732,1841
1732,2333
1732,2558
1732,3824
1732,4670
1732,4693
1732,5912
1732,10225
1732,19824
1732,19904
1733,2567
1733,2584
1733,2592
1733,3292
1733,4047
1733,4842
1733,6234
1733,9152
1733,13011
1733,13663
1733,16842
1734,1939
1734,2208
1734,3700
1734,9139
1734,11601
1734,14742
1734,15092
1734,15723
1734,17283
1735,2277
1735,2730
1735,4333
1735,5193
1735,6613
1735,8153
1735,11252
1735,11967
1735,13682
1735,15573
1735,15633
1736,2724
1736,5989
1736,8155
1736,10699
1736,14174
1736,14416
1737,2325
1737,7263
1737,10550
1737,11552
1737,12438
1737,17007
1738,1917
1738,2290
1738,3343
1738,5786
1738,7808
1738,8434
1738,8472
1738,10477
1738,11443
1738,12332
1738,12558
1738,12862
1738,17694
1739,3399
1739,3838
1739,4438
1739,9969
1739,10852
1740,1889
1740,4364
1740,7060
1740,13115
1740,15133
1741,2230
1741,4393
1741,5235
1741,6821
1741,8845
1742,3340
1742,4870
1742,5887
1742,8383
1742,13500
1742,14049
1742,17009
1743,2173
1743,3006
1743,4241
1743,4567
1743,5988
1743,6454
1743,6791
1743,7067
1743,7866
1743,9120
1743,11127
1743,12657
1743,13292
1743,13358
1743,15151
1743,15451
1743,15607
1743,15755
1743,16144
1743,16456
1743,17128
1743,17286
1743,17388
1743,17549
1743,17895
1743,17945
1743,19976
1744,2601
1744,8830
1744,15072
1744,16371
1744,17832
1745,3135
1745,3602
1745,4215
1745,4365
1745,5190
1745,6429
1745,17782
1745,18927
1746,2253
1746,3386
1746,4179
1746,10994
1746,12423
1747,1935
1747,3679
1747,4371
1747,6488
1747,7212
1747,10973
1747,11157
1747,13003
1747,14151
1747,15471
1747,16749
1747,17471
1748,2611
1748,3279
1748,3610
1748,4074
1748,5537
1748,6078
1748,8634
1748,9318
1748,11612
1748,12945
1748,13028
1748,15087
1748,18157
1748,18299
1748,18364
1749,1981
1749,2274
1749,2338
1749,2395
1749,2785
1749,3186
1749,5091
1749,5684
1749,5716
1749,5796
1749,14662
1749,16447
1749,17147
1749,18363
1749,19330
1749,19719
1750,1762
1750,4527
1750,5012
1750,8844
1750,9211
1750,10357
1750,13521
1750,15399
1751,4687
1751,9277
1751,9869
1751,10594
1751,11980
1751,14832
1752,3526
1752,13704
1752,14682
1752,14830
1753,8967
1753,10606
1753,11963
1753,14203
1753,14370
1753,14876
1753,17086
1754,5329
1754,5710
1754,6240
1754,7153
1754,7896
1754,9551
1754,11007
1754,12667
1754,14520
1754,15943
1754,16765
1754,18596
1754,19272
1755,2276
1755,3780
1755,4355
1755,8795
1755,12106
1755,14146
1755,14455
1755,15100
1756,2091
1756,2188
1756,2308
1756,2348
1756,3145
1756,3625
1756,3810
1756,5118
1756,5674
1756,6055
1756,6150
1756,6949
1756,8224
1756,9252
1756,10057
1756,14578
1756,18447
1757,1783
1757,3132
1757,5640
1757,5655
1757,7568
1757,8617
1757,8696
1757,9572
1757,13755
1757,16181
1758,6377
1758,12045
1758,19560
1758,19996
1759,2026
1759,2474
1759,2926
1759,6119
1759,6266
1759,8791
1759,9444
1759,11124
1759,16972
1760,5686
1760,6646
1760,8411
1761,2108
1761,3057
1761,3623
1761,4580
1761,14553
1761,17776
1762,2068
1762,2229
1762,2294
1762,3697
1762,4126
1762,4943
1762,5520
1762,5584
1762,6144
1762,8154
1762,8373
1762,8651
1762,9195
1762,9607
1762,9617
1762,11069
1762,11521
1762,11630
1762,11909
1762,14189
1762,14915
1762,16731
1763,4441
1763,8363
1763,9374
1763,10827
1763,12025
1763,15304
1764,4132
1764,5223
1764,5567
1764,7753
1764,9604
1764,10570
1764,16726
1764,17338
1764,17738
1765,2353
1765,3213
1765,4497
1765,5526
1765,5675
1765,6291
1765,7117
1765,7797
1765,8142
1765,8152
1765,8882
1765,9154
1765,9950
1765,10647
1765,11209
1765,12042
1765,16979
1766,2057
1766,2355
1766,2842
1766,3177
1766,3392
1766,5391
1766,7499
1766,7976
1766,10461
1766,10555
1766,10951
1766,13447
1766,14964
1766,15030
1766,16725
1766,18562
1766,19228
1767,2877
1767,3060
1767,3303
1767,6866
1767,10232
1767,12150
1767,15287
1767,17124
1767,17818
1767,18692
1767,19598
1768,2199
1768,2240
1768,2471
1768,3037
1768,3415
1768,3737
1768,4062
1768,4172
1768,4363
1768,5060
1768,5258
1768,6124
1768,6632
1768,6711
1768,6879
1768,7202
1768,7310
1768,7650
1768,7690
1768,8057
1768,8066
1768,8539
1768,9065
1768,10409
1768,10492
1768,10888
1768,11312
1768,11920
1768,12192
1768,14878
1768,15646
1768,16625
1769,1858
1769,4158
1769,5096
1769,5425
1769,5806
1769,7532
1769,7577
1769,10627
1769,12942
1769,14024
1769,15235
1769,17904
1769,17911
1770,3983
1770,5576
1770,7413
1770,8704
1770,10046
1770,12567
1770,19944
1771,2282
1771,3150
1771,3774
1771,4319
1771,4847
1771,5109
1771,5203
1771,5370
1771,6258
1771,6282
1771,6573
1771,6702
1771,7546
1771,7956
1771,8597
1771,9227
1771,9280
1771,9521
1771,11275
1771,13944
1771,14604
1771,18105
1771,19022
1772,3721
1772,10857
1772,10887
1772,14382
1772,15415
1773,2876
1773,2922
1773,3437
1773,3471
1773,3668
1773,5099
1773,5264
1773,8816
1773,10561
1773,10874
1773,13713
1773,14372
1773,14510
1773,16784
1773,17435
1773,17679
1773,17859
1774,3620
1774,3853
1774,10169
1774,18090
1775,1953
1775,2815
1775,5576
1775,7015
1775,7179
1775,7424
1775,8417
1775,9656
1775,10094
1775,19980
1776,2184
1776,3833
1776,5273
1776,6386
1776,10213
1776,10250
1776,11719
1776,12652
1776,13406
1776,18907
1776,19739
1777,1930
1777,2990
1777,3018
1777,5581
1777,5595
1777,6298
1777,8166
1777,10750
1777,11304
1777,12805
1777,13878
1777,14521
1777,15527
1777,16107
1777,17656
1777,18376
1777,19529
1778,9202
1778,16511
1779,2424
1779,2786
1779,6358
1779,6394
1779,8907
1779,9977
1779,11879
1779,11959
1779,16062
1779,16247
1779,16701
1779,18591
1779,19485
1780,4933
1780,5147
1780,5208
1780,5876
1780,6615
1780,6710
1780,7379
1780,9294
1780,9745
1780,10837
1780,11591
1780,11874
1780,12472
1780,12846
1780,13436
1780,13583
1780,14236
1780,14525
1780,15875
1780,17411
1780,18799
1780,19015
1780,19178
1781,3322
1781,5760
1781,6316
1781,18314
1782,2489
1782,3697
1782,4350
1782,5890
1782,9635
1782,9674
1782,17551
1782,19445
1782,19873
1783,2492
1783,2798
1783,5065
1783,6406
1783,6419
1783,6805
1783,6972
1783,6993
1783,8807
1783,8885
1783,9145
1783,10637
1783,12265
1783,14015
1783,14625
1783,15353
1783,16692
1783,18605
1783,18839
1783,19203
1784,2047
1784,4776
1784,5266
1784,5753
1784,8266
1785,2905
1785,3727
1785,8838
1785,9630
1785,11265
1785,14961
1785,15594
1785,17296
1785,19441
1786,2517
1786,4080
1786,5376
1786,6449
1786,7669
1786,8532
1786,10231
1786,10394
1786,12826
1786,13642
1786,14021
1786,18634
1787,3031
1787,8007
1787,13968
1787,17575
1788,1897
1788,2236
1788,2646
1788,3791
1788,4487
1788,4600
1788,6448
1788,6768
1788,6922
1788,7073
1788,7199
1788,7210
1788,7775
1788,8786
1788,8818
1788,9354
1788,10278
1788,12856
1788,12935
1788,13550
1788,14760
1788,17414
1788,17616
1788,17654
1788,19169
1788,19373
1789,2374
1789,2497
1789,3750
1789,4078
1789,5936
1789,6223
1789,7799
1789,13916
1790,2639
1790,7508
1790,8369
1790,11990
1790,13023
1790,18542
1791,3460
1791,4957
1791,5929
1791,7703
1791,11698
1791,11785
1791,13353
1791,13994
1791,14795
1791,15934
1791,19597
1792,2963
1792,3025
1792,3573
1792,5696
1792,8435
1792,12070
1792,12178
1793,2663
1793,2741
1793,3616
1793,6537
1793,7350
1794,7277
1794,13942
1794,18472
1794,19978
1795,2533
1795,8449
1795,10606
1795,11326
1795,12341
1795,12559
1796,3074
1796,6604
1796,10466
1796,14390
1797,1832
1797,2444
1797,2637
1797,2745
1797,2972
1797,3581
1797,4139
1797,5503
1797,5633
1797,5733
1797,5768
1797,7194
1797,8889
1797,9281
1797,10737
1797,15705
1797,17291
1798,14208
1799,6226
1799,6421
1799,6644
1799,7601
1799,7891
1799,8446
1799,15966
1799,16942
1799,19142
1800,2209
1800,4410
1800,10380
1800,11817
1800,13446
1800,16220
1800,16764
1801,2253
1801,3113
1801,3732
1801,9235
1801,9811
1801,19106
1802,5294
1802,6298
1802,13719
1802,16415
1802,16859
1802,18630
1803,6520
1803,15154
1803,17213
1804,2350
1804,6104
1804,9595
1804,10712
1804,11515
1804,15980
1805,2758
1805,3660
1805,8436
1805,8639
1805,8982
1805,10676
1805,10944
1805,15590
1805,16269
1805,17504
1805,17683
1806,2245
1806,2467
1806,3094
1806,3205
1806,3927
1806,4143
1806,5615
1806,6210
1806,6764
1806,6890
1806,7741
1806,8569
1806,9482
1806,10928
1806,11395
1806,11631
1806,12405
1806,14527
1806,18681
1807,2300
1807,3903
1807,3981
1807,4451
1807,4533
1807,5149
1807,5383
1807,5517
1807,5874
1807,6424
1807,6436
1807,9164
1807,9627
1807,10675
1807,10852
1807,11877
1807,12600
1807,15426
1807,15630
1807,17467
1807,17721
1807,18816
1808,2332
1808,3942
1808,4369
1808,4692
1808,7876
1808,13712
1808,17193
1809,4110
1809,6790
1809,7486
1809,11568
1809,13257
1810,4303
1810,7126
1810,10120
1810,19764
1811,2750
1811,2772
1811,2807
1811,3041
1811,4950
1811,5922
1811,8764
1811,10876
1811,14680
1811,16324
1812,2262
1812,2426
1812,2474
1812,3063
1812,3221
1812,3383
1812,4609
1812,5414
1812,5694
1812,6391
1812,8253
1812,9994
1812,12266
1812,12967
1812,13997
1812,14319
1812,15649
1812,16997
1812,18398
1813,3199
1813,3262
1813,5405
1813,5661
1813,5983
1813,6321
1813,12460
1813,12497
1813,12519
1813,14082
1813,16532
1813,18621
1814,4296
1814,4647
1814,4713
1814,5460
1814,6617
1814,6635
1814,7277
1814,8359
1814,8680
1814,8777
1814,9907
1814,12403
1814,12448
1814,12608
1814,14615
1814,14978
1814,16566
1814,16747
1814,17370
1814,19124
1815,2051
1815,2989
1815,3968
1815,4362
1815,5897
1815,9220
1815,16192
1816,2063
1816,2135
1816,2514
1816,2777
1816,2925
1816,2929
1816,5810
1816,6155
1816,7648
1816,10635
1816,19724
1817,1866
1817,3393
1817,6651
1817,8827
1817,12743
1817,13009
1817,14820
1817,16398
1818,6381
1818,13619
1818,15512
1818,17042
1818,18292
1818,18968
1818,19562
1819,5130
1819,12304
1820,1950
1820,2272
1820,2414
1820,3709
1820,3937
1820,5230
1820,5846
1820,6121
1820,7120
1820,7225
1820,7960
1820,9804
1820,10360
1820,12699
1820,13193
1820,16896
1820,17450
1821,4251
1821,5263
1821,5391
1821,8937
1821,9336
1821,10815
1821,12511
1821,15124
1822,1951
1822,2015
1822,2233
1822,2623
1822,2626
1822,2965
1822,3431
1822,3662
1822,3692
1822,3713
1822,4129
1822,5315
1822,6621
1822,8051
1822,9537
1822,9626
1822,13879
1822,15278
1822,16526
1822,16979
1822,17144
1822,17232
1822,18784
1823,7132
1823,13644
1823,19641
1824,3092
1824,3556
1824,3939
1824,4981
1824,6535
1824,6589
1824,8064
1824,8483
1824,9018
1824,9137
1824,11546
1824,11668
1824,11708
1824,16985
1824,19743
1825,3829
1825,5582
1825,6059
1825,6401
1825,6818
1825,10862
1825,11485
1825,18568
1826,4893
1826,6123
1826,6171
1826,6429
1826,8145
1826,10880
1826,11304
1826,11961
1826,12839
1826,14726
1826,17277
1827,4246
1827,4854
1827,6756
1827,16401
1827,18302
1827,18908
1828,2805
1828,3855
1828,6061
1828,6829
1828,7066
1828,13102
1828,14652
1828,15328
1828,17970
1828,18862
1828,19904
1829,1875
1829,2854
1829,3368
1829,3612
1829,4382
1829,4534
1829,4764
1829,8515
1829,8715
1829,8790
1829,14647
1830,5291
1830,6586
1830,9576
1830,12062
1830,14716
1831,4653
1831,14461
1831,18079
1832,2898
1832,3671
1832,6021
1832,6626
1832,8644
1832,10410
1832,17815
1833,2647
1833,4553
1833,6275
1833,6739
1833,7790
1833,9502
1833,10624
1833,17062
1834,2054
1834,2399
1834,3954
1834,4808
1834,5117
1834,6198
1834,7744
1834,8192
1834,9603
1834,12559
1834,12888
1834,14257
1834,19511
1835,2732
1835,3909
1835,4725
1835,5257
1835,8948
1835,8959
1835,9060
1835,11706
1835,12368
1835,17471
1835,18031
1836,1913
1836,1918
1836,3723
1836,4188
1836,5223
1836,5560
1836,5744
1836,6107
1836,7763
1836,8115
1836,8304
1836,8348
1836,8981
1836,11106
1836,14253
1836,15356
1836,15533
1836,17213
1837,1932
1837,1993
1837,2178
1837,2418
1837,3019
1837,5533
1837,6519
1837,6587
1837,7973
1837,8010
1837,8384
1837,8748
1837,13082
1837,13436
1837,16287
1838,4004
1838,4090
1838,7535
1838,13831
1838,19624
1839,3616
1839,4535
1839,6160
1839,12926
1839,14526
1839,14643
1839,15214
1839,17017
1839,18265
1840,3299
1840,5060
1840,11829
1840,16633
1841,2839
1841,3009
1841,3042
1841,3382
1841,3517
1841,3866
1841,6333
1841,6983
1841,10910
1841,12074
1841,12563
1841,13376
1841,14262
1841,14445
1841,16027
1841,16351
1841,16465
1841,16700
1841,18071
1841,18135
1841,18731
1841,19892
1842,2455
1842,2476
1842,2954
1842,3934
1842,6284
1842,6693
1842,6853
1842,7183
1842,8159
1842,8735
1842,8748
1842,10526
1842,12917
1842,14841
1842,14966
1842,15839
1842,15980
1842,16384
1842,16660
1842,17563
1842,17856
1842,18956
1842,19622
1843,2990
1843,4876
1843,6181
1843,8740
1843,9321
1843,11730
1843,12059
1843,12544
1843,16586
1844,15656
1844,15780
1845,4724
1845,5682
1845,6531
1845,11278
1845,11787
1845,12293
1845,13028
1845,16185
1845,18367
1845,18978
1846,1878
1846,2101
1846,2634
1846,2680
1846,4946
1846,5963
1846,8108
1846,9043
1846,9109
1846,10064
1846,11265
1846,15065
1846,16912
1846,18068
1846,18847
1847,2962
1847,5716
1847,7226
1847,7276
1847,9980
1847,12171
1847,12561
1848,8687
1848,15308
1848,15683
1848,16199
1848,18060
1849,3542
1849,4091
1849,5964
1849,6091
1849,7352
1849,9308
1849,9838
1849,10624
1849,13001
1849,13621
1849,14320
1849,16132
1849,18745
1850,3526
1850,6576
1850,6696
1850,8914
1850,10362
1850,11805
1850,13029
1850,13420
1850,14256
1851,2249
1851,3232
1851,4145
1851,4970
1851,6582
1851,7756
1851,11189
1852,2659
1852,2747
1852,8127
1852,8906
1852,11339
1852,14190
1852,15613
1852,16770
1853,2698
1853,2866
1853,5447
1853,6063
1853,11766
1853,12013
1853,18465
1854,5748
1854,9000
1854,9790
1854,11019
1854,11030
1854,15936
1854,16718
1855,2427
1855,15846
1855,18460
1856,1974
1856,3053
1856,3445
1856,3769
1856,4587
1856,6760
1856,6761
1856,7029
1856,10439
1856,14564
1857,2676
1857,2830
1857,6054
1857,6865
1857,7034
1857,7056
1857,8816
1857,10183
1857,10314
1857,12126
1857,12571
1857,15887
1857,18767
1858,1926
1858,1974
1858,5261
1858,10584
1858,17902
1859,2009
1859,4363
1859,4771
1859,5969
1859,6503
1859,7189
1859,7850
1859,8534
1859,8664
1859,13038
1859,16739
1859,16794
1859,18676
1859,19113
1860,7228
1860,17921
1861,2644
1861,2663
1861,2957
1861,3258
1861,4259
1861,5407
1861,6372
1861,8139
1861,8789
1861,9367
1861,9454
1861,9949
1861,16719
1861,16923
1861,18583
1862,2442
1862,3235
1862,3678
1862,3909
1862,4179
1862,4811
1862,5424
1862,6264
1862,7020
1862,7194
1862,8954
1862,9165
1862,9577
1862,10029
1862,11455
1862,12300
1862,12977
1862,13727
1862,14515
1862,16301
1862,18517
1863,2531
1863,2625
1863,4024
1863,4424
1863,5725
1863,8337
1863,9239
1863,11244
1863,12318
1863,14872
1863,17744
1863,19772
1864,2058
1864,2265
1864,6788
1864,14095
1864,14683
1864,18442
1865,4200
1865,5214
1865,6495
1865,6534
1865,8284
1865,8298
1865,9108
1865,9476
1865,10000
1865,10491
1865,10514
1865,11296
1865,13335
1865,14561
1865,17694
1865,17756
1865,18330
1865,19757
1866,2059
1866,2465
1866,2638
1866,2884
1866,3043
1866,3229
1866,4359
1866,4815
1866,4901
1866,5387
1866,5812
1866,5893
1866,6681
1866,7007
1866,7450
1866,7644
1866,7747
1866,8901
1866,9878
1866,11246
1866,12890
1866,13328
1866,14623
1866,19189
1867,2802
1867,3301
1867,4596
1867,5034
1867,5839
1867,5955
1867,6301
1867,6982
1867,7672
1867,10947
1867,11617
1867,12366
1867,12477
1867,13088
1867,13666
1867,15558
1867,15857
1867,18320
1868,2284
1868,2449
1868,3060
1868,4200
1868,7222
1868,9297
1868,11291
1868,11673
1868,14523
1868,15865
1868,16096
1868,17620
1868,17913
1869,1973
1869,2734
1869,3141
1869,7701
1869,14304
1869,14831
1870,2842
1870,3197
1870,3250
1870,3272
1870,3466
1870,4070
1870,4306
1870,4798
1870,4903
1870,6149
1870,6155
1870,6447
1870,7579
1870,8197
1870,8672
1870,8686
1870,9408
1870,9867
1870,10303
1870,10412
1870,13772
1870,14600
1870,15321
1870,16069
1870,16157
1870,18205
1870,18618
1870,19052
1871,2360
1871,3465
1871,5569
1871,11152
1871,11593
1871,12336
1872,10993
1872,13658
1873,1933
1873,2475
1873,2731
1873,2818
1873,3875
1873,4683
1873,5052
1873,6213
1873,7560
1873,8013
1873,8545
1873,9931
1873,10808
1873,11712
1873,14920
1873,15701
1873,17178
1873,18046
1873,18655
1873,18791
1874,3195
1874,5964
1874,11296
1874,15464
1874,16640
1874,17832
1875,3149
1875,4285
1875,4445
1875,4592
1875,4861
1875,5082
1875,5766
1875,6426
1875,8766
1875,9069
1875,11670
1875,12026
1875,16053
1875,18368
1876,2879
1876,7612
1876,13076
1876,14457
1876,14555
1876,19199
1877,4054
1877,9729
1877,11386
1877,19320
1878,1920
1878,1983
1878,2002
1878,2181
1878,2341
1878,2517
1878,3047
1878,4715
1878,5439
1878,5471
1878,8674
1878,9628
1878,10798
1878,11806
1878,16481
1878,16825
1878,17178
1878,17601
1879,2259
1879,2415
1879,2507
1879,3022
1879,4878
1879,5994
1879,6060
1879,7456
1879,7567
1879,12317
1879,14741
1879,17586
1880,1906
1880,2920
1880,7272
1880,7360
1880,12908
1881,1908
1881,6622
1881,7282
1881,12336
1882,1926
1882,2225
1882,2434
1882,2892
1882,3627
1882,4211
1882,4545
1882,7350
1882,9335
1882,9362
1882,10077
1882,11815
1882,12762
1882,13625
1882,13867
1882,14265
1882,14555
1882,15742
1882,17926
1882,18405
1882,18975
1882,19392
1883,3152
1883,4328
1883,6271
1883,8818
1883,13328
1883,17306
1884,3486
1884,4028
1884,4782
1884,4796
1884,5343
1884,5429
1884,7780
1884,7844
1884,8420
1884,11806
1884,12839
1884,13712
1884,13862
1884,16349
1884,17162
1885,2203
1885,2559
1885,2921
1885,3368
1885,5232
1885,9134
1885,9301
1885,9344
1885,9856
1885,10393
1885,11805
1885,14032
1885,15376
1885,15540
1885,16257
1885,16505
1885,16548
1885,17499
1885,18511
1886,7419
1886,9379
1886,9701
1886,10224
1886,10612
1886,11847
1886,13305
1886,15953
1886,16106
1887,1894
1887,4168
1887,6353
1887,9472
1887,10475
1887,12782
1887,15421
1887,19369
1888,5080
1888,5633
1888,6384
1888,7707
1888,7943
1888,8180
1888,8829
1888,9987
1888,11426
1888,15069
1888,15939
1888,16535
1888,16938
1888,19252
1889,2611
1889,2835
1889,2870
1889,3690
1889,3711
1889,3845
1889,5000
1889,5023
1889,5586
1889,6931
1889,7798
1889,7830
1889,8290
1889,10268
1889,10756
1889,12828
1889,13277
1889,15036
1889,17843
1889,18324
1889,19743
1890,4303
1890,5662
1890,10456
1890,10458
1890,12916
1890,15141
1890,18332
1891,2565
1891,4205
1891,5760
1891,6393
1891,6557
1891,9740
1891,19104
1892,2075
1892,2709
1892,3536
1892,4191
1892,6588
1892,6646
1892,6777
1892,7801
1892,8174
1892,8726
1892,8766
1892,12738
1892,19697
1893,2130
1893,2564
1893,8602
1893,9176
1893,12741
1893,14124
1893,15052
1893,15121
1893,15210
1893,18814
1894,6071
1894,8429
1894,9813
1894,9828
1894,10992
1894,12157
1895,2239
1895,6393
1895,11336
1895,11421
1895,11825
1895,15316
1895,15345
1896,2598
1896,7266
1896,7709
1896,13810
1896,15335
1896,15695
1896,16776
1897,2636
1897,3204
1897,3851
1897,4133
1897,5037
1897,6584
1897,9939
1897,12106
1897,12632
1898,2397
1898,2509
1898,2584
1898,2951
1898,3698
1898,3977
1898,4608
1898,5037
1898,5333
1898,5519
1898,5907
1898,6629
1898,9238
1898,9973
1898,10329
1898,10457
1898,11080
1898,11522
1898,12883
1898,14291
1898,14976
1898,17462
1898,17659
1899,2660
1899,4331
1899,4385
1899,4950
1899,6010
1899,6838
1899,7158
1899,7491
1899,9051
1899,9081
1899,12145
1899,12251
1899,13556
1899,13786
1899,16170
1899,16455
1900,2477
1900,4926
1900,5934
1900,6354
1900,6547
1900,8270
1900,8654
1900,9161
1900,11965
1900,16098
1900,19841
1901,5102
1901,12421
1901,16290
1901,18800
1902,5834
1902,14405
1902,19017
1903,2642
1903,3506
1903,4009
1903,5511
1903,8273
1903,9372
1903,12702
1903,17891
1904,2866
1904,3221
1904,3442
1904,3973
1904,4046
1904,4230
1904,4704
1904,4931
1904,5044
1904,6341
1904,7760
1904,9040
1904,9201
1904,9573
1904,10677
1904,11124
1904,12300
1904,12909
1904,13001
1904,15719
1904,15880
1904,16488
1904,16599
1904,18474
1904,18749
1905,5040
1905,5707
1905,6581
1905,11982
1905,12250
1906,2210
1906,2670
1906,3835
1906,5180
1906,9955
1906,10595
1906,12542
1906,15855
1906,15856
1906,17828
1907,2711
1907,6884
1907,10799
1907,17280
1907,18767
1907,18854
1908,2396
1908,5129
1908,6818
1908,9891
1908,18727
1909,2498
1909,3266
1909,3732
1909,4001
1909,4060
1909,4143
1909,7685
1909,8359
1909,9387
1909,10043
1909,10253
1909,11260
1909,11287
1909,12041
1909,14761
1909,15241
1909,17526
1910,2357
1910,2405
1910,4298
1910,4519
1910,5335
1910,5456
1910,5635
1910,9699
1910,10774
1910,11615
1910,14413
1910,15991
1911,8025
1911,10926
1911,18021
1911,18395
1912,3381
1912,7625
1912,8481
1912,11353
1912,14948
1912,19483
1912,19512
1913,2166
1913,2493
1913,7387
1913,12110
1913,12249
1913,12708
1913,13355
1913,14804
1913,14993
1913,15099
1913,16213
1913,16917
1913,17390
1914,2742
1914,3304
1914,3438
1914,3807
1914,3811
1914,3897
1914,4009
1914,4066
1914,5414
1914,5671
1914,7289
1914,8531
1914,9033
1914,9597
1914,9720
1914,10610
1914,11043
1914,11189
1914,11404
1914,15476
1914,16173
1914,16281
1914,19133
1915,2624
1915,5286
1915,7068
1916,2581
1916,5300
1916,6524
1916,7094
1916,10330
1916,12961
1916,14431
1917,2003
1917,4136
1917,5176
1917,7468
1917,8777
1917,16410
1917,16902
1917,17266
1917,18907
1917,19238
1918,2028
1918,2033
1918,2038
1918,3851
1918,4769
1918,6466
1918,7064
1918,9982
1918,12565
1918,12939
1918,13409
1918,15127
1918,16701
1918,17079
1918,18163
1919,2327
1919,3974
1919,4836
1919,6439
1919,8522
1920,2678
1920,3515
1920,3849
1920,4030
1920,5666
1920,7145
1920,7562
1920,7670
1920,8661
1920,11727
1920,13294
1920,18087
1921,3173
1921,3632
1921,3748
1921,6600
1921,6719
1921,8885
1921,13059
1921,15410
1921,16556
1921,19234
1922,2655
1922,3059
1922,4327
1922,6181
1922,7105
1922,10055
1922,10726
1922,11953
1922,12549
1923,4870
1923,5057
1923,7418
1923,17129
1923,17437
1923,19863
1924,3446
1924,5039
1924,8049
1924,13394
1924,17380
1925,1950
1925,2150
1925,2211
1925,3017
1925,3337
1925,4397
1925,5872
1925,7103
1925,7304
1925,7413
1925,7978
1925,9762
1925,12804
1925,13904
1925,15500
1925,17089
1925,19195
1925,19738
1926,2005
1926,3102
1926,7646
1926,7703
1926,8040
1926,8304
1926,9847
1926,13398
1926,13847
1926,15797
1926,16424
1926,16959
1926,17396
1926,19859
1927,2225
1927,3035
1927,3068
1927,3080
1927,3662
1927,4546
1927,5231
1927,5679
1927,6984
1927,7682
1928,3242
1928,15231
1929,2026
1929,2994
1929,6339
1929,7335
1929,9515
1929,10336
1929,11948
1929,13140
1929,17980
1929,19507
1930,3315
1930,4003
1930,11574
1931,4109
1931,12104
1931,12801
1931,17112
1931,19664
1932,2141
1932,2781
1932,4156
1932,4413
1932,6827
1932,12835
1933,2761
1933,7298
1933,17030
1933,18246
1934,1937
1934,2325
1934,2711
1934,3274
1934,4063
1934,4931
1934,8899
1934,10810
1934,14704
1934,14983
1934,16188
1934,19059
1935,2641
1935,9217
1935,9494
1935,12859
1936,2860
1936,2996
1936,3095
1936,3294
1936,6176
1936,6833
1936,6908
1936,10948
1936,12551
1936,13754
1936,14001
1936,14578
1936,15609
1936,16280
1936,18322
1937,4577
1937,5074
1937,6168
1937,7660
1937,8013
1937,11322
1937,16586
1938,2195
1938,3126
1938,5454
1938,6946
1938,8156
1938,8388
1938,8642
1938,9240
1938,12032
1939,5791
1939,8104
1939,18501
1940,2198
1940,10908
1940,11675
1940,11904
1940,12937
1941,3956
1941,4058
1941,4685
1941,9577
1941,9830
1941,11385
1941,13305
1941,16073
1942,3362
1942,6111
1942,9985
1943,5100
1943,8495
1943,10009
1943,12976
1943,16339
1943,16626
1944,4897
1944,5774
1944,6079
1944,9658
1944,14064
1944,14391
1944,17303
1945,2193
1945,2262
1945,3578
1945,5338
1945,6112
1945,14303
1945,14481
1945,15798
1945,17095
1945,17580
1945,17685
1945,17998
1945,18066
1946,1986
1946,2126
1946,2991
1946,5930
1946,6616
1946,8080
1946,8586
1946,9549
1946,9790
1946,14311
1946,14786
1946,19779
1947,1998
1947,2226
1947,4057
1947,5935
1947,6380
1947,7657
1947,11224
1947,12064
1947,16179
1947,18925
1948,4867
1948,5686
1948,6065
1948,7151
1948,7340
1948,10081
1948,13473
1948,13854
1948,14144
1948,15215
1948,19882
1949,2861
1949,3540
1949,4107
1949,4559
1949,6897
1949,8378
1949,10907
1949,11729
1949,14852
1949,14985
1949,15660
1949,17022
1949,17242
1950,5701
1950,6022
1950,11501
1950,13559
1950,13919
1950,15327
1950,16972
1951,2607
1951,2889
1951,4756
1951,10378
1951,11921
1951,13660
1951,14397
1951,15135
1951,16487
1952,2676
1952,2985
1952,3229
1952,3426
1952,3881
1952,4691
1952,5843
1952,7033
1952,7048
1952,7591
1952,7644
1952,7725
1952,8171
1952,8812
1952,9070
1952,9385
1952,9761
1952,10403
1952,17412
1952,19663
1953,12112
1953,19409
1954,3881
1954,5131
1954,5835
1954,6044
1954,9191
1954,13940
1954,14797
1954,15450
1954,16361
1955,4322
1955,12867
1955,14316
1955,15295
1955,15625
1955,18030
1955,19111
1955,19871
1956,5405
1956,6402
1956,6427
1956,6848
1956,8420
1956,12301
1956,15141
1956,18912
1957,2524
1957,4963
1957,6374
1957,6798
1957,7873
1957,9716
1957,9959
1957,10108
1957,12416
1957,18276
1958,2616
1958,4136
1958,5437
1958,5895
1958,6675
1958,9703
1958,11083
1958,11706
1958,12430
1958,12872
1958,13291
1958,13712
1958,14899
1958,16598
1958,17344
1958,19275
1958,19741
1959,5792
1959,5873
1959,6118
1959,15960
1959,16168
1960,3084
1960,3761
1960,4004
1960,4049
1960,5048
1960,6373
1960,9239
1960,9409
1960,9723
1960,10524
1960,11495
1960,16687
1960,16926
1960,17188
1960,18503
1961,2304
1961,2425
1961,2476
1961,3607
1961,5234
1961,8541
1961,12794
1961,16163
1961,18679
1962,4408
1962,6037
1962,6730
1962,7567
1962,7817
1962,8861
1962,12200
1962,18552
1963,3302
1963,4534
1963,5017
1963,7662
1963,7679
1963,8008
1963,8165
1963,12235
1963,13638
1963,15263
1963,19341
1964,2118
1964,6101
1964,8637
1964,14974
1964,17973
1964,18761
1965,2876
1965,3300
1965,6134
1965,9093
1965,11064
1965,11926
1965,13822
1965,16080
1965,17936
1965,18941
1965,19348
1965,19746
1966,2961
1966,5167
1966,7093
1966,7673
1966,10661
1966,11139
1966,11325
1966,12314
1966,19114
1967,3762
1967,5600
1967,7957
1967,11992
1967,15829
1967,18074
1967,18293
1968,3130
1968,3182
1968,4049
1968,5189
1968,5660
1968,6926
1968,7930
1968,9716
1968,11259
1968,12436
1968,16579
1968,16734
1969,1995
1969,2025
1969,2368
1969,2383
1969,2477
1969,2956
1969,3195
1969,3874
1969,4463
1969,5490
1969,5672
1969,5736
1969,6237
1969,6696
1969,6908
1969,7899
1969,8098
1969,9402
1969,9500
1969,10386
1969,12538
1969,12741
1969,12991
1969,14006
1969,16024
1969,16358
1969,16361
1969,16374
1970,1989
1970,2109
1970,2506
1970,2719
1970,2844
1970,3341
1970,5035
1970,5536
1970,5911
1970,6035
1970,7221
1970,7423
1970,11076
1970,11086
1970,11099
1970,11571
1970,13326
1970,13774
1970,14229
1970,14899
1970,14939
1970,15291
1970,15432
1971,3514
1971,3956
1971,4102
1971,4150
1971,5271
1971,6256
1971,6552
1971,7173
1971,7297
1971,7469
1971,8084
1971,10492
1971,11171
1971,13629
1971,15490
1971,18427
1972,2816
1972,3547
1972,3838
1972,4304
1972,5101
1972,5488
1972,9440
1972,10175
1972,15142
1972,15990
1972,16578
1973,8161
1973,9887
1973,9901
1973,13237
1973,19687
1974,2465
1974,2912
1974,3792
1974,5418
1974,6435
1974,6999
1974,8640
1974,8709
1974,13072
1975,2200
1975,2563
1975,2736
1975,3276
1975,3333
1975,5055
1975,6319
1975,8356
1975,10932
1975,11608
1975,11913
1975,13368
1975,16160
1975,16340
1975,17283
1976,2392
1976,2557
1976,5069
1976,11452
1976,17953
1976,19461
1977,4718
1977,8992
1977,11099
1978,2766
1978,4408
1978,5941
1978,6341
1978,7761
1978,8175
1978,18181
1979,4850
1979,5375
1979,5553
1979,8122
1979,8340
1979,9572
1979,13983
1979,14995
1979,15535
1979,16721
1979,18760
1980,2059
1980,2168
1980,2175
1980,3547
1980,4265
1980,4283
1980,5253
1980,5438
1980,5684
1980,6831
1980,7689
1980,7865
1980,8831
1980,8862
1980,9250
1980,9547
1980,9672
1980,12057
1980,12298
1980,16094
1980,19645
1981,2004
1981,2365
1981,2423
1981,3205
1981,6491
1981,9286
1981,12471
1981,14262
1982,2252
1982,3120
1982,4261
1982,4854
1982,5703
1982,5716
1982,8615
1982,9993
1982,10616
1982,15030
1982,16524
1982,16995
1982,17359
1982,17419
1982,17434
1983,2550
1983,2684
1983,6355
1983,17862
1984,2412
1984,3617
1984,4246
1984,4382
1984,4389
1984,4502
1984,4712
1984,4879
1984,7544
1984,8364
1984,10049
1984,10198
1984,10389
1984,10705
1984,10935
1984,11640
1984,12292
1984,12571
1984,17343
1984,19256
1985,2381
1985,2978
1985,3381
1985,3642
1985,5036
1985,5986
1985,8170
1985,8463
1985,9693
1985,10657
1985,12589
1985,13674
1985,16124
1985,16577
1986,2074
1986,2325
1986,2996
1986,6469
1986,14763
1986,16001
1987,2349
1987,2419
1987,3821
1987,5608
1987,6110
1987,6239
1987,6248
1987,6335
1987,7679
1987,10102
1987,15029
1987,19162
1988,2147
1988,3007
1988,3433
1988,3520
1988,3522
1988,4516
1988,5727
1988,7730
1988,8254
1988,9985
1988,10174
1988,10823
1988,11870
1988,12206
1988,12520
1988,12793
1988,15958
1988,16648
1988,17533
1988,19809
1989,2942
1989,3645
1989,4937
1989,5626
1989,9820
1989,14796
1989,15707
1990,2137
1990,5066
1990,8600
1990,13231
1991,9934
1992,2531
1992,3680
1992,5374
1992,6816
1992,7157
1992,7720
1992,8242
1992,13707
1992,14636
1992,14943
1993,2090
1993,2442
1993,2821
1993,2986
1993,3155
1993,3214
1993,3614
1993,3693
1993,3891
1993,4633
1993,4866
1993,5000
1993,6480
1993,6627
1993,6779
1993,8000
1993,8342
1993,9158
1993,10961
1993,11586
1993,14927
1993,15315
1993,15852
1993,15998
1993,17959
1993,19941
1994,2180
1994,2340
1994,2547
1994,3290
1994,3729
1994,4565
1994,4575
1994,5076
1994,6098
1994,10216
1994,10579
1994,10778
1994,11861
1994,12001
1994,12839
1994,14242
1994,14869
1994,18323
1994,18439
1995,2260
1995,2555
1995,3023
1995,3650
1995,6212
1995,7371
1995,7657
1995,9091
1995,9936
1995,11042
1995,13955
1995,14270
1995,14381
1995,17436
1995,18937
1995,19247
1995,19366
1995,19738
1995,19783
1996,2059
1996,2363
1996,2559
1996,3330
1996,3568
1996,4053
1996,5112
1996,5245
1996,6287
1996,7062
1996,7547
1996,8524
1996,8871
1996,9634
1996,10515
1996,11188
1996,13043
1996,13993
1996,14853
1996,15423
1996,15617
1996,16483
1996,18451
1996,18780
1996,18982
1997,2122
1997,2755
1997,4592
1997,6300
1997,7884
1997,12788
1997,13572
1997,15036
1997,17604
1998,6041
1998,6076
1998,11106
1999,2266
1999,2438
1999,2787
1999,2855
1999,3166
1999,4410
1999,4855
1999,6846
1999,6958
1999,7864
1999,7930
1999,8694
1999,10959
1999,15155
1999,15547
1999,15841
1999,16522
1999,17299
1999,19779
2000,2825
2000,4192
2000,5029
2000,6818
2000,7358
2000,9588
2000,9599
2000,11489
2000,12005
2000,13653
2000,15325
2000,15361
2000,16886
2000,17880
2001,2133
2001,3143
2001,3162
2001,3421
2001,5001
2001,5335
2001,5722
2001,6703
2001,11117
2001,11956
2001,14969
2001,15196
2001,15797
2001,17165
2001,17562
2001,17634
2002,3194
2002,4208
2002,4519
2002,10208
2002,12689
2002,13389
2002,19844
2003,2747
2003,5837
2003,7451
2003,13070
2003,17842
2003,18180
2003,19368
2004,2807
2004,5049
2004,5623
2004,6917
2004,9188
2004,14657
2004,16506
2004,18488
2005,3105
2005,5090
2006,5238
2006,5356
2006,5393
2006,6226
2006,7945
2006,8041
2006,8448
2006,8572
2006,17671
2007,2740
2007,2858
2007,2898
2007,3245
2007,4456
2007,4965
2007,8030
2007,14693
2007,16104
2007,16748
2007,18409
2008,2351
2008,5113
2008,9611
2008,13249
2009,3449
2009,11383
2009,13101
2010,3340
2010,4469
2010,8388
2010,10438
2011,2643
2011,2749
2011,3290
2011,3843
2011,4310
2011,4681
2011,4817
2011,7608
2011,8601
2011,8819
2011,10764
2011,10996
2011,14648
2011,14972
2011,16117
2011,17408
2012,2580
2012,2688
2012,3252
2012,3699
2012,3923
2012,4701
2012,4709
2012,5260
2012,6030
2012,6476
2012,6568
2012,6996
2012,7138
2012,7771
2012,7830
2012,10365
2012,10714
2012,11178
2012,13709
2012,14553
2012,14982
2012,15380
2012,15582
2012,16104
2012,16213
2012,16436
2012,18688
2012,18930
2013,2077
2013,14220
2013,19486
2014,2900
2014,2921
2014,3519
2014,10367
2014,16698
2015,4194
2015,6723
2015,12639
2015,13237
2015,13598
2015,13918
2015,14643
2015,17010
2015,17262
2015,18169
2015,18863
2016,2532
2016,2951
2016,2977
2016,3032
2016,4276
2016,4474
2016,5032
2016,6017
2016,6441
2016,7884
2016,8574
2016,8967
2016,9639
2016,10842
2016,11874
2016,11942
2016,16557
2017,3450
2017,4107
2017,5360
2017,7129
2017,10801
2017,11109
2017,16968
2017,17720
2018,3127
2018,5075
2018,5096
2018,5377
2018,6123
2018,6299
2018,9938
2019,2029
2019,2999
2019,4837
2019,5642
2019,7419
2019,8107
2019,8466
2019,9903
2019,10298
2019,12093
2019,16077
2019,18381
2020,2669
2020,2935
2020,2975
2020,3357
2020,3504
2020,4173
2020,4713
2020,5376
2020,5987
2020,7337
2020,7959
2020,8265
2020,10629
2020,11896
2020,12241
2020,13235
2020,14683
2020,17241
2020,18294
2020,18834
2021,2287
2021,2870
2021,3310
2021,4004
2021,4594
2021,4617
2021,4735
2021,5412
2021,6577
2021,7187
2021,7859
2021,8244
2021,9661
2021,9720
2021,12046
2021,12355
2021,13241
2021,13746
2021,14528
2021,17345
2021,18780
2021,18961
2022,2380
2022,8263
2022,11154
2022,12469
2022,12805
2022,16897
2023,2026
2023,3291
2023,3561
2023,3800
2023,3874
2023,4228
2023,5022
2023,5705
2023,7048
2023,8232
2023,10773
2023,10869
2023,11327
2023,12012
2023,14033
2024,2114
2024,2565
2024,3567
2024,6474
2024,7873
2024,9136
2024,10484
2024,17511
2025,2856
2025,3075
2025,5801
2025,7696
2025,8354
2025,8779
2025,10598
2025,10689
2025,12744
2025,13280
2025,15776
2025,17119
2026,3014
2026,3319
2026,3724
2026,4415
2026,5095
2026,6780
2026,7097
2026,7125
2026,7678
2026,8057
2026,8331
2026,9365
2026,9457
2026,12372
2026,12550
2026,15359
2026,15420
2026,16035
2026,17194
2026,18636
2026,19873
2027,3139
2027,7400
2027,14078
2028,2306
2028,2462
2028,4808
2028,4809
2028,5311
2028,6149
2028,9054
2028,18413
2028,19649
2029,2573
2029,2810
2029,4718
2029,5581
2029,8981
2029,11594
2029,13687
2029,14327
2029,14907
2029,15712
2029,17084
2029,17324
2029,19412
2030,5361
2030,6275
2030,7987
2030,8560
2030,8775
2030,8823
2030,10385
2030,11018
2030,11429
2030,11886
2030,16439
2030,17347
2030,18669
2030,19659
2031,2732
2031,3241
2031,8645
2031,9865
2031,14070
2031,14102
2032,3193
2032,6478
2032,6894
2032,9289
2032,11178
2032,11220
2032,11621
2032,13282
2032,14023
2032,14185
2033,3999
2033,4061
2033,5229
2033,5975
2033,6671
2033,7500
2033,10149
2033,10452
2033,13235
2033,15386
2033,17706
2033,18488
2034,3460
2034,7753
2034,8133
2034,8388
2034,9456
2034,12150
2034,16610
2034,17748
2035,2115
2035,2450
2035,3251
2035,3609
2035,5458
2035,8183
2035,10177
2035,12705
2035,15684
2035,16559
2035,19072
2036,4869
2036,5503
2036,8475
2036,9562
2037,2494
2037,12448
2037,12949
2037,12973
2038,2454
2038,2762
2038,3772
2038,4056
2038,5381
2038,6602
2038,7270
2038,8746
2038,9696
2038,9985
2038,12628
2038,18057
2039,2671
2039,3874
2039,5233
2039,5874
2039,7115
2039,7702
2039,9068
2039,10160
2039,11334
2039,11725
2039,11868
2039,12011
2039,12127
2039,12796
2039,13338
2039,13542
2039,13589
2039,13967
2039,14074
2039,15800
2039,17864
2039,19979
2040,3561
2040,4314
2040,4423
2040,6617
2040,6928
2040,7987
2040,9430
2040,11917
2040,12974
2040,13323
2040,15243
2040,17677
2040,18762
2041,2790
2041,4433
2041,4971
2041,7161
2041,7259
2041,11480
2041,12911
2041,13483
2041,14841
2041,17225
2041,19363
2042,2775
2042,2823
2042,2930
2042,5398
2042,6376
2042,6853
2042,11381
2042,11830
2042,11975
2042,15399
2042,15725
2043,2618
2043,7530
2043,11058
2043,11659
2043,15990
2043,17105
2044,4027
2044,6831
2044,7695
2044,8593
2044,9066
2044,16499
2044,19129
2045,3346
2045,3684
2045,5291
2045,6229
2045,9198
2045,10592
2045,11097
2045,12802
2045,13709
2045,14039
2045,15309
2045,16366
2045,17051
2045,17467
2045,19433
2046,5337
2046,6460
2046,6717
2046,13718
2047,2440
2047,3438
2047,4627
2047,12487
2047,13702
2048,2683
2048,6501
2048,7905
2048,9330
2048,14277
2048,17292
2049,6334
2049,12801
2049,14626
2050,3174
2050,6145
2050,6647
2050,7174
2050,7399
2050,9522
2050,11592
2050,12238
2050,14774
2050,16275
2050,16823
2050,17834
2051,2102
2051,2451
2051,5624
2051,6153
2051,8634
2051,9172
2051,10278
2051,12007
2051,12767
2051,14164
2051,16910
2051,17772
2051,18918
2052,2985
2052,3173
2052,10009
2052,10356
2052,11293
2052,11324
2052,13066
2052,13277
2052,13688
2052,15089
2052,16520
2052,17220
2053,2921
2053,3022
2053,4804
2053,5091
2053,6445
2053,7342
2053,7793
2053,9035
2053,10505
2053,14624
2053,15789
2053,16937
2053,16957
2053,17004
2053,19757
2054,2733
2054,3197
2054,12809
2054,16006
2054,17404
2054,17590
2055,3398
2055,4641
2055,5686
2055,5809
2055,9050
2055,15840
2055,16064
2056,2891
2056,2970
2056,3698
2056,4613
2056,5155
2056,5578
2056,6186
2056,11696
2056,13751
2056,14066
2056,15857
2056,19589
2057,3254
2057,4936
2057,5376
2057,6040
2057,8761
2057,8864
2057,9190
2057,9623
2057,9915
2057,9974
2057,13784
2057,17879
2058,2101
2058,7331
2058,8097
2058,8317
2058,10610
2058,13872
2059,4397
2059,5927
2059,6731
2059,6826
2059,7433
2059,9761
2059,10827
2059,11488
2059,14073
2060,2368
2060,2514
2060,2522
2060,3450
2060,4059
2060,4077
2060,4217
2060,4501
2060,4969
2060,6158
2060,7007
2060,7111
2060,7670
2060,7975
2060,9297
2060,11791
2060,11931
2060,12131
2060,12288
2060,12499
2060,12630
2060,14487
2060,14728
2060,16695
2060,16984
2060,17102
2060,19266
2061,4784
2061,13773
2061,14055
2062,3305
2062,3798
2062,4108
2062,4833
2062,6183
2062,7045
2062,7572
2062,8642
2062,10200
2062,10762
2062,16945
2063,2663
2063,2681
2063,3574
2063,3977
2063,4561
2063,5034
2063,6185
2063,8027
2063,8793
2063,10064
2063,12386
2063,13454
2063,16396
2063,16946
2063,17955
2063,18158
2064,5505
2064,8813
2064,8889
2064,9757
2064,11401
2064,11832
2064,13004
2064,14811
2064,18484
2065,2311
2065,2516
2065,2987
2065,3422
2065,6543
2065,9038
2065,9078
2065,10305
2065,11154
2065,12229
2065,13352
2065,13371
2065,14829
2066,3219
2066,3447
2066,6023
2066,7366
2066,9742
2066,10286
2066,12613
2066,14878
2066,18613
2066,19981
2067,2248
2067,2328
2067,3070
2067,3826
2067,4413
2067,4823
2067,5617
2067,7428
2067,10091
2067,11694
2067,13711
2067,13994
2067,14926
2068,2123
2068,2334
2068,2357
2068,5725
2068,5973
2068,10392
2068,10663
2068,13446
2068,14960
2068,15500
2068,19855
2069,4011
2069,4320
2069,5622
2069,6055
2069,6355
2069,7079
2069,10213
2069,11777
2069,14223
2069,14521
2069,14556
2069,16223
2070,3838
2070,4892
2070,5878
2070,6685
2070,9021
2070,10563
2070,10953
2070,10976
2070,12712
2070,15165
2070,18876
2071,3291
2071,3321
2071,5108
2071,6247
2071,7083
2071,8988
2071,9345
2071,9587
2071,13486
2071,13852
2071,15267
2071,16120
2071,16305
2071,16882
2071,17298
2072,2146
2072,2203
2072,2900
2072,3058
2072,3505
2072,4764
2072,5757
2072,6535
2072,8073
2072,8547
2072,8836
2072,9109
2072,12286
2072,14451
2072,14583
2072,15121
2072,17601
2072,19942
2073,2719
2073,3169
2073,7504
2073,10900
2073,11960
2073,15974
2073,19491
2074,4948
2074,5269
2074,7068
2074,7345
2074,8579
2074,9627
2074,11242
2074,15075
2074,16008
2074,17321
2074,19298
2075,4424
2075,5111
2075,7682
2075,13396
2075,14170
2076,3023
2076,4519
2076,10646
2076,15889
2076,15996
2076,16512
2076,18447
2077,8155
2077,18777
2078,3138
2078,4492
2078,5077
2078,5452
2078,8265
2078,8962
2078,12591
2079,2249
2079,3184
2079,8404
2079,13384
2079,13629
2079,17862
2080,2497
2080,3551
2080,3719
2080,4350
2080,4718
2080,6605
2080,9424
2080,10191
2080,10608
2080,10868
2080,13901
2080,14249
2080,14817
2080,15174
2080,17639
2080,17762
2081,2177
2081,3008
2081,3328
2081,6254
2081,7323
2081,8213
2081,10138
2081,10706
2081,11453
2081,12383
2081,13044
2081,17821
2082,2494
2082,3119
2082,3147
2082,3771
2082,3869
2082,5028
2082,5495
2082,5593
2082,6157
2082,9571
2082,10811
2082,11177
2082,15466
2082,18412
2082,19352
2082,19457
2083,2125
2083,16491
2084,2270
2084,4178
2084,4191
2084,4196
2084,8401
2084,16722
2084,18894
2084,19470
2085,2144
2085,2220
2085,3275
2085,5987
2085,8109
2085,9332
2085,11647
2085,19475
2086,2111
2086,3041
2086,5880
2086,8186
2086,9089
2086,10149
2087,2130
2087,2269
2087,5598
2087,6132
2087,6395
2087,6746
2087,7880
2087,8292
2087,9718
2087,10464
2087,13079
2087,13086
2087,13580
2087,15878
2087,16654
2087,17270
2087,19366
2088,3134
2088,3472
2088,4565
2088,5825
2088,5862
2088,11009
2088,13346
2088,14527
2088,15904
2088,16869
2088,17966
2089,2154
2089,2510
2089,2690
2089,2918
2089,3185
2089,6782
2089,7192
2089,8173
2089,8827
2089,8905
2089,10237
2089,10753
2089,10855
2089,11672
2089,13971
2089,16434
2090,4149
2090,5800
2090,6115
2090,6222
2090,10138
2090,13185
2090,13926
2090,14947
2090,17120
2091,2616
2091,2993
2091,3237
2091,3545
2091,4119
2091,4338
2091,4567
2091,4785
2091,5158
2091,5307
2091,5566
2091,6579
2091,6673
2091,6681
2091,7224
2091,7298
2091,7748
2091,8328
2091,8776
2091,8935
2091,10853
2091,12716
2091,13251
2091,14566
2091,14640
2091,17709
2092,3518
2092,4880
2092,5086
2092,5294
2092,5679
2092,7184
2092,7747
2092,9945
2092,10646
2092,11349
2092,11447
2092,11498
2092,14508
2092,18852
2092,19822
2093,2721
2093,3030
2093,5062
2093,5609
2093,6459
2093,6543
2093,7411
2093,7499
2093,7797
2093,7820
2093,8009
2093,9408
2093,10668
2093,11886
2093,12160
2093,12915
2093,15473
2093,16631
2093,18728
2094,2805
2094,2901
2094,3143
2094,4941
2094,5624
2094,6995
2094,10143
2094,11295
2094,15182
2094,15208
2094,18300
2094,18733
2094,19056
2095,2176
2095,2184
2095,5963
2095,7191
2095,9628
2095,9702
2095,9787
2095,15714
2096,2426
2096,2523
2096,3282
2096,3300
2096,7971
2097,3251
2097,4488
2097,5991
2097,6246
2097,6848
2097,7825
2097,12388
2097,14639
2097,14681
2097,17435
2097,19989
2098,2482
2098,3596
2098,4240
2098,4583
2098,6361
2098,6633
2098,7276
2098,7376
2098,9060
2098,9649
2098,11399
2098,16860
2098,18597
2098,19183
2099,2265
2099,3651
2099,5054
2099,5276
2099,6675
2099,7411
2099,7969
2099,9700
2099,10573
2099,10750
2099,12490
2099,14199
2099,16549
2099,18772
2100,2346
2100,4739
2100,6356
2100,8859
2100,12894
2100,15786
2100,18492
2101,3820
2101,5203
2101,6841
2101,9115
2101,9438
2101,9560
2101,10080
2101,11882
2101,12140
2101,14063
2101,16309
2101,16613
2101,17271
2101,17520
2102,2254
2102,2464
2102,4147
2102,5463
2102,6341
2102,6698
2102,7060
2102,8623
2102,12927
2102,13060
2102,18848
2103,6611
2103,7659
2103,8526
2103,8896
2103,13110
2103,14206
2103,17383
2103,18904
2103,19188
2104,3534
2104,4042
2104,5649
2104,6188
2104,6194
2104,6783
2104,10378
2104,10806
2104,12434
2104,19665
2105,2141
2105,2573
2105,3444
2105,4196
2105,4200
2105,4687
2105,5782
2105,7054
2105,7438
2105,9539
2105,10358
2105,13475
2105,18756
2106,2224
2106,3207
2106,3515
2106,3630
2106,4247
2106,7560
2106,9034
2106,13549
2106,15074
2106,16245
2106,17011
2106,17173
2107,3020
2107,4214
2107,6343
2107,6611
2107,8691
2107,12739
2107,15602
2107,17041
2107,18214
2107,18398
2108,2117
2108,3225
2108,4760
2108,4791
2108,5088
2108,5208
2108,6243
2108,10357
2108,12539
2108,15973
2108,16669
2108,17775
2109,3050
2109,3702
2109,13550
2109,13751
2109,14336
2110,3274
2110,3792
2110,5607
2110,5688
2110,10863
2110,16783
2110,16892
2111,2285
2111,6574
2111,8725
2111,14657
2111,18038
2112,3569
2112,3984
2112,5325
2112,7056
2112,7574
2112,9347
2112,12814
2112,15531
2113,2119
2113,4947
2113,4989
2113,5175
2113,7417
2113,7451
2113,8804
2113,11307
2113,19948
2114,2317
2114,2454
2114,3242
2114,3369
2114,8132
2114,12876
2114,12964
2114,14927
2114,15726
2114,16471
2114,19489
2114,19496
2114,19646
2115,3728
2115,5178
2115,5435
2115,8934
2115,9305
2115,15058
2115,16125
2115,16391
2115,17703
2115,17808
2115,18366
2115,18392
2115,18678
2116,2150
2116,2367
2116,2509
2116,3863
2116,6329
2116,10920
2116,12116
2116,13718
2116,18271
2117,2568
2117,2994
2117,3317
2117,4815
2118,2364
2118,2550
2118,2699
2118,2707
2118,2973
2118,3355
2118,3969
2118,4282
2118,5247
2118,5664
2118,6916
2118,8865
2118,8914
2118,10252
2118,11578
2118,12079
2118,13073
2118,13459
2118,14583
2118,17724
2119,2147
2119,4237
2119,4411
2119,4950
2119,5319
2119,5726
2119,6098
2119,6232
2119,7798
2119,9719
2119,11276
2119,12535
2119,14318
2119,17416
2119,18837
2120,3582
2120,3657
2120,5740
2120,7704
2120,8083
2120,8831
2120,8842
2120,9223
2120,9369
2120,12464
2120,14173
2121,3061
2121,4016
2121,4108
2121,6182
2121,6703
2121,7715
2121,7949
2121,9034
2121,10612
2121,13920
2122,2560
2122,2609
2122,5130
2122,6500
2122,6772
2122,18887
2123,2421
2123,3334
2123,3559
2123,4625
2123,5188
2123,6428
2123,7341
2123,14965
2123,16404
2123,18324
2123,19539
2124,6829
2124,6888
2124,11937
2124,11984
2124,14758
2124,16851
2124,17987
2125,2588
2125,3020
2125,3825
2125,5070
2125,6028
2125,6288
2125,8085
2125,8582
2125,10152
2125,10353
2125,11296
2125,12119
2125,12687
2125,12894
2125,13547
2125,13851
2125,13980
2125,14100
2125,16270
2125,16659
2125,17363
2125,19613
2126,2361
2126,3025
2126,3287
2126,3944
2126,10095
2126,10698
2126,14748
2126,16076
2126,16359
2126,17085
2126,19306
2127,2250
2127,2666
2127,3072
2127,3585
2127,4500
2127,4732
2127,4733
2127,5092
2127,5323
2127,6475
2127,6842
2127,6992
2127,7303
2127,7781
2127,8560
2127,8823
2127,8839
2127,10085
2127,12441
2127,12736
2127,13388
2127,14819
2127,15289
2127,16449
2127,17698
2127,18357
2127,19291
2128,9393
2128,10246
2128,10868
2128,11212
2129,2598
2129,3244
2129,9295
2129,12705
2129,13271
2129,13602
2129,14169
2129,14635
2129,14687
2130,3549
2130,4167
2130,6185
2130,7253
2130,9190
2130,14560
2130,18235
2131,3302
2131,3394
2131,4572
2131,4916
2131,11834
2132,2862
2132,9409
2132,10319
2132,15114
2133,2495
2133,3003
2133,3219
2133,4869
2133,7472
2133,7594
2133,12732
2133,14813
2133,16246
2133,17297
2133,17837
2133,17965
2134,2675
2134,2779
2134,3249
2134,4071
2134,4454
2134,5931
2134,9197
2134,10304
2134,12379
2134,16385
2135,2221
2135,2326
2135,2448
2135,2975
2135,3616
2135,3902
2135,4227
2135,4513
2135,4761
2135,5064
2135,5354
2135,5502
2135,5538
2135,5814
2135,6001
2135,6109
2135,6520
2135,7290
2135,7969
2135,8809
2135,9186
2135,9555
2135,12021
2135,12907
2135,13950
2135,14169
2135,14710
2135,14967
2135,16592
2135,16793
2135,17174
2135,18623
2135,19092
2135,19423
2136,4174
2136,7354
2136,7595
2136,8175
2136,11570
2136,13439
2136,14697
2137,2145
2137,3260
2137,3585
2137,3816
2137,4217
2137,13016
2137,14202
2137,19125
2137,19296
2137,19980
2138,2213
2138,5654
2138,7088
2138,13089
2138,16738
2139,8678
2139,9720
2139,10633
2140,5459
2140,8105
2140,14556
2140,16017
2141,2964
2141,3011
2141,3492
2141,3907
2141,4148
2141,5290
2141,5787
2141,7821
2141,8632
2141,12376
2142,3565
2142,6680
2142,6952
2142,9864
2142,10974
2142,11572
2142,19130
2143,2234
2143,2420
2143,3860
2143,4159
2143,4288
2143,4675
2143,5669
2143,7546
2143,8680
2143,8979
2143,9336
2143,9963
2143,11107
2143,11689
2143,13915
2143,14987
2143,15515
2143,16878
2143,18493
2144,2800
2144,3583
2144,3789
2144,9844
2144,11554
2144,19037
2145,2742
2145,2840
2145,3054
2145,3318
2145,4268
2145,4275
2145,4727
2145,4989
2145,5042
2145,5763
2145,6192
2145,6905
2145,11535
2145,12106
2145,12144
2145,12210
2145,13060
2145,13210
2145,14522
2145,17461
2145,19251
2145,19676
2146,2772
2146,3671
2146,4175
2146,4850
2146,4984
2146,5681
2146,5747
2146,6465
2146,8970
2146,9163
2146,9181
2146,9198
2146,9596
2146,12213
2146,13229
2146,13624
2146,13878
2146,14474
2146,15132
2147,2190
2147,2393
2147,3249
2147,4225
2147,6911
2147,7726
2147,10349
2147,10506
2147,13642
2147,14503
2147,15498
2147,16201
2148,2437
2148,3694
2148,3803
2148,10957
2148,11566
2148,13058
2148,14596
2148,15817
2148,15831
2148,16070
2148,16886
2148,19270
2148,19460
2149,2157
2149,2811
2149,4549
2149,4865
2149,4969
2149,5277
2149,5844
2149,5904
2149,6375
2149,9568
2149,9940
2149,10872
2149,11324
2149,12735
2149,13647
2149,13850
2149,14972
2149,16519
2149,16553
2149,17445
2149,18287
2149,18558
2149,19440
2149,19839
2150,3465
2150,4018
2150,4130
2150,4506
2150,5114
2150,6296
2150,6307
2150,7345
2150,13215
2150,14608
2150,17492
2151,2767
2151,3032
2151,6417
2151,10758
2151,14519
2151,15595
2151,16686
2151,16728
2151,19525
2152,3875
2152,5092
2152,5166
2152,5219
2152,5962
2152,6081
2152,6388
2152,10018
2152,10243
2152,10300
2152,11768
2152,11814
2152,12132
2152,12505
2152,14848
2152,17813
2152,18341
2152,18364
2152,19418
2153,3303
2153,4126
2153,4160
2153,5357
2153,5759
2153,6214
2153,8784
2153,9257
2153,14624
2153,18331
2154,2810
2154,2945
2154,5093
2154,5678
2154,6047
2154,7845
2154,9140
2154,9455
2154,10193
2154,10333
2154,10447
2154,10578
2154,12428
2154,14296
2154,14686
2154,16520
2154,16528
2154,17664
2154,19608
2154,19609
2155,3791
2155,4844
2155,5141
2155,7019
2155,11661
2155,11817
2155,13353
2155,15185
2155,16453
2156,2292
2156,2768
2156,4363
2156,6766
2156,8558
2156,9059
2156,9915
2156,11764
2156,11852
2156,15238
2156,17403
2156,18623
2156,19295
2157,2553
2157,2902
2157,3734
2157,7603
2157,9025
2157,9209
2157,10927
2157,11008
2157,14905
2158,2250
2158,2274
2158,2354
2158,2678
2158,3158
2158,3351
2158,3525
2158,5204
2158,5414
2158,5479
2158,6442
2158,7525
2158,7564
2158,8724
2158,8932
2158,8942
2158,12361
2158,13835
2158,15835
2159,2264
2159,2768
2159,3847
2159,4100
2159,4809
2159,7897
2159,12476
2159,12843
2159,12852
2159,14623
2159,19422
2160,3391
2160,4452
2160,5131
2160,9253
2160,12894
2160,14387
2160,19066
2161,2237
2161,2689
2161,3132
2161,5719
2161,6468
2161,6583
2161,6872
2162,2220
2162,2706
2162,4367
2162,5187
2162,6221
2162,6687
2162,6749
2162,8031
2162,8202
2162,8678
2162,8728
2162,9704
2162,10398
2162,10757
2162,11255
2162,12722
2162,13413
2162,13663
2162,14260
2163,4494
2163,5965
2163,6554
2163,6633
2163,9248
2163,10921
2163,11532
2163,12673
2163,18262
2164,2238
2164,5466
2164,6071
2164,6734
2164,7329
2164,7856
2164,10171
2164,15539
2164,16680
2164,17130
2164,19302
2165,2588
2165,2635
2165,2991
2165,5319
2165,6445
2165,6668
2165,9874
2165,14722
2165,17449
2165,19236
2166,2185
2166,2530
2166,5049
2166,6083
2166,9768
2166,11049
2166,14644
2166,16108
2167,5457
2167,14864
2168,2651
2168,3780
2168,3808
2168,4886
2168,5970
2168,7074
2168,7904
2168,8882
2168,10012
2168,10377
2168,11744
2168,12403
2168,14043
2168,16254
2168,16815
2168,19315
2169,2909
2169,3169
2169,4315
2169,6459
2169,9036
2169,9086
2169,10357
2169,10715
2169,13970
2169,14014
2169,15530
2169,19081
2170,3314
2170,7789
2170,13238
2170,14768
2170,15055
2170,15575
2170,17026
2170,18025
2170,19193
2171,2277
2171,2397
2171,2584
2171,3789
2171,4821
2171,4933
2171,5944
2171,9505
2171,10642
2171,11675
2171,12142
2171,13656
2171,15746
2171,15992
2171,19579
2172,3457
2172,3938
2172,4860
2172,4868
2172,8076
2172,10621
2172,11368
2172,13973
2172,16479
2172,18597
2172,19115
2173,2601
2173,3531
2173,4185
2173,5695
2173,8611
2173,8815
2173,14941
2173,17577
2173,17787
2173,19239
2174,3566
2174,4235
2174,12495
2174,16443
2174,16632
2175,2908
2175,3796
2175,8447
2175,9142
2175,12377
2175,14396
2175,19558
2176,2405
2176,3663
2176,4495
2176,5565
2176,6025
2176,7835
2176,9046
2176,12506
2177,3503
2177,4008
2177,7731
2177,10882
2177,11082
2177,11144
2177,12140
2177,18725
2178,2630
2178,2746
2178,3085
2178,4034
2178,4445
2178,4647
2178,5423
2178,5579
2178,7853
2178,9622
2178,10559
2178,11971
2178,12218
2178,13952
2178,14148
2178,14298
2178,15280
2178,17498
2178,19282
2178,19431
2179,2197
2179,4152
2179,5597
2179,5882
2179,7434
2179,8224
2179,15919
2179,19164
2180,2632
2180,5340
2180,7439
2180,7976
2180,14634
2180,14637
2180,14775
2180,15701
2181,2647
2181,3184
2181,3254
2181,4302
2181,6143
2181,6945
2181,7153
2181,7795
2181,10190
2181,18865
2181,19006
2182,4193
2182,4556
2182,4640
2182,5224
2182,5485
2182,7348
2182,7787
2182,8965
2182,10726
2182,11221
2182,11761
2182,14274
2182,15281
2182,15683
2183,3002
2183,4381
2183,5457
2183,7692
2183,9057
2183,13310
2183,14209
2183,16711
2183,17223
2183,18290
2184,2299
2184,2713
2184,2859
2184,3836
2184,4231
2184,6286
2184,8713
2184,9584
2184,11903
2184,12848
2184,13950
2184,14214
2184,15434
2184,18222
2185,2187
2185,3820
2185,6121
2185,6655
2185,7030
2185,7191
2185,7611
2185,7922
2185,9646
2185,10273
2185,11830
2185,12999
2185,14318
2185,17193
2186,3521
2186,5359
2186,6555
2186,6720
2186,8422
2186,11496
2186,14929
2186,17206
2186,17315
2186,17863
2187,7688
2187,9444
2187,9909
2187,17911
2188,2874
2188,5858
2188,8954
2188,16615
2188,16954
2188,17691
2188,18419
2189,5103
2189,5578
2189,6899
2189,9220
2189,9763
2189,11786
2189,12835
2189,14733
2189,17051
2189,19123
2190,5248
2190,5616
2190,5869
2190,11231
2190,14218
2190,15539
2190,15723
2190,17477
2190,17692
2191,2384
2191,9514
2191,11139
2191,15780
2191,19657
2192,2498
2192,2694
2192,3036
2192,3748
2192,4024
2192,6691
2192,7545
2192,8238
2192,11625
2192,12153
2192,14319
2192,14512
2192,17968
2192,18180
2192,19445
2192,19529
2193,2477
2193,2787
2193,2903
2193,4419
2193,4567
2193,4968
2193,5789
2193,7730
2193,8084
2193,9163
2193,14373
2193,14701
2193,16320
2193,18456
2194,2583
2195,2997
2195,4525
2195,5177
2195,14823
2195,17844
2197,2457
2197,3828
2197,4022
2197,5499
2197,6384
2197,10603
2197,11787
2197,11932
2197,13724
2197,13778
2197,15941
2198,5189
2198,8212
2198,14401
2198,17784
2199,3639
2199,4811
2199,6308
2199,11233
2199,16797
2199,17189
2199,19083
2199,19220
2200,2673
2200,3013
2200,4127
2200,5732
2200,6040
2200,7566
2200,7749
2200,14893
2200,18160
2201,4033
2201,4953
2201,5243
2201,5570
2201,7796
2201,8705
2201,10293
2201,11363
2201,12495
2201,12720
2201,13448
2201,16185
2201,16377
2201,16597
2201,17045
2201,18206
2201,18558
2201,18665
2201,19320
2202,2220
2202,6882
2202,7027
2202,11085
2202,12688
2202,16346
2202,19220
2202,19749
2203,4661
2203,4703
2203,6371
2203,6496
2203,6514
2203,8050
2203,11005
2203,11706
2203,14874
2203,16728
2203,17184
2203,18001
2203,19297
2203,19811
2203,19839
2204,2559
2204,3523
2204,4428
2204,6973
2204,7339
2204,7474
2204,9793
2204,13627
2204,14669
2204,15342
2204,17463
2205,7616
2205,12731
2205,18286
2206,3033
2206,5094
2206,9116
2206,9238
2206,11171
2206,14750
2207,3802
2207,3926
2207,4872
2207,6468
2208,5379
2208,6767
2208,8981
2208,12837
2208,19912
2209,6928
2209,8277
2209,11050
2209,17464
2210,5150
2210,7548
2210,12987
2211,12838
2211,12875
2211,14588
2211,16585
2212,4078
2212,5312
2213,2843
2213,3012
2213,3399
2213,5533
2213,7852
2213,10293
2213,10704
2213,11179
2213,14308
2213,15739
2213,17404
2214,2678
2214,3831
2214,4268
2214,5137
2214,5685
2214,7861
2214,8041
2214,11149
2214,11889
2214,12027
2214,12258
2214,14523
2214,15704
2214,15722
2214,16343
2214,17470
2214,18794
2215,2431
2215,3124
2215,3198
2215,3358
2215,3555
2215,4264
2215,5388
2215,7913
2215,8596
2215,8670
2215,13344
2215,14581
2215,17412
2215,17588
2215,17919
2216,2915
2216,3131
2216,3520
2216,4036
2216,4622
2216,5709
2216,7822
2216,8386
2216,9370
2216,14251
2217,3110
2217,3716
2217,5566
2217,7348
2217,8622
2217,9096
2217,17871
2218,3492
2218,8040
2218,10579
2218,12359
2218,14708
2218,18868
2219,5907
2219,7206
2219,7958
2219,8025
2219,8500
2219,15275
2219,18293
2219,18528
2219,18543
2219,18983
2220,6396
2220,6849
2220,10429
2220,11178
2220,16639
2220,18388
2221,2247
2221,3524
2221,5492
2221,5512
2221,10663
2221,12277
2221,18808
2222,2274
2222,3211
2222,11278
2222,19949
2223,2273
2223,3561
2223,4369
2223,4443
2223,6991
2223,8660
2223,9148
2223,11481
2223,11549
2223,13811
2223,13867
2223,14427
2223,15586
2223,16422
2223,17916
2224,3866
2224,12399
2225,4694
2225,5427
2225,5777
2225,8439
2225,9980
2225,11870
2225,14278
2226,2793
2226,3238
2226,5143
2226,5508
2226,10834
2226,12469
2226,15534
2226,18986
2226,19022
2226,19258
2227,2304
2227,2814
2227,7086
2227,8073
2227,9260
2227,11330
2227,13097
2227,13409
2227,15279
2227,18786
2228,8285
2228,9262
2228,10850
2228,14521
2229,2659
2229,4772
2229,4908
2229,5554
2229,6072
2229,9527
2229,10095
2229,10813
2229,11018
2229,14361
2229,14383
2229,15779
2229,15971
2229,16637
2229,17913
2229,19226
2229,19345
2229,19409
2229,19542
2230,2623
2230,4955
2230,11313
2230,16593
2230,16708
2230,18559
2231,3314
2231,3513
2231,4586
2231,6776
2231,9293
2231,9355
2231,10160
2231,10755
2231,11238
2231,11766
2231,14154
2231,17573
2231,17686
2231,18259
2231,18719
2231,18828
2231,19423
2232,2414
2232,2588
2232,3872
2232,4002
2232,4009
2232,4197
2232,4414
2232,4892
2232,4910
2232,5816
2232,6227
2232,6587
2232,6699
2232,7158
2232,7590
2232,7702
2232,8185
2232,8750
2232,8890
2232,9819
2232,10104
2232,10366
2232,10523
2232,12718
2232,12961
2232,12972
2232,14053
2232,14221
2232,15046
2232,15672
2232,16091
2232,18750
2232,18765
2232,19051
2232,19859
2233,3666
2233,5851
2233,11902
2233,13209
2234,6221
2234,6840
2234,10411
2235,5127
2235,8621
2235,14353
2235,14780
2236,2819
2236,4043
2236,9935
2236,10010
2236,16600
2236,19482
2237,2619
2237,2688
2237,3869
2237,5416
2237,6885
2237,7580
2237,7632
2237,8582
2237,8930
2237,10117
2237,10175
2237,10841
2237,14010
2237,16798
2237,18400
2238,2300
2238,3935
2238,8619
2238,9266
2238,10673
2238,16502
2238,18246
2239,2755
2239,3062
2239,3210
2239,3328
2239,3358
2239,3380
2239,3673
2239,4365
2239,4503
2239,4539
2239,5315
2239,6078
2239,7063
2239,7093
2239,9425
2239,14106
2239,14134
2239,14684
2239,14782
2239,15075
2239,15408
2239,16133
2239,16585
2239,19348
2240,2729
2240,3112
2240,3125
2240,3530
2240,10710
2240,11387
2240,12031
2240,12223
2240,17442
2241,2453
2241,2546
2241,2797
2241,3922
2241,9149
2241,10089
2241,10496
2241,11335
2241,12247
2241,12825
2241,14343
2241,14442
2242,2324
2242,2441
2242,3693
2242,3981
2242,4180
2242,4589
2242,4730
2242,5013
2242,5122
2242,5619
2242,6209
2242,6924
2242,7130
2242,7783
2242,11843
2242,13989
2242,16412
2242,16690
2242,17376
2242,18102
2242,18814
2243,7039
2243,7304
2243,12111
2243,13628
2243,14641
2243,15285
2243,17094
2244,4379
2244,14167
2244,16857
2245,5585
2246,2277
2246,3858
2246,6026
2246,9215
2246,11583
2246,11792
2246,12036
2246,15933
2246,17053
2246,19807
2247,2303
2247,2378
2247,2811
2247,3197
2247,4788
2247,7303
2247,7397
2247,7608
2247,7898
2247,9149
2247,10476
2247,10478
2247,11409
2247,12757
2247,14025
2247,14110
2247,15462
2247,17746
2247,17779
2247,19645
2248,2338
2248,2854
2248,3092
2248,3359
2248,3605
2248,4219
2248,4284
2248,11369
2248,11558
2248,15412
2248,19335
2248,19620
2249,2976
2249,5910
2250,3010
2250,3300
2250,5638
2250,7790
2250,9213
2250,14904
2250,18496
2251,8798
2251,9195
2251,9279
2251,17845
2251,18378
2252,3831
2252,4030
2252,4917
2252,5068
2252,5870
2252,6215
2252,6552
2252,7195
2252,8097
2252,13268
2252,14379
2252,15794
2252,19836
2253,2597
2253,3116
2253,3649
2253,3681
2253,4007
2253,5184
2253,7055
2253,10306
2253,12704
2254,3427
2254,4058
2254,4707
2254,4752
2254,5168
2254,5837
2254,6314
2254,6924
2254,7605
2254,7729
2254,7952
2254,8695
2254,10111
2254,10610
2254,11701
2254,14095
2254,18093
2254,18484
2254,19000
2254,19883
2255,3184
2255,3635
2255,5024
2255,5602
2255,7546
2255,8300
2255,11451
2256,2384
2256,2912
2256,3590
2256,10247
2256,10645
2256,10804
2256,13444
2256,14031
2256,14228
2256,15032
2256,15598
2256,17230
2256,18701
2256,18862
2257,5761
2257,7225
2257,10824
2257,13327
2257,14134
2257,18067
2257,18742
2258,2683
2258,3356
2258,4491
2258,4960
2258,8339
2258,11204
2258,14647
2259,2354
2259,2934
2259,3393
2259,5497
2259,5565
2259,8933
2259,9462
2259,10801
2259,10965
2259,11528
2259,12803
2259,13444
2259,14005
2259,19615
2260,3543
2260,5070
2260,10423
2260,11328
2260,12794
2260,18817
2261,3040
2261,9818
2261,19119
2262,2960
2262,3139
2262,3682
2262,6431
2262,8729
2262,11831
2263,4070
2263,10122
2263,12706
2264,3261
2264,7269
2264,11792
2264,12796
2264,14135
2264,15215
2265,4105
2265,5273
2265,8689
2265,10159
2265,10568
2265,11006
2265,14714
2265,14923
2265,15669
2265,17759
2265,18974
2266,3485
2266,3823
2266,6308
2266,7115
2266,14132
2266,15198
2266,15395
2267,2677
2267,3435
2267,4088
2267,4272
2267,7677
2267,8066
2267,9252
2267,9578
2267,10308
2267,11094
2268,7940
2268,12180
2268,16404
2269,9978
2269,12611
2269,13557
2269,14814
2269,16481
2269,17405
2269,17905
2270,4436
2270,7853
2270,13295
2270,13801
2270,14791
2270,17375
2271,2614
2271,4745
2271,6086
2271,7153
2271,8976
2271,10249
2271,13895
2271,18145
2272,2373
2272,3713
2272,9427
2272,13480
2272,15998
2272,16508
2272,17366
2273,2419
2273,4006
2273,4973
2273,6576
2273,6854
2273,13434
2273,13777
2273,18879
2274,5888
2275,5088
2275,6816
2275,11040
2275,15693
2275,16701
2275,17713
2276,4527
2276,4916
2276,5334
2276,5568
2276,7352
2276,7683
2276,9776
2276,10163
2276,12082
2276,14323
2276,14903
2276,15469
2276,15754
2276,16353
2276,19575
2277,3630
2277,4138
2277,4226
2277,5574
2277,7046
2277,8975
2277,13686
2277,14992
2277,16246
2277,16489
2278,3776
2278,6258
2278,6730
2278,7806
2278,10018
2278,11313
2278,12945
2278,15296
2278,16261
2278,16768
2278,17195
2278,18903
2279,2665
2279,3151
2279,4214
2279,4566
2279,5884
2279,7497
2279,13503
2279,13748
2279,17185
2279,19503
2279,19765
2280,3076
2280,7515
2280,9225
2280,9760
2280,10172
2280,10944
2280,11434
2280,12865
2280,15650
2280,17158
2280,17313
2280,17975
2281,3631
2281,4892
2281,7168
2281,10258
2281,10740
2281,12272
2281,13405
2281,16819
2281,17733
2282,3010
2282,3235
2282,4820
2282,4894
2282,5832
2282,8750
2282,9102
2282,9403
2282,11210
2282,13548
2282,15616
2283,2757
2283,3009
2283,4851
2283,5081
2283,10503
2283,10818
2283,11413
2283,12924
2283,15129
2283,16630
2284,2403
2284,3911
2284,4986
2284,5359
2284,5967
2284,6281
2284,6511
2284,7021
2284,8794
2284,17337
2284,18854
2284,19584
2285,4290
2285,8182
2285,9845
2285,19428
2286,3044
2286,10422
2286,11758
2286,12494
2286,13024
2286,15384
2286,18083
2287,2336
2287,2414
2287,2474
2287,3415
2287,4184
2287,5602
2287,6494
2287,8643
2287,9124
2287,10274
2287,10585
2287,11727
2287,12121
2287,12212
2287,12241
2287,14392
2287,15356
2287,15471
2287,18572
2288,2853
2288,2910
2288,5562
2288,7226
2288,8120
2288,10317
2288,14073
2288,14230
2288,15006
2288,17997
2289,11940
2289,13448
2290,2741
2290,3055
2290,3084
2290,5910
2290,10792
2291,3940
2291,4306
2291,5661
2291,9595
2291,9789
2291,10385
2291,11210
2291,12360
2291,14557
2291,14972
2291,15664
2292,3438
2292,4813
2292,5217
2292,7134
2292,10590
2292,10867
2292,11617
2292,13505
2292,13527
2292,14378
2292,14631
2292,15761
2292,15853
2292,17929
2292,18337
2292,19207
2293,16608
2294,2720
2294,3095
2294,3599
2294,4936
2294,5696
2294,8544
2294,9048
2294,16345
2294,18647
2294,18812
2295,5163
2295,17435
2296,2488
2296,4216
2296,5362
2296,9581
2296,10383
2296,11933
2296,12538
2296,13849
2296,19322
2296,19822
2297,2455
2297,2692
2297,3063
2297,11425
2297,12481
2297,12564
2298,4271
2298,4756
2298,10758
2298,13891
2298,15054
2298,17067
2299,3474
2299,5968
2299,6351
2299,7752
2299,10503
2299,15436
2299,17671
2299,18574
2299,18597
2300,7224
2300,7950
2300,8870
2300,9294
2300,9496
2300,12416
2300,14681
2300,18537
2301,2308
2301,6300
2301,7551
2301,9293
2301,9737
2301,12681
2301,13263
2301,14402
2301,17923
2301,18442
2302,2309
2302,2738
2302,3070
2302,3399
2302,3959
2302,3966
2302,5203
2302,5688
2302,6559
2302,9956
2302,15341
2302,16724
2302,18207
2302,19050
2303,2679
2303,2983
2303,4512
2303,5274
2303,12611
2303,18080
2304,2642
2304,7924
2304,8192
2304,8887
2304,9998
2304,14369
2305,2494
2305,3061
2305,3123
2305,3653
2305,4745
2305,5247
2305,5367
2305,6558
2305,7649
2305,7977
2305,8479
2305,11644
2305,12157
2305,12302
2305,13163
2305,14016
2305,14915
2305,16036
2305,17192
2305,18943
2306,3430
2306,7726
2306,7793
2306,11748
2306,14519
2306,14587
2306,17018
2306,18263
2307,3859
2307,5697
2307,6046
2307,6820
2307,9097
2307,9563
2307,16562
2307,19975
2308,2397
2308,2747
2308,3651
2308,11696
2308,11987
2308,12903
2308,14957
2308,17824
2308,18007
2309,5885
2309,6918
2309,11171
2309,13877
2309,15603
2309,15713
2309,19446
2310,3396
2310,4557
2310,6871
2310,7863
2310,10577
2310,13838
2311,2403
2311,4813
2311,7989
2311,8879
2311,13010
2311,14227
2311,16358
2312,3021
2312,5992
2312,6731
2312,8402
2312,9950
2312,10042
2312,15906
2312,19458
2313,5808
2313,10907
2313,16957
2313,17234
2314,2910
2314,3084
2314,4569
2314,4806
2314,5437
2314,6193
2314,11069
2314,11196
2314,12372
2314,13742
2314,14998
2314,15967
2315,2770
2315,3648
2315,4636
2315,5109
2315,11018
2315,11265
2315,13874
2315,14841
2315,16364
2315,19914
2316,2350
2316,2775
2316,6188
2316,8186
2316,10714
2316,14313
2316,14331
2316,15415
2316,16755
2316,17342
2316,18705
2316,19699
2317,2616
2317,3548
2317,6108
2317,9719
2317,11858
2317,12038
2317,12687
2317,14533
2317,15870
2317,17945
2318,4156
2318,8783
2318,13153
2319,3856
2319,3904
2319,4311
2319,5173
2319,6950
2319,7724
2319,11503
2319,12143
2319,14319
2320,3558
2320,3972
2320,5979
2320,7283
2320,8296
2320,9897
2320,13710
2320,13846
2320,19497
2321,12486
2321,18869
2321,19801
2322,4450
2322,6590
2322,8474
2322,9092
2322,9399
2322,10204
2322,15632
2322,16508
2323,2517
2323,3125
2323,3404
2323,5597
2323,7114
2323,10592
2323,13589
2323,14632
2323,18953
2324,3291
2324,3365
2324,3758
2324,4057
2324,4709
2324,5653
2324,6133
2324,8355
2324,11070
2324,12315
2324,12413
2324,12932
2324,13694
2324,15010
2324,17566
2324,18548
2324,18918
2325,2344
2325,7247
2325,8652
2325,8908
2325,9212
2325,12397
2326,2593
2326,2709
2326,3641
2326,5613
2326,6094
2326,11887
2326,13210
2326,14195
2327,2964
2327,3264
2327,3418
2327,16782
2328,3226
2328,4357
2328,9029
2328,10244
2328,10326
2328,10860
2328,18548
2328,19553
2329,3515
2329,12332
2329,18215
2329,19459
2330,5802
2330,8553
2330,9116
2330,9233
2330,9888
2330,10073
2330,11185
2330,13920
2330,17578
2331,2512
2331,4010
2331,6248
2331,8857
2331,10372
2331,10678
2331,14401
2331,15641
2332,3428
2332,6838
2332,16243
2333,2447
2333,3323
2333,3635
2333,4306
2333,4504
2333,6944
2333,7818
2333,8419
2333,8620
2333,9885
2333,9992
2333,10114
2333,10406
2333,15212
2333,17234
2333,17677
2334,11228
2334,12757
2335,2386
2335,3008
2335,5554
2335,7041
2335,7325
2335,8488
2335,15594
2336,4043
2336,4857
2336,6295
2336,8658
2336,9906
2336,14423
2336,16700
2336,16919
2337,8881
2337,11845
2337,13859
2337,14826
2337,17114
2337,17445
2337,18387
2338,2470
2338,5222
2338,9226
2338,13739
2338,18759
2339,3856
2339,4525
2339,4722
2339,4859
2339,5116
2339,5381
2339,6028
2339,7253
2339,9269
2339,10407
2339,12182
2339,12835
2340,2440
2340,2827
2340,3202
2340,3767
2340,5100
2340,5857
2340,6393
2340,18283
2341,2771
2341,3122
2341,3234
2341,4188
2341,4497
2341,4968
2341,5610
2341,6126
2341,6404
2341,7917
2341,8621
2341,9037
2341,11217
2341,11963
2341,13396
2341,14646
2341,15690
2341,18639
2342,3504
2342,6264
2342,6306
2342,7204
2342,8917
2342,9117
2342,11615
2342,19014
2343,3232
2343,3925
2343,3926
2343,3936
2343,3940
2343,5781
2343,6052
2343,6059
2343,6143
2343,8198
2343,8903
2343,9741
2343,11151
2343,11801
2343,11891
2343,12288
2343,17948
2344,14464
2344,16379
2344,19728
2345,6240
2345,7549
2345,13061
2345,13929
2345,14928
2345,15681
2345,17656
2345,18017
2345,19857
2346,2950
2346,4582
2346,10867
2346,11799
2346,12482
2346,15426
2346,16054
2346,19720
2346,19825
2347,2396
2347,6223
2347,9134
2347,12462
2347,17039
2348,2705
2348,3672
2348,4834
2348,5029
2348,6241
2348,6324
2348,6882
2348,7082
2348,7139
2348,7289
2348,7296
2348,7415
2348,7830
2348,7963
2348,8291
2348,10342
2348,10824
2348,11855
2348,12832
2349,4377
2349,4792
2349,6510
2349,15725
2349,18203
2349,18236
2349,18328
2350,2613
2350,3214
2350,3233
2350,3696
2350,5613
2350,6536
2350,6620
2350,7300
2350,10701
2350,14838
2350,15945
2350,18952
2350,19468
2350,19638
2351,3546
2351,4827
2351,5474
2351,6294
2351,8305
2351,9707
2351,17032
2351,17579
2351,19902
2352,12690
2353,2555
2353,3328
2353,4431
2353,5606
2353,9372
2353,10435
2353,13316
2353,18651
2354,4514
2354,4910
2354,5046
2354,5336
2354,9347
2354,13135
2354,13918
2354,15025
2355,2542
2355,2813
2355,3261
2355,3634
2355,4073
2355,4178
2355,4218
2355,4833
2355,4942
2355,5658
2355,5727
2355,6501
2355,8451
2355,12416
2355,13104
2355,14356
2355,14406
2355,14922
2356,13737
2356,15300
2357,3023
2357,4275
2357,6911
2357,9146
2357,12835
2357,14522
2358,2815
2358,4599
2358,4659
2358,5212
2358,6452
2358,9228
2358,9312
2358,15650
2358,17345
2358,17742
2359,2437
2359,2518
2359,5297
2359,5617
2359,5885
2359,10068
2359,10460
2359,10817
2359,10858
2359,11508
2359,13769
2359,15123
2359,15223
2359,17373
2359,18126
2359,19271
2359,19551
2360,4460
2360,6731
2360,9015
2360,12148
2360,12382
2360,14255
2360,14372
2360,17215
2361,2704
2361,2794
2361,4467
2361,5708
2361,9846
2361,11712
2361,12808
2361,14226
2361,14564
2361,18197
2361,19251
2362,4906
2362,9557
2362,10388
2362,14996
2362,17216
2362,18600
2362,19860
2363,2764
2363,3041
2363,4559
2363,4654
2363,6005
2363,10756
2363,11776
2363,16264
2364,2979
2364,4569
2364,9921
2364,10400
2364,10629
2364,13281
2364,14120
2364,15499
2364,16369
2364,19380
2365,7496
2365,11685
2365,14014
2365,14264
2365,16066
2365,17122
2365,17495
2366,3332
2366,4151
2366,5245
2366,8467
2366,13369
2366,16718
2366,18845
2367,4703
2367,4863
2367,5262
2367,6301
2367,6382
2367,6923
2367,7683
2367,8722
2367,9496
2367,11844
2367,12749
2367,16224
2367,16777
2367,17315
2368,2388
2368,2792
2368,3388
2368,4926
2368,6368
2368,6575
2368,14794
2369,3147
2369,7286
2369,9395
2369,19969
2370,3222
2370,4183
2370,7020
2370,7836
2371,2481
2371,2923
2371,3885
2371,4303
2371,5069
2371,5679
2371,7982
2371,14276
2371,15378
2371,16163
2372,2410
2372,2864
2372,3671
2372,3735
2372,4040
2372,4400
2372,5639
2372,8664
2372,9896
2372,10146
2372,11519
2372,12901
2372,13540
2372,16770
2372,18987
2373,3400
2373,3479
2373,3545
2373,3850
2373,3981
2373,4228
2373,9319
2373,9347
2373,12527
2373,13262
2373,15640
2373,15701
2373,18015
2373,18837
2373,19619
2374,2569
2374,4461
2374,5373
2374,6517
2374,6609
2374,7363
2374,8810
2374,11424
2374,12094
2374,13510
2374,15205
2374,15472
2374,16959
2375,3686
2375,4502
2375,7195
2375,11237
2375,11711
2375,13577
2375,18012
2375,18644
2375,19365
2376,3143
2376,6760
2376,9022
2376,11664
2376,13733
2376,18314
2377,2576
2377,3091
2377,4441
2377,4678
2377,6678
2377,8022
2377,9624
2377,9696
2377,10046
2377,12077
2377,17496
2378,3306
2378,5724
2378,10031
2378,10407
2378,12976
2378,13351
2379,3511
2379,4244
2379,5778
2379,19105
2380,3876
2380,6938
2380,7942
2380,9254
2380,9513
2380,10641
2380,13340
2380,19361
2381,3144
2381,3365
2381,8114
2381,8232
2381,8763
2381,10011
2381,12513
2381,18803
2382,2431
2382,2680
2382,3102
2382,3494
2382,6117
2382,14197
2382,14990
2383,3505
2383,3795
2383,6458
2383,7188
2383,8803
2383,8942
2383,10004
2383,10076
2383,15226
2383,17720
2383,18742
2383,19629
2383,19786
2384,2521
2384,2829
2384,3313
2384,6103
2384,6163
2384,7601
2384,10141
2384,10941
2384,12370
2384,12556
2384,13408
2384,16585
2384,16785
2384,19660
2385,5095
2385,5940
2385,6503
2385,8910
2385,8911
2385,16995
2385,17501
2385,19250
2386,3137
2386,3494
2386,8229
2386,8558
2386,13222
2386,14082
2386,14455
2386,14729
2387,3491
2387,4753
2387,4799
2387,13332
2387,13997
2387,17841
2387,18310
2387,18999
2388,4190
2388,5097
2388,6568
2388,11275
2388,17835
2389,2538
2389,3769
2389,7074
2389,9168
2389,9214
2389,10738
2389,11001
2389,12637
2389,13526
2389,13618
2390,2510
2390,3628
2390,4705
2390,5045
2390,6139
2390,6513
2390,6541
2390,6548
2390,7075
2390,8241
2390,9277
2390,12353
2390,15231
2391,3822
2391,4173
2391,4413
2391,4570
2391,6024
2391,6843
2391,7279
2391,8116
2391,8120
2391,9918
2391,11842
2391,13788
2391,13886
2391,15988
2391,17774
2391,18320
2392,2438
2392,4239
2392,5631
2392,11340
2392,11773
2392,13290
2392,13487
2392,16132
2393,3038
2393,3412
2393,5855
2393,12689
2393,13738
2393,15091
2393,15726
2393,17217
2394,2791
2394,2989
2394,4696
2394,5414
2394,5441
2394,6577
2394,7680
2394,8317
2394,9058
2394,9930
2394,12138
2394,17909
2395,3045
2395,5953
2395,6480
2395,7133
2395,9635
2395,10400
2395,11478
2395,14018
2395,14535
2396,2729
2396,10958
2396,15205
2396,15570
2396,15830
2396,18980
2397,3339
2397,4124
2397,8842
2397,13757
2398,10622
2398,15556
2399,2585
2399,3360
2399,3389
2399,4783
2399,6376
2399,6960
2399,8737
2399,10078
2399,14736
2399,17280
2400,3347
2400,9341
2400,10835
2400,10837
2400,12291
2400,13338
2401,3442
2401,3552
2401,5892
2401,8656
2401,8833
2401,8992
2401,9300
2401,13927
2401,18193
2401,19015
2402,2460
2402,3145
2402,3485
2402,4698
2402,5327
2402,8249
2402,9119
2402,11718
2402,11990
2402,19683
2403,2606
2403,2879
2403,4127
2403,4637
2403,6248
2403,8855
2403,11754
2403,15799
2403,16778
2403,16800
2403,16998
2404,3985
2404,4059
2404,4590
2404,6630
2404,7411
2404,9083
2404,9970
2404,15657
2404,16103
2404,19602
2405,2715
2405,2939
2405,3114
2405,3141
2405,3177
2405,3427
2405,4204
2405,5430
2405,5879
2405,6084
2405,6799
2405,7761
2405,7811
2405,8042
2405,8363
2405,10086
2405,11577
2405,12375
2405,13111
2405,18758
2406,4526
2406,7358
2406,13178
2407,2930
2407,3263
2407,3737
2407,3946
2407,4881
2407,5957
2407,8329
2407,12406
2407,13511
2407,17592
2407,17602
2407,17733
2407,17981
2407,19834
2408,2895
2408,3524
2408,3807
2408,9914
2408,10198
2408,10599
2408,13488
2408,14478
2408,14704
2408,16161
2408,19161
2409,2614
2409,2616
2409,2745
2409,6037
2409,6517
2409,8162
2409,9320
2409,15892
2409,16041
2409,17717
2409,18051
2410,2518
2410,12637
2410,16307
2411,3180
2411,5805
2411,6759
2411,7707
2411,8337
2411,19954
2412,2629
2412,4442
2412,7113
2412,18345
2413,7056
2413,7673
2413,8524
2413,9782
2413,10318
2413,10759
2413,12967
2413,14535
2414,2791
2414,9124
2414,11439
2414,11941
2414,12727
2414,13314
2414,16848
2414,17562
2414,17980
2415,5752
2415,8508
2415,10234
2415,14484
2416,3777
2416,4747
2416,4830
2416,4846
2416,6628
2416,6753
2416,6860
2416,9061
2416,12737
2416,12833
2416,17961
2416,18646
2416,18821
2417,6746
2417,9003
2417,10899
2417,10985
2417,12044
2417,14063
2417,14118
2417,16956
2418,3670
2418,4787
2418,5453
2418,6254
2418,10543
2418,16868
2419,4438
2419,13287
2419,14984
2420,2996
2420,3579
2420,5019
2420,7927
2420,11170
2420,11569
2420,13020
2420,13704
2420,14108
2420,17635
2420,18029
2420,18166
2420,19009
2421,3902
2421,9809
2421,18937
2421,19197
2422,3749
2422,4945
2422,7437
2422,10005
2422,10094
2422,17054
2422,17305
2423,3051
2423,4002
2423,5246
2423,17135
2423,17964
2424,4165
2424,5189
2424,6183
2424,6509
2424,17479
2425,2857
2425,3136
2425,4339
2425,5319
2425,5620
2425,6915
2425,7037
2425,8331
2425,13504
2425,13947
2425,14265
2425,15465
2425,16072
2425,16123
2425,16936
2425,17162
2425,19113
2426,2618
2426,3563
2426,3692
2426,3984
2426,4417
2426,9754
2426,10553
2426,19178
2426,19796
2426,19929
2427,2678
2427,2749
2427,3259
2427,4273
2427,4418
2427,5117
2427,6926
2427,8573
2427,9510
2427,9936
2427,9969
2427,12805
2427,13231
2427,14459
2427,17948
2427,18078
2428,2965
2428,5473
2428,7479
2428,10045
2428,11417
2428,12717
2428,14367
2428,17386
2429,3513
2429,3564
2429,5854
2429,6792
2429,7538
2429,8004
2429,11014
2429,11670
2429,12223
2429,12477
2429,12658
2429,13760
2429,13969
2429,15543
2430,13670
2430,16619
2431,2936
2431,2959
2431,10390
2431,11212
2431,15366
2432,3546
2432,6945
2432,10513
2432,14239
2432,18164
2433,2502
2433,2506
2433,3256
2433,4052
2433,8659
2433,10974
2433,13674
2433,14030
2434,4704
2434,5643
2434,10340
2434,10379
2434,11034
2434,12285
2434,12937
2434,15016
2435,3471
2435,3932
2435,4289
2435,5133
2435,5648
2435,6385
2435,6392
2435,7652
2435,10472
2435,13541
2435,16165
2435,16555
2436,2724
2436,2826
2436,3119
2436,5395
2436,5956
2436,7212
2436,8321
2436,8486
2436,9927
2436,10069
2436,11191
2436,11538
2436,12150
2436,12338
2436,16748
2436,17262
2436,18253
2436,18445
2436,18559
2436,19301
2437,4711
2437,5226
2437,8418
2437,8743
2437,10273
2437,17799
2437,17879
2437,19408
2438,2939
2438,3148
2438,4646
2438,8181
2438,11344
2438,12526
2438,12934
2438,14332
2438,17951
2438,18113
2439,3198
2439,3763
2439,3971
2439,4105
2439,6165
2439,8436
2439,12586
2439,16798
2440,3337
2440,5582
2440,7473
2440,9613
2440,11044
2440,11054
2440,11456
2440,14901
2440,15088
2440,15691
2440,15994
2441,3458
2441,4542
2441,7996
2441,8742
2441,10052
2441,12518
2441,12941
2441,15183
2441,15702
2441,18229
2442,4290
2442,5519
2442,12986
2442,13471
2442,13491
2442,15823
2442,18711
2443,2884
2443,3631
2443,3788
2443,4960
2443,5467
2443,6642
2443,6862
2443,12141
2443,12403
2443,13052
2443,13163
2443,13361
2443,14688
2443,15082
2443,15518
2443,15975
2443,18427
2444,2691
2444,3821
2444,6346
2444,7800
2444,12882
2444,14378
2444,16274
2444,16489
2444,17237
2445,6363
2445,8213
2445,16240
2446,2540
2446,6092
2446,8566
2446,9857
2446,11778
2446,12125
2446,12531
2446,14527
2446,16844
2446,17215
2446,17632
2447,3240
2447,5701
2447,9131
2447,9832
2447,14079
2448,2483
2448,4669
2448,7063
2448,8582
2448,8925
2448,9238
2448,16813
2448,17422
2448,18040
2449,3831
2449,6540
2449,7900
2449,8291
2449,12828
2449,15211
2450,3340
2450,5233
2450,12548
2451,2979
2451,3563
2451,3640
2451,3675
2451,8079
2451,8186
2451,11663
2451,13264
2451,14199
2452,3295
2452,3309
2452,3660
2452,4748
2452,12677
2452,13294
2452,15412
2452,19185
2453,3688
2453,3762
2453,4001
2453,5155
2453,5551
2453,9585
2453,10041
2453,11616
2453,11683
2453,12310
2453,13193
2453,13876
2453,15387
2453,17333
2454,3015
2454,4346
2454,4599
2454,6323
2454,6715
2454,7396
2454,9138
2454,12249
2454,14505
2454,16225
2454,18577
2455,5793
2455,5942
2455,6332
2455,8888
2455,9029
2455,9429
2455,14998
2456,2837
2456,2968
2456,3798
2456,7884
2456,11076
2456,19590
2456,19778
2456,19799
2457,5068
2457,5352
2457,5564
2457,6000
2457,6486
2457,12196
2457,12855
2457,15095
2457,16990
2457,17095
2457,19180
2458,15270
2458,16818
2458,17029
2459,3948
2459,4154
2459,7648
2459,9118
2459,10918
2459,11039
2459,11561
2459,15069
2459,17337
2459,19150
2460,2897
2460,6618
2460,8599
2460,8674
2460,9384
2460,17511
2461,3434
2461,7269
2461,14988
2461,15349
2461,17288
2462,3299
2462,3584
2462,3705
2462,4158
2462,4410
2462,5195
2462,5390
2462,9454
2462,9728
2462,11252
2462,12733
2462,13212
2462,13348
2462,13481
2462,13910
2462,14387
2462,14785
2462,15409
2462,18819
2462,19601
2463,3523
2463,4085
2463,5695
2463,7198
2463,8319
2463,11397
2463,12940
2463,14172
2463,17348
2463,18781
2464,3025
2464,3985
2464,7733
2464,8878
2464,12374
2464,12719
2464,16415
2464,18494
2464,19674
2465,10406
2465,13990
2466,3181
2466,6310
2466,6945
2466,7222
2466,9995
2466,10883
2466,16227
2466,16525
2467,3387
2467,7034
2467,9384
2468,3085
2468,3762
2468,4790
2468,5939
2468,6257
2468,6753
2468,7029
2468,7509
2468,7888
2468,13836
2468,14897
2468,17029
2469,4124
2469,5121
2469,6013
2469,7782
2469,7834
2469,10908
2469,13862
2469,18810
2470,3226
2470,8960
2470,10817
2470,15629
2471,5469
2471,6919
2471,9676
2471,11314
2472,2582
2472,3707
2472,4393
2472,7871
2472,9456
2472,9630
2472,10265
2472,12328
2472,13049
2472,13887
2472,14601
2473,2873
2473,3665
2473,4347
2473,5533
2473,5798
2473,7414
2473,7611
2473,8494
2473,9041
2473,10924
2473,11877
2473,13661
2473,15407
2473,15547
2473,19135
2473,19666
2474,2570
2474,3803
2474,3839
2474,4471
2474,4927
2474,5019
2474,5131
2474,5435
2474,6434
2474,8163
2474,9473
2474,9972
2474,10047
2474,11383
2474,13040
2474,14051
2474,14381
2474,14400
2474,17186
2474,17340
2474,18216
2475,3342
2475,4610
2475,4772
2475,4952
2475,8291
2475,10824
2475,11315
2475,12007
2475,13231
2475,17436
2475,19361
2476,3461
2476,4209
2476,4448
2476,4490
2476,7242
2476,8392
2476,9313
2476,9332
2476,9403
2476,10518
2476,10595
2476,13156
2476,13158
2476,13767
2476,14192
2476,15488
2476,19661
2477,3276
2477,3557
2477,4023
2477,7306
2477,8596
2478,2627
2478,2875
2478,2906
2478,5806
2478,11064
2478,11256
2478,13922
2479,6133
2479,7939
2479,9147
2480,3275
2480,6363
2480,10599
2480,12644
2480,13594
2480,14159
2480,18139
2481,2669
2481,2717
2481,3051
2481,3689
2481,3779
2481,3980
2481,4504
2481,6113
2481,6286
2481,7839
2481,7937
2481,7979
2481,8995
2481,9023
2481,9451
2481,9484
2481,9742
2481,9916
2481,10023
2481,11123
2481,11275
2481,11323
2481,11542
2481,11669
2481,14872
2481,14976
2481,16173
2481,16381
2481,16518
2481,16823
2481,17169
2481,19517
2482,2560
2482,3947
2482,3993
2482,4496
2482,4523
2482,4744
2482,6309
2482,6521
2482,6766
2482,6782
2482,8533
2482,8916
2482,10948
2482,11239
2482,11258
2482,11470
2482,12020
2482,12279
2482,17911
2482,19825
2482,19882
2483,5184
2483,9059
2483,9983
2483,12521
2484,3187
2484,5378
2484,8517
2484,8824
2484,12156
2484,16161
2484,17126
2484,18306
2485,5680
2485,7532
2485,8231
2485,11152
2485,13860
2485,14763
2485,15762
2485,16709
2485,18132
2485,18239
2486,2746
2486,2868
2486,4330
2486,5366
2486,7004
2486,8078
2486,9529
2486,10170
2486,13208
2486,13471
2486,15205
2486,15610
2486,16618
2486,16983
2486,18202
2486,18421
2486,19213
2487,2859
2487,3763
2487,6369
2487,10209
2487,12733
2487,16622
2487,18858
2487,19910
2488,3221
2488,4406
2488,10384
2488,17597
2488,18011
2488,19181
2488,19768
2489,5170
2489,7181
2489,7531
2489,8192
2489,8626
2489,9032
2489,10586
2489,11494
2489,11611
2489,13601
2489,14294
2489,15985
2489,19899
2490,8150
2490,9501
2490,18554
2491,3733
2491,3978
2491,4242
2491,4612
2491,9448
2491,10535
2491,12341
2491,13781
2491,16136
2491,19200
2491,19450
2491,19559
2492,3872
2492,4289
2492,5763
2492,6305
2492,7051
2492,10273
2492,10954
2492,11043
2492,15331
2493,8410
2493,8609
2493,10083
2493,15094
2494,3925
2494,4472
2494,4667
2494,5973
2494,13431
2494,13805
2494,15120
2494,15457
2494,17198
2495,3331
2495,3475
2495,9829
2495,18942
2496,2593
2496,3467
2496,11476
2496,12428
2496,16151
2497,3153
2497,3913
2497,5750
2497,8077
2497,9071
2497,9196
2497,11462
2497,12371
2497,13475
2497,14336
2497,15733
2497,15822
2497,18426
2497,19884
2498,2535
2498,3326
2498,3483
2498,4271
2498,6996
2498,7023
2498,7550
2498,8016
2498,10181
2498,13950
2498,14835
2498,16610
2498,17588
2498,18532
2498,19604
2499,3038
2499,3230
2499,3522
2499,4650
2499,4731
2499,5253
2499,8818
2499,8836
2499,9316
2499,10056
2499,10176
2499,13756
2499,14738
2499,15964
2499,17720
2499,18632
2499,18951
2500,2592
2500,3266
2500,5039
2500,7579
2500,15596
2501,3510
2501,3735
2501,4151
2501,6048
2501,6067
2502,4396
2502,4759
2502,5812
2502,10639
2502,11271
2502,15472
2502,15980
2503,2706
2503,2829
2503,3392
2503,3426
2503,4417
2503,4711
2503,7199
2503,8564
2503,11194
2503,11367
2503,11819
2503,11900
2503,16962
2503,17632
2503,18976
2504,3190
2504,3551
2504,3614
2504,3739
2504,4876
2504,7275
2504,8661
2504,12783
2504,15929
2505,3080
2505,9572
2505,10522
2506,4642
2506,7366
2506,19747
2507,6665
2507,7169
2507,9774
2507,12002
2507,18460
2508,3580
2508,4327
2508,4476
2508,6950
2508,9248
2508,12081
2508,17341
2509,4326
2509,4809
2509,5038
2509,5433
2509,5610
2509,6407
2509,6474
2509,7864
2509,8015
2509,9908
2509,10164
2509,12169
2509,16226
2509,17119
2509,17819
2509,17978
2509,19546
2510,2744
2510,5646
2510,8668
2510,10010
2510,12432
2510,15236
2510,17249
2510,19488
2511,3175
2511,4929
2511,8984
2511,13708
2512,4566
2512,5901
2512,6108
2512,6945
2512,7835
2512,9186
2512,18895
2513,2748
2513,2757
2513,5358
2513,6518
2513,6625
2513,7448
2513,8637
2513,8776
2513,10008
2513,10205
2513,11435
2513,11581
2514,2808
2514,2860
2514,3964
2514,4180
2514,5064
2514,11025
2514,12026
2514,15019
2514,15184
2514,19004
2514,19852
2515,2586
2515,5591
2515,8706
2515,13896
2515,16652
2515,19510
2515,19992
2516,3719
2516,6439
2516,8769
2516,10297
2516,12370
2516,13706
2516,14582
2517,2668
2517,2924
2517,3131
2517,3180
2517,8661
2517,11097
2517,12270
2517,17184
2518,12980
2519,2958
2519,3652
2519,4364
2519,4486
2519,4666
2519,5208
2519,5845
2519,6304
2519,6942
2519,9147
2519,9250
2519,11475
2519,11638
2519,12385
2519,13177
2519,15362
2519,15442
2519,15887
2519,15910
2519,16540
2519,16963
2519,17550
2519,18438
2520,3781
2520,4790
2520,5231
2520,5939
2520,6116
2520,10528
2520,12359
2520,15540
2520,15942
2521,4622
2521,12371
2521,15489
2522,3569
2522,4318
2522,5425
2522,5764
2522,6097
2522,6663
2522,6917
2522,8533
2522,15414
2522,15477
2523,5941
2523,6261
2523,7807
2523,12679
2523,16274
2523,16576
2523,17889
2524,2794
2524,3726
2524,4095
2524,4145
2524,4455
2524,5020
2524,5306
2524,5436
2524,5681
2524,6283
2524,6686
2524,7238
2524,7731
2524,8324
2524,8407
2524,10915
2524,11116
2524,12554
2524,13911
2524,14007
2524,14749
2524,15014
2524,16849
2524,19227
2524,19379
2524,19400
2525,10170
2525,11880
2525,12653
2525,14191
2525,15195
2526,3433
2526,4715
2526,6933
2526,9551
2526,10106
2526,10835
2526,18425
2527,10912
2527,11767
2527,12841
2527,13215
2527,15805
2528,4520
2528,5707
2528,6619
2528,9906
2528,10759
2528,14531
2528,14881
2528,16790
2529,3183
2529,3404
2529,4213
2529,4910
2529,6716
2529,15682
2529,16903
2529,19243
2530,3013
2530,4781
2530,4997
2530,7898
2530,8734
2530,14065
2530,14404
2530,14559
2530,15088
2531,3550
2531,8858
2531,11383
2531,11721
2532,2797
2532,3118
2532,8969
2532,10727
2532,13522
2533,2715
2533,4201
2533,4436
2533,5177
2533,6223
2533,10268
2533,13298
2533,14393
2533,15903
2533,16452
2533,18043
2533,19721
2534,2995
2534,4467
2534,8094
2534,11817
2534,14711
2534,18142
2535,3057
2535,6647
2535,10987
2535,13734
2535,13766
2535,16040
2535,16645
2535,18005
2535,18689
2535,19286
2536,2585
2536,2847
2536,3220
2536,4041
2536,4166
2536,4677
2536,4905
2536,6807
2536,7400
2536,7809
2536,10307
2536,11230
2536,12535
2536,12989
2536,13591
2536,15572
2536,16328
2536,19626
2537,2864
2537,3257
2537,7360
2537,7521
2537,9535
2537,12012
2538,3099
2538,4453
2538,6273
2538,6424
2538,6922
2538,7642
2538,7824
2538,9708
2538,12955
2538,13380
2538,14308
2538,16330
2538,16720
2539,2754
2539,3484
2539,4670
2539,8886
2539,10754
2539,13684
2539,19518
2540,3004
2540,3534
2540,5818
2540,6696
2540,13246
2540,17319
2541,3411
2541,4672
2541,7065
2541,7084
2541,8844
2541,9393
2541,10809
2541,12497
2541,15770
2541,18865
2542,2632
2542,2728
2542,4818
2542,5721
2542,6650
2542,8613
2542,11756
2542,15668
2542,15772
2542,18963
2542,19545
2543,4276
2543,4667
2543,5057
2543,7444
2543,7935
2543,8848
2543,10067
2543,11510
2543,12008
2543,14955
2544,3482
2544,3596
2544,9137
2544,14812
2545,2709
2545,3795
2545,4719
2545,4969
2545,5699
2545,7180
2545,7827
2545,7995
2545,8018
2545,8476
2545,8717
2545,10005
2545,11024
2545,12493
2545,15799
2545,16259
2545,17052
2546,3093
2546,3683
2546,4246
2546,4924
2546,13690
2546,15955
2546,16062
2546,19832
2547,6205
2547,8961
2547,11392
2547,12557
2547,17251
2548,3660
2548,5455
2548,6824
2549,3214
2549,4967
2549,5943
2549,6822
2549,13039
2549,13415
2549,18068
2549,19049
2549,19331
2550,3487
2550,3491
2550,3602
2550,3892
2550,3964
2550,4506
2550,5318
2550,5921
2550,6595
2550,19663
2551,3611
2551,6430
2551,6985
2551,13366
2551,14858
2551,15665
2552,3180
2552,5677
2552,6262
2552,15266
2552,17250
2553,5438
2553,6573
2553,6902
2553,9885
2554,3845
2554,4161
2554,4577
2554,4758
2554,5661
2554,6260
2554,6737
2554,8276
2554,8853
2554,10328
2554,15807
2554,15968
2555,3904
2555,5050
2555,6055
2555,6111
2555,6131
2555,8202
2555,8604
2555,13286
2555,14861
2555,15992
2555,16215
2555,16956
2556,4019
2556,4803
2556,7294
2556,9577
2556,16306
2556,17457
2556,19621
2557,4539
2557,6702
2557,10049
2557,11347
2557,11975
2557,12997
2557,13649
2557,13913
2557,14246
2557,16860
2558,3333
2558,8795
2558,9113
2558,16011
2558,17170
2558,18025
2559,5255
2559,5895
2559,5921
2559,9724
2559,16053
2560,2596
2560,3316
2560,10240
2560,13223
2560,18570
2561,2772
2561,4151
2561,4425
2561,7495
2561,15184
2561,15467
2561,16790
2561,19926
2562,7593
2562,11409
2562,12816
2562,17934
2562,18137
2563,2826
2563,4700
2563,5614
2563,5934
2563,6507
2563,6569
2563,8702
2563,17085
2564,3912
2564,4040
2564,4181
2564,5737
2564,6191
2564,14913
2565,2753
2565,3268
2565,3611
2565,3678
2565,3688
2565,4092
2565,4746
2565,5435
2565,5732
2565,5773
2565,7098
2565,10379
2565,13031
2565,15434
2565,15612
2565,19375
2566,2754
2566,3810
2566,5244
2566,5652
2566,7906
2566,8003
2566,9168
2566,9200
2566,9204
2566,15150
2566,15562
2566,15741
2566,16256
2567,3157
2567,5333
2567,15610
2567,16441
2568,2664
2568,2734
2568,2800
2568,4165
2568,4613
2568,5144
2568,5629
2568,6735
2568,6868
2568,7035
2568,7207
2568,7958
2568,10182
2568,12605
2568,12995
2568,14222
2569,3474
2569,4158
2569,8120
2569,10688
2569,13636
2569,18326
2570,3212
2570,4680
2570,6549
2570,7618
2570,9340
2570,9757
2570,11697
2570,16271
2570,16464
2570,18009
2570,19238
2570,19354
2570,19857
2571,2998
2571,3705
2571,3990
2571,4131
2571,5907
2571,6607
2571,6680
2571,6981
2571,6985
2571,7886
2571,8342
2571,10464
2571,11366
2571,11995
2571,12273
2571,12372
2571,12792
2571,13250
2571,13570
2571,16707
2571,17552
2571,18819
2572,5625
2572,14349
2572,14489
2573,5366
2573,8430
2573,10238
2573,13943
2574,4354
2574,9698
2574,9847
2575,3555
2575,6787
2575,7191
2575,8167
2575,8679
2575,9842
2575,12297
2575,13063
2575,16444
2576,2942
2576,5022
2576,5891
2576,5958
2576,7454
2576,8988
2576,14483
2576,14955
2576,17142
2576,17836
2576,19011
2577,4622
2577,6541
2577,6704
2577,7015
2577,8327
2577,9308
2577,9668
2577,10708
2577,11288
2578,3123
2578,17330
2579,2615
2579,5180
2579,7357
2579,10917
2579,12534
2579,12608
2579,17181
2579,18995
2580,4705
2580,5289
2580,6836
2580,11857
2581,2841
2581,4155
2581,4255
2581,5948
2581,7370
2581,8625
2581,9459
2581,12288
2582,2670
2582,2705
2582,2808
2582,3873
2582,4127
2582,4822
2582,5029
2582,5945
2582,6031
2582,6410
2582,6937
2582,8015
2582,8895
2582,10582
2582,10828
2582,12770
2582,13964
2582,14244
2582,15203
2582,17429
2583,4568
2583,4834
2583,4859
2583,6155
2583,6251
2583,12158
2583,19430
2584,3514
2584,4311
2584,4708
2584,5901
2584,6416
2584,6585
2584,8169
2584,17809
2585,3752
2585,6394
2585,8407
2585,13909
2586,2778
2586,4288
2586,6850
2586,8567
2586,8923
2586,10342
2586,15708
2586,16335
2587,2821
2587,4155
2587,5085
2587,5572
2587,6648
2587,6687
2587,7439
2587,8615
2587,10482
2587,11058
2587,12202
2587,18626
2588,3086
2588,5365
2588,6649
2588,6970
2588,14035
2588,17548
2589,3047
2589,3781
2589,5083
2589,5426
2589,5486
2589,5636
2589,8741
2589,9587
2589,11029
2589,11115
2589,11981
2589,14359
2589,15683
2589,16231
2589,18740
2590,4173
2590,4392
2590,4903
2590,5159
2590,7487
2590,9405
2590,11114
2590,11145
2590,13715
2590,14559
2590,15018
2590,18407
2590,19756
2591,3899
2591,4012
2591,6871
2591,7645
2591,8389
2591,9787
2591,10425
2591,11619
2591,13448
2591,17640
2591,18299
2592,4403
2592,12531
2592,13768
2592,14831
2592,14893
2593,2725
2593,3268
2593,3757
2593,3950
2593,4032
2593,4116
2593,4323
2593,5855
2593,7579
2593,8015
2593,10110
2593,10899
2593,11680
2593,12289
2593,12502
2593,18633
2593,19117
2594,3159
2594,4373
2594,5547
2594,8797
2594,11418
2594,11644
2594,13269
2594,17143
2596,3462
2596,4037
2596,6301
2596,7834
2597,4109
2597,4817
2597,8061
2597,8673
2597,8775
2597,11998
2597,12134
2597,17264
2597,19214
2598,3222
2598,3596
2598,4563
2598,5946
2598,7895
2598,8648
2598,9784
2598,11236
2598,11593
2599,5218
2599,9063
2599,11160
2599,12093
2599,13258
2599,18550
2599,19607
2599,19700
2600,4429
2600,5120
2600,14578
2600,15516
2600,15565
2600,17622
2601,2644
2601,3288
2601,3420
2601,3775
2601,4007
2601,4874
2601,5303
2601,5945
2601,6556
2601,7360
2601,7434
2601,7497
2601,8814
2601,9189
2601,11310
2601,11848
2601,12236
2601,12623
2601,13327
2601,13816
2601,15405
2601,15409
2601,15885
2601,16183
2601,16319
2601,16574
2601,17393
2601,18106
2601,18724
2601,18749
2601,18827
2602,3637
2602,3764
2602,4886
2602,5030
2602,5711
2602,7017
2602,9391
2602,10586
2602,10978
2602,15556
2602,16683
2602,17996
2602,18007
2602,18437
2602,18738
2602,18901
2603,4865
2603,15303
2604,2885
2604,5044
2604,5901
2604,7204
2604,8256
2604,11047
2604,15142
2604,15615
2604,16969
2604,17788
2604,18271
2604,19886
2605,3149
2605,3151
2605,4776
2605,6246
2605,6428
2605,6616
2605,6694
2605,7926
2605,8385
2605,11210
2605,11560
2605,12753
2605,12870
2605,13537
2605,16344
2605,18099
2605,18532
2606,3841
2606,4029
2606,11129
2606,12402
2606,13016
2606,18546
2607,3064
2607,3600
2607,4239
2607,7751
2607,10350
2607,10872
2607,11687
2607,15380
2607,15739
2608,4096
2608,5263
2608,8099
2608,10008
2608,10130
2608,12294
2608,13489
2608,14119
2608,14756
2608,15189
2608,15918
2609,3825
2609,5119
2609,8290
2609,8688
2609,12135
2609,15115
2609,17181
2610,5344
2610,8253
2611,3224
2611,4603
2611,13166
2612,2844
2612,4130
2612,4665
2612,5622
2612,8895
2612,10095
2612,12424
2612,17501
2613,12623
2614,3465
2614,6426
2614,12009
2614,14091
2614,15589
2614,16861
2615,2904
2615,3206
2615,4111
2615,5893
2615,9619
2615,13421
2615,14653
2616,5637
2616,8714
2616,9605
2616,14110
2616,15836
2616,16980
2616,19241
2617,3390
2617,4079
2617,4295
2617,4585
2617,5038
2617,5590
2617,5841
2617,6226
2617,6649
2617,8427
2617,9466
2617,10660
2617,10770
2617,10797
2617,11081
2617,14230
2617,14660
2617,14966
2617,17281
2617,18096
2617,19712
2618,4500
2618,13264
2618,16408
2618,17649
2619,3257
2619,4343
2619,6579
2619,8927
2619,15086
2619,15870
2619,17772
2619,19581
2620,2833
2620,3023
2620,3490
2620,4710
2620,5931
2620,6196
2620,6921
2620,8454
2620,8677
2620,9877
2620,9978
2620,10444
2620,16874
2620,17609
2620,18102
2621,4532
2621,4782
2621,4970
2621,5020
2621,5410
2621,6501
2621,6937
2621,9601
2621,13802
2621,16321
2621,16327
2622,3552
2622,7001
2622,8971
2622,10210
2622,12683
2622,13622
2622,19196
2623,3410
2623,6806
2623,11851
2623,17338
2623,17878
2624,3994
2624,6373
2624,9289
2624,9417
2624,10173
2624,16159
2625,2648
2625,2695
2625,5055
2625,5485
2625,7657
2625,12974
2625,14483
2625,15616
2625,19581
2626,3995
2626,5529
2626,5810
2626,11819
2626,12651
2626,12734
2626,14431
2626,16701
2627,5044
2627,5368
2627,5650
2627,6744
2627,6895
2627,8004
2627,10735
2627,11425
2627,12909
2627,13707
2627,13749
2627,14507
2627,15046
2627,15329
2627,15860
2628,8785
2628,13263
2629,13387
2629,14465
2629,15730
2629,18751
2630,2928
2630,5852
2630,9069
2630,9313
2630,17288
2630,19726
2631,2732
2631,5588
2631,6087
2631,6097
2631,7244
2631,8765
2631,9651
2631,10171
2631,11101
2631,12350
2631,13779
2632,5172
2632,8248
2632,8274
2632,8350
2632,10078
2632,11273
2632,13350
2632,14752
2632,15825
2632,16698
2632,17565
2632,18041
2633,3815
2633,9686
2633,11170
2633,12583
2633,13459
2633,16268
2633,16589
2633,16894
2634,4424
2634,4781
2634,4886
2634,5944
2634,19127
2635,2977
2635,3375
2635,3429
2635,4184
2635,5398
2635,5726
2635,5797
2635,8200
2635,9052
2635,9817
2635,10163
2635,11841
2635,15528
2635,16636
2635,16682
2635,18828
2636,2971
2636,6727
2636,10881
2636,12579
2636,13832
2636,15894
2637,4970
2637,9430
2637,9954
2637,14403
2637,19109
2638,3207
2638,3499
2638,6512
2638,8399
2638,11479
2638,13907
2638,15418
2638,17822
2639,4386
2639,5170
2639,9917
2639,12276
2639,12900
2639,15199
2639,19325
2640,2660
2640,3982
2640,4185
2640,5734
2640,6563
2640,7969
2640,16727
2641,2911
2641,5854
2641,8474
2641,12045
2641,13199
2641,18521
2641,19420
2641,19579
2642,3861
2642,5000
2642,5833
2642,7068
2642,8479
2642,9473
2642,9845
2642,10199
2642,10810
2642,12404
2642,13226
2643,4123
2644,2682
2644,2747
2644,3725
2644,4122
2644,4523
2644,5025
2644,5225
2644,5486
2644,6957
2644,10375
2644,11549
2644,12408
2644,13714
2644,13748
2644,15714
2644,17462
2644,18149
2644,19879
2645,4314
2645,12609
2645,14376
2646,3113
2646,4349
2646,5162
2646,10386
2646,11261
2646,11454
2646,12069
2646,12306
2646,13617
2646,15800
2647,3549
2647,4002
2647,4093
2647,4351
2647,4558
2647,5812
2647,5925
2647,5949
2647,6863
2647,6885
2647,8451
2647,8900
2647,11408
2647,12465
2647,13009
2647,15305
2648,3775
2648,6624
2648,7270
2648,9304
2648,9680
2648,12909
2648,16854
2649,3120
2649,3426
2649,4798
2649,5128
2649,5902
2649,6053
2649,6540
2649,7203
2649,7405
2649,8675
2649,9765
2649,9839
2649,10933
2649,13244
2649,13272
2649,14088
2649,14613
2649,15011
2649,15775
2650,2673
2650,2748
2650,2792
2650,3025
2650,3670
2650,3917
2650,4662
2650,6354
2650,9420
2650,9650
2650,9990
2650,12506
2650,14897
2651,2762
2651,3349
2651,3757
2651,8313
2651,8598
2651,12341
2651,12852
2651,18730
2652,2825
2652,3428
2652,3731
2652,4212
2652,5347
2652,7487
2652,7958
2652,9087
2652,9506
2652,11294
2652,12030
2652,12995
2652,13908
2652,14266
2652,15404
2652,17205
2653,5520
2653,5699
2653,6464
2653,8299
2653,14218
2653,19633
2654,2725
2654,3443
2654,6385
2654,6392
2654,6835
2654,8960
2654,9368
2654,9788
2654,10048
2654,10968
2654,11115
2654,11314
2654,11423
2654,13480
2654,14663
2654,16597
2654,17476
2654,17657
2654,17902
2654,19462
2655,4417
2655,6270
2655,8679
2655,15261
2655,15689
2656,3075
2656,3312
2656,3403
2656,4888
2656,5277
2656,5995
2656,8801
2656,8884
2656,11762
2656,11766
2656,11841
2656,15190
2656,15492
2657,6383
2657,6684
2657,8229
2657,11052
2657,11282
2657,12958
2657,17336
2657,18050
2657,19305
2658,4128
2658,4159
2658,7849
2658,8181
2658,12341
2658,13983
2658,14246
2658,15129
2658,15572
2658,15782
2658,15783
2658,17141
2658,18471
2659,3732
2659,4123
2659,5797
2659,6278
2659,6517
2659,9552
2659,10808
2659,13340
2659,16386
2659,18133
2659,18670
2660,3758
2660,4505
2660,4616
2660,4708
2660,5743
2660,6000
2660,7772
2660,8182
2660,8489
2660,8521
2660,14070
2660,14109
2660,15386
2660,16841
2660,17703
2661,6340
2661,13340
2661,17439
2662,3895
2662,4287
2662,6516
2662,7517
2662,8494
2662,9507
2662,11718
2662,15320
2662,16386
2662,17793
2662,19344
2663,2754
2663,3356
2663,3605
2663,4176
2663,4699
2663,11158
2663,11273
2663,11536
2663,11541
2663,13236
2663,13710
2663,13803
2663,13980
2663,15179
2663,15720
2663,17755
2663,19460
2664,3216
2664,3956
2664,4674
2664,6725
2664,6992
2664,16212
2664,16311
2664,17810
2664,18591
2665,3885
2665,4799
2665,7290
2665,11258
2665,16922
2665,18030
2666,3644
2666,4579
2666,5782
2666,5970
2666,6392
2666,8157
2666,8502
2666,10035
2666,10776
2666,11224
2666,11391
2666,17102
2667,2764
2668,5496
2668,7260
2668,7334
2668,9409
2668,12618
2669,4369
2669,4870
2669,5443
2669,6713
2669,7666
2669,10072
2669,10161
2669,13457
2669,18219
2670,2696
2670,2737
2670,3987
2670,4732
2670,9217
2670,11555
2670,12338
2671,2724
2671,2894
2671,3063
2671,4075
2671,5408
2671,5847
2671,6106
2671,8381
2671,11419
2671,11845
2671,13992
2671,14045
2671,15044
2671,15245
2671,15369
2671,16526
2671,18442
2671,19813
2672,5260
2672,6653
2672,8395
2672,15415
2672,18989
2673,3524
2673,4019
2673,4036
2673,4735
2673,5917
2673,6340
2673,6645
2673,11455
2673,12421
2673,14125
2673,16990
2674,3836
2674,4378
2674,4868
2674,5973
2675,4601
2675,4998
2675,5257
2675,6398
2675,8439
2675,16881
2676,3342
2676,3759
2676,3996
2676,4637
2676,5151
2676,6381
2676,6530
2676,8575
2676,9995
2676,11048
2676,11983
2676,15873
2676,18168
2676,18643
2677,3632
2677,4065
2677,5794
2677,8782
2677,17036
2677,19129
2678,3642
2678,3951
2678,5487
2678,7120
2678,8105
2678,10846
2678,11751
2678,12598
2678,12983
2678,13166
2678,13188
2678,14407
2678,19061
2678,19734
2680,4888
2680,7408
2681,4119
2681,6672
2681,6951
2681,7078
2681,8792
2681,10262
2681,11662
2681,13817
2681,14120
2681,15561
2681,16450
2681,18454
2682,4301
2682,4951
2682,5113
2682,6316
2682,8842
2682,9228
2682,10734
2682,12037
2682,13983
2682,17226
2682,19090
2683,5369
2683,13076
2683,19313
2684,8461
2684,9230
2684,10432
2684,10705
2685,5857
2685,6685
2685,6990
2685,7848
2685,9512
2685,11142
2685,11417
2685,16880
2685,17237
2686,3460
2686,6526
2686,6653
2686,8408
2686,9933
2686,9948
2686,19820
2687,7947
2687,17509
2688,8199
2689,3508
2689,5877
2689,8459
2689,8464
2689,11820
2689,14408
2689,15690
2690,4984
2690,5055
2690,5363
2690,8051
2690,9134
2690,11328
2690,12770
2690,16896
2690,19229
2691,6440
2691,6558
2691,8326
2691,10024
2691,11388
2691,13585
2691,13911
2691,14036
2691,18766
2692,4257
2692,11903
2693,3141
2693,7265
2693,7269
2693,13889
2693,19713
2694,4411
2694,6527
2694,11406
2694,12697
2694,13764
2695,3658
2695,4185
2695,5692
2695,7560
2695,10587
2695,10704
2695,11249
2695,14933
2695,17300
2695,17824
2696,3929
2696,4336
2696,5818
2696,13145
2697,4327
2697,9331
2697,9436
2697,10765
2697,15693
2697,18661
2698,6193
2698,7041
2698,8778
2698,10188
2698,11179
2698,12046
2698,16467
2699,2878
2699,3217
2699,3777
2699,4004
2699,4446
2699,5121
2699,5409
2699,5630
2699,5993
2699,6120
2699,7189
2699,7190
2699,7832
2699,8229
2699,8270
2699,8880
2699,9239
2699,9687
2699,9933
2699,10167
2699,10290
2699,11530
2699,12786
2699,12873
2699,14310
2699,14524
2699,14619
2699,14939
2699,15223
2699,15483
2699,16970
2699,18339
2700,2819
2700,3165
2700,9922
2700,14853
2701,5506
2701,11836
2701,18097
2702,3022
2702,3105
2702,4093
2702,6053
2702,8000
2702,9726
2702,18134
2703,3938
2703,5198
2703,5837
2703,8042
2703,11639
2703,15403
2703,15431
2704,4224
2704,8225
2704,8299
2704,13033
2704,16184
2705,3496
2705,4552
2705,17924
2705,18406
2705,18495
2705,18877
2705,19595
2706,3540
2706,5768
2706,9721
2706,9740
2706,14740
2707,3623
2707,3761
2707,3821
2707,4860
2707,6920
2707,7127
2707,7905
2707,8980
2707,10985
2707,12888
2707,14086
2707,15652
2707,17957
2707,19041
2707,19124
2708,3037
2708,3570
2708,3638
2708,3703
2708,4294
2708,6337
2708,8156
2708,8423
2708,8549
2708,8842
2708,10315
2708,11373
2708,13166
2708,14021
2708,16180
2708,17494
2708,18950
2708,19589
2709,7584
2709,13455
2710,5324
2710,14492
2710,17105
2710,19361
2711,12760
2711,14408
2711,16169
2711,17919
2711,18062
2711,18837
2712,4551
2712,5756
2712,9547
2713,3901
2713,4387
2713,5243
2713,7974
2713,8497
2713,8698
2713,13116
2713,14837
2713,15400
2713,17572
2714,3162
2714,3685
2714,8215
2714,8341
2714,10012
2714,13247
2714,19585
2715,3461
2715,5279
2715,6438
2715,7524
2715,9926
2715,10309
2715,11145
2715,11250
2715,11596
2715,12738
2715,13562
2715,15106
2715,16207
2715,16569
2715,16640
2715,18036
2715,18227
2716,2731
2716,3302
2716,4639
2716,5912
2716,6215
2716,7856
2716,7874
2716,8282
2716,9941
2716,11137
2716,14107
2716,14711
2716,16906
2716,17710
2716,18790
2716,18952
2717,2842
2717,3519
2717,4115
2717,4726
2717,4835
2717,4904
2717,4913
2717,5998
2717,10551
2717,11494
2717,12817
2717,13153
2717,13680
2717,13785
2717,15164
2717,17152
2717,18155
2717,19321
2718,2737
2718,2788
2718,4940
2718,5244
2718,5698
2718,6065
2718,6724
2718,7142
2718,7206
2718,8585
2718,9003
2718,9383
2718,10610
2718,12569
2718,12674
2718,14263
2718,15871
2718,19221
2719,3799
2719,7392
2719,8321
2719,10768
2720,6622
2720,6876
2720,6900
2720,7501
2720,7677
2720,7968
2720,8286
2720,8460
2720,9961
2720,10249
2720,10414
2720,10648
2720,10958
2720,13037
2720,14437
2720,15545
2720,17467
2720,17857
2720,18703
2720,19956
2721,2819
2721,3409
2721,4326
2721,5353
2721,9136
2721,11360
2721,11508
2721,12988
2721,19062
2722,2980
2722,5722
2722,6108
2722,6793
2722,6948
2722,12526
2723,3337
2723,14246
2723,15684
2723,16445
2723,17597
2723,18703
2724,4022
2724,4980
2724,6968
2724,9217
2724,9589
2724,12344
2724,13640
2724,15983
2724,16703
2725,2940
2725,3329
2725,3507
2725,5023
2725,5079
2725,5912
2725,9458
2725,10571
2725,10786
2725,10935
2725,11698
2725,12606
2725,14376
2725,16169
2725,16517
2725,16780
2725,18606
2726,6414
2726,6718
2726,7932
2726,12043
2726,13807
2726,14354
2727,4717
2727,4829
2727,5130
2727,6286
2727,12444
2727,19177
2727,19580
2728,3849
2728,4253
2728,5697
2728,6284
2728,6302
2728,6964
2728,8437
2728,10179
2728,10600
2728,11414
2728,11512
2728,11898
2728,12243
2728,14457
2728,15290
2728,18023
2728,18774
2728,19899
2729,2942
2729,3767
2729,3827
2729,8011
2729,8057
2729,8809
2729,12850
2729,16406
2729,17918
2729,17942
2729,18954
2729,19441
2730,3461
2730,4917
2730,7002
2730,9871
2730,10541
2730,11926
2730,11996
2730,13197
2730,14003
2730,14694
2730,14937
2730,14993
2730,15975
2730,16320
2730,16539
2730,16689
2730,16826
2730,19308
2730,19549
2730,19736
2731,4186
2731,6684
2731,9327
2731,15711
2732,2878
2732,7960
2732,9654
2732,13882
2732,16459
2732,18800
2733,3560
2733,3591
2733,4385
2733,7363
2733,8681
2733,9086
2733,11003
2733,12165
2733,14602
2733,16018
2733,17077
2733,17804
2733,19092
2734,6390
2734,6773
2734,10766
2734,17231
2734,19379
2735,8905
2735,11484
2736,3008
2736,4682
2736,5348
2736,6719
2736,19813
2737,3564
2737,5819
2737,6463
2737,8347
2737,8751
2737,10584
2737,12083
2738,2960
2738,3112
2738,3292
2738,4095
2738,4962
2738,7460
2738,8240
2738,11475
2738,11623
2738,12286
2738,13386
2738,18317
2738,19103
2738,19278
2739,3691
2739,7510
2740,3140
2740,4081
2740,5870
2740,8475
2740,9151
2740,10648
2740,11480
2740,12418
2740,13697
2740,14215
2740,18267
2740,19142
2741,3783
2741,5493
2741,7423
2741,7678
2741,7770
2741,8041
2741,9815
2741,10272
2741,11394
2741,11702
2741,14210
2741,14814
2741,15863
2741,16659
2741,18510
2742,3490
2742,3516
2742,7343
2742,8006
2742,9225
2742,10427
2742,13733
2742,16991
2743,3830
2743,4229
2743,4661
2743,4992
2743,6712
2743,7885
2743,13702
2743,15371
2744,3043
2744,5281
2744,5681
2744,8294
2744,9295
2744,10633
2744,13258
2745,7744
2745,9420
2745,9558
2745,14349
2745,15241
2746,3783
2746,4943
2746,5198
2746,6404
2746,9673
2746,11671
2746,12879
2746,13830
2746,14742
2746,15335
2747,5749
2747,9580
2747,10204
2747,10681
2747,10956
2747,14224
2747,17172
2747,19384
2747,19688
2748,3033
2748,3049
2748,5341
2748,5528
2748,5553
2748,5739
2748,5860
2748,5874
2748,6098
2748,6210
2748,6317
2748,7504
2748,7571
2748,8028
2748,8459
2748,9585
2748,9781
2748,10247
2748,12152
2748,14534
2748,16204
2749,2891
2749,4348
2749,6211
2749,7092
2749,7795
2749,9049
2749,10448
2749,11208
2749,14931
2749,15028
2749,16300
2750,3208
2750,3637
2750,5015
2750,5357
2750,5779
2750,5997
2750,6132
2750,9117
2750,10268
2750,13435
2750,14501
2750,15985
2750,17986
2751,5217
2751,8081
2751,17473
2752,3338
2752,3796
2752,5377
2752,6450
2752,7429
2752,7750
2752,8708
2752,8790
2752,9486
2752,10168
2752,10713
2752,10865
2752,12841
2752,15481
2752,15484
2752,16234
2752,18435
2752,19242
2752,19964
2753,2875
2753,2896
2753,4117
2753,6793
2753,7783
2753,8616
2753,8867
2753,8904
2753,11182
2753,12034
2753,13143
2753,13340
2753,17296
2754,3551
2754,7576
2754,9475
2754,13823
2754,14699
2754,15535
2754,15587
2754,16574
2755,3921
2755,5193
2755,15659
2756,3344
2756,3774
2756,4116
2756,5123
2756,5647
2756,8005
2756,12246
2756,13089
2756,13154
2756,14158
2756,14802
2756,17736
2757,2911
2757,3331
2757,4575
2757,5672
2757,5975
2757,6162
2757,12402
2757,15009
2757,17681
2758,3882
2758,3894
2758,5664
2758,7258
2758,10252
2758,16583
2758,17520
2759,2903
2759,3949
2759,4806
2759,7201
2759,7582
2759,9547
2759,11505
2759,11640
2759,12208
2759,14530
2759,15101
2759,15782
2759,15875
2759,17033
2759,19722
2760,3710
2760,4060
2760,4062
2760,7144
2760,9033
2760,9407
2760,12743
2760,12757
2760,14781
2760,18057
2761,4561
2761,5269
2761,5460
2761,5715
2761,6371
2761,6626
2761,8372
2761,9579
2761,11947
2761,12618
2761,14730
2761,16453
2761,18725
2762,15120
2762,18766
2763,6294
2763,6522
2763,9637
2763,12322
2763,12791
2763,18304
2763,18508
2764,3007
2764,3490
2764,4490
2764,8016
2764,15354
2765,3369
2765,4403
2765,5105
2765,5786
2765,5936
2765,6656
2765,11598
2765,17080
2765,19372
2765,19615
2766,3578
2766,5605
2766,6257
2766,8425
2766,9088
2766,9660
2766,9866
2766,10845
2766,11080
2766,11134
2766,11666
2766,12867
2766,13019
2766,18459
2766,19216
2766,19971
2767,5978
2767,7401
2767,9709
2767,10962
2767,11108
2767,11727
2767,13763
2767,16521
2768,10399
2768,14595
2768,18444
2769,3388
2769,4103
2769,4267
2769,4297
2769,4429
2769,5362
2769,6926
2769,7539
2769,8788
2769,10360
2769,12715
2769,13736
2769,15420
2769,15763
2769,18916
2769,19065
2770,2867
2770,3352
2770,5665
2770,5977
2770,6203
2770,7320
2770,10057
2770,11020
2770,13329
2770,13429
2770,15912
2770,16801
2770,18888
2770,19623
2771,2805
2771,4393
2771,4918
2771,9824
2771,9925
2771,9946
2771,10933
2771,13023
2771,14690
2771,15326
2771,16715
2771,17305
2771,17481
2771,19845
2772,3826
2772,5527
2772,6259
2772,10126
2772,12997
2772,13342
2773,2814
2773,4037
2773,4278
2773,4401
2773,5009
2773,5838
2773,7288
2773,7623
2773,7768
2773,7862
2773,8030
2773,8414
2773,10106
2773,11363
2773,12584
2773,12853
2773,14795
2773,15318
2773,15543
2773,16991
2773,17535
2773,18438
2773,19672
2775,9646
2775,15367
2775,19753
2776,3029
2776,5154
2776,5250
2776,5517
2776,5850
2776,9277
2776,9612
2776,11390
2776,12267
2776,13367
2776,13379
2776,13444
2776,13497
2777,4202
2777,5029
2777,5976
2777,7736
2777,11166
2777,13233
2777,18319
2777,19403
2778,3715
2778,3746
2778,4692
2778,4755
2778,5984
2778,6243
2778,6341
2778,8200
2778,8937
2778,9872
2778,11251
2778,12500
2778,14304
2778,17804
2778,19925
2779,6293
2779,8575
2779,9043
2779,12729
2779,14869
2779,15777
2780,3220
2780,4357
2780,5589
2780,8559
2780,9213
2780,9544
2780,15819
2780,17837
2780,19525
2781,17780
2782,3701
2782,4274
2782,5399
2782,8083
2782,8477
2782,12243
2782,17114
2783,3367
2783,7358
2783,9849
2783,10020
2783,11640
2783,11994
2783,14355
2783,17173
2783,19991
2784,3736
2784,4827
2784,5791
2784,6738
2784,10066
2784,13964
2784,16470
2784,19045
2784,19244
2785,3322
2785,8510
2785,8743
2785,8994
2785,9972
2785,10003
2785,10006
2786,4046
2786,5462
2786,7667
2786,8636
2786,12015
2786,14844
2786,18580
2787,16513
2788,6280
2788,10482
2788,19219
2789,3954
2789,4374
2789,5803
2789,6330
2789,6575
2789,6692
2789,8841
2789,9507
2789,9781
2789,12565
2789,15737
2789,19231
2789,19507
2790,5451
2790,8222
2790,8275
2790,12700
2790,13932
2790,14033
2790,15066
2791,5154
2791,5313
2791,6720
2791,11967
2792,6150
2792,7465
2792,9924
2792,15102
2792,15372
2793,2914
2793,4314
2793,4421
2793,6709
2793,8897
2793,11495
2793,13906
2793,14020
2793,14992
2793,15455
2793,15531
2793,15955
2793,17139
2794,4199
2794,7950
2794,8913
2794,10772
2794,12894
2794,19119
2794,19159
2794,19513
2795,6114
2795,11514
2795,12335
2795,13887
2796,4076
2796,4118
2796,9740
2796,14394
2797,3169
2797,3910
2797,8329
2797,8723
2797,10379
2797,10642
2797,10989
2797,11826
2797,13671
2797,16704
2797,17015
2797,18608
2798,3031
2798,3242
2798,3446
2798,4923
2798,7911
2798,8055
2798,10445
2798,10694
2798,10989
2798,11582
2798,11750
2798,11922
2798,15045
2798,16261
2798,17103
2798,17709
2798,19787
2799,3850
2799,5346
2799,5389
2799,7026
2799,8179
2799,10317
2799,13765
2799,14834
2799,15750
2800,4821
2800,4825
2800,4832
2800,5164
2800,5462
2800,5715
2800,5850
2800,11782
2800,12603
2801,3663
2801,5422
2801,5572
2801,8028
2801,8742
2801,9382
2801,12748
2801,13127
2801,16128
2802,3784
2802,3890
2802,4891
2802,9585
2802,10409
2803,8199
2804,3166
2804,5350
2804,11278
2804,12784
2804,13332
2804,13428
2804,15394
2804,15536
2804,16003
2804,18582
2804,19488
2805,3308
2805,5035
2805,5691
2805,6752
2805,10854
2805,12431
2805,13640
2806,3295
2806,4460
2806,9898
2806,18339
2807,3012
2807,7198
2807,8053
2808,6344
2808,7415
2808,10207
2809,5280
2809,7157
2809,9045
2809,9066
2809,9193
2809,11934
2809,13325
2809,14725
2809,14914
2809,15259
2809,16605
2809,19531
2810,4186
2810,4193
2810,4787
2810,5372
2810,5850
2810,6719
2810,7100
2810,10988
2810,11456
2810,11475
2810,11490
2810,12068
2810,13624
2810,14054
2810,18248
2811,4789
2811,8501
2811,8593
2811,16602
2811,16767
2811,16818
2812,4595
2812,5676
2812,5708
2812,6178
2812,14534
2812,16814
2813,2897
2813,5489
2813,5668
2813,9067
2814,2815
2814,3260
2814,4511
2814,6489
2814,10235
2814,12361
2814,12638
2814,17478
2814,19115
2815,3091
2815,4384
2815,7497
2816,5388
2816,5504
2816,5918
2816,8549
2816,9709
2816,15313
2816,15853
2817,6408
2817,9691
2817,12101
2817,12721
2817,12935
2817,13469
2817,16598
2817,16953
2818,2965
2818,4365
2818,6158
2818,8395
2818,9463
2818,10287
2818,18196
2818,18786
2818,19276
2818,19508
2819,3186
2819,3847
2819,4045
2819,4307
2819,4393
2819,4825
2819,8279
2819,8644
2819,10935
2819,12063
2819,18653
2820,2942
2820,5996
2820,7678
2820,8446
2820,15777
2821,3717
2821,4044
2821,6963
2821,7521
2821,7735
2821,10452
2821,14091
2822,3669
2822,4132
2822,4732
2822,7117
2822,8311
2822,9196
2822,10791
2822,13805
2822,17064
2822,17990
2822,18556
2822,19076
2823,3544
2823,3801
2823,3975
2823,4436
2823,6201
2823,7013
2823,7092
2823,7232
2823,9110
2823,13326
2823,14333
2823,14335
2823,16181
2823,16686
2823,17787
2823,17982
2824,4862
2824,7041
2824,8191
2824,15513
2824,16750
2824,19084
2825,5547
2825,5959
2825,9023
2825,18355
2826,3272
2827,14973
2827,17513
2827,19600
2828,3998
2828,4706
2828,5718
2828,6593
2828,7119
2828,7586
2828,7870
2828,8099
2828,11534
2828,12247
2828,12280
2828,12569
2828,13517
2828,13683
2828,14160
2828,14334
2828,15383
2828,18473
2828,18591
2829,2937
2829,6639
2829,7119
2829,7896
2829,8224
2829,10759
2829,11127
2829,11582
2829,12504
2829,13242
2829,14274
2829,16126
2829,17043
2829,18098
2830,4110
2830,6779
2830,6877
2830,8469
2830,9032
2830,9558
2830,9966
2830,16650
2831,3411
2831,4411
2831,7272
2831,19429
2832,4263
2832,4634
2832,4680
2832,4952
2832,9411
2832,10092
2832,10583
2832,12480
2832,12860
2832,13502
2832,14020
2832,14279
2832,15571
2832,15766
2832,17726
2832,17747
2832,18094
2833,4514
2833,5239
2833,6778
2833,10382
2833,10557
2833,10731
2833,11750
2833,12588
2833,16679
2834,3390
2834,3498
2834,3946
2834,7966
2834,9813
2834,9896
2834,13396
2834,16067
2834,19570
2835,5327
2836,12803
2836,13819
2836,16247
2836,16890
2837,2883
2837,13649
2837,19308
2838,2955
2838,3315
2838,3860
2838,4563
2838,7896
2838,8918
2838,10280
2838,13054
2838,18557
2839,7024
2839,10772
2839,12898
2839,14252
2840,3244
2840,6511
2840,7549
2840,8101
2840,10441
2840,12301
2840,14067
2841,3557
2841,4496
2841,4855
2841,5380
2841,6259
2841,7597
2841,13085
2841,14968
2841,19080
2842,3533
2842,4394
2842,6410
2842,16709
2842,17049
2843,4135
2843,6336
2843,7556
2843,8850
2843,9049
2843,11972
2843,14345
2843,18590
2844,3906
2844,5615
2844,6498
2844,6609
2844,11856
2844,11912
2844,11930
2844,14598
2844,19482
2845,2852
2845,4507
2845,6662
2845,6666
2845,6744
2845,8385
2845,8560
2845,14165
2845,14365
2845,17708
2845,18549
2846,3279
2846,8377
2846,11068
2846,14287
2847,3386
2847,3452
2847,4638
2847,7766
2847,9971
2847,15135
2848,3129
2848,7873
2848,9857
2848,10014
2848,10829
2848,16998
2848,17270
2848,18799
2849,2988
2849,5001
2849,8177
2849,8843
2849,9667
2849,12204
2849,12230
2849,13312
2849,16647
2850,3584
2850,4082
2850,4105
2850,4116
2850,8007
2850,8987
2850,10984
2850,13359
2850,15307
2850,15625
2850,16405
2851,3552
2851,3727
2851,5147
2851,6603
2851,8048
2851,11225
2851,11573
2851,13049
2851,14889
2851,15567
2851,18154
2851,19080
2851,19655
2852,5316
2852,12432
2853,3070
2853,3978
2853,8210
2853,12399
2853,13601
2853,19459
2854,2969
2854,3491
2854,5553
2854,6870
2854,7344
2854,10962
2854,12822
2854,13789
2854,16386
2854,17110
2855,7131
2855,7441
2855,11437
2855,17559
2855,18635
2856,3124
2856,3240
2856,3447
2856,3557
2856,3741
2856,4529
2856,5025
2856,5472
2856,7233
2856,8409
2856,9832
2856,11155
2856,12989
2856,13411
2856,14542
2856,14878
2857,4818
2857,5018
2857,5660
2857,7877
2857,8666
2857,9644
2857,10327
2857,12591
2857,12686
2857,15272
2857,15463
2857,19397
2857,19474
2858,3028
2858,4562
2858,4962
2858,6330
2858,6351
2858,8640
2858,8722
2858,9953
2858,11237
2858,19301
2858,19934
2859,3798
2859,4469
2859,12382
2860,4524
2860,9508
2860,9783
2860,11299
2860,14180
2860,15261
2860,15358
2860,15487
2861,3743
2861,4372
2861,4496
2861,4949
2861,5438
2861,5651
2861,7210
2861,8114
2861,14161
2861,14225
2861,14382
2861,16405
2861,19396
2862,2893
2862,3208
2862,3436
2862,9041
2862,9937
2862,10696
2862,11819
2862,12400
2862,14087
2862,15863
2862,16646
2862,16868
2862,17534
2862,17873
2862,18529
2862,18991
2862,19055
2863,3416
2863,4045
2863,5071
2863,5972
2863,6700
2863,11550
2863,11961
2863,12309
2863,12612
2863,14485
2863,14728
2863,15117
2863,16102
2863,17587
2863,17908
2863,19519
2864,3100
2864,5084
2864,5509
2864,6755
2864,7406
2864,7892
2864,8894
2864,14244
2864,16231
2864,16301
2864,16329
2864,16908
2864,19088
2865,4639
2865,6065
2865,8487
2865,15972
2866,3188
2866,3728
2866,6212
2866,6547
2866,7097
2866,7809
2866,8209
2866,8216
2866,8615
2866,13709
2866,15841
2866,18519
2866,19582
2867,4311
2867,6148
2867,6872
2867,7557
2867,8296
2867,8301
2867,8318
2867,9271
2867,9529
2867,11253
2867,14888
2867,16931
2868,6074
2868,7262
2868,7860
2868,11611
2868,14834
2868,16991
2868,17667
2868,17850
2869,2972
2869,10011
2869,13688
2869,17222
2870,3000
2870,5619
2870,6379
2870,9421
2870,10439
2870,10873
2870,11125
2870,11232
2870,16938
2870,16965
2871,3025
2871,3906
2871,5066
2871,5583
2871,8808
2871,9126
2871,9428
2871,13228
2871,14529
2871,18940
2872,5416
2872,7102
2872,8934
2872,9135
2872,10497
2872,12567
2872,12856
2872,14316
2872,14733
2872,18700
2873,3399
2873,4581
2873,6293
2873,6774
2873,9610
2873,16799
2874,3416
2874,5030
2874,6236
2874,8343
2874,9057
2874,12076
2875,4587
2875,5133
2875,5535
2875,7223
2875,7773
2875,8237
2875,9375
2875,9493
2875,10150
2875,10611
2875,11625
2875,11767
2875,13422
2875,13941
2876,8010
2876,9383
2877,2937
2877,4243
2877,5099
2877,5284
2877,6069
2877,6316
2877,7121
2877,7837
2877,8074
2877,8263
2877,10439
2877,14310
2877,14607
2877,19587
2878,9837
2878,10006
2878,12674
2878,16351
2878,18058
2878,19401
2879,6309
2879,11347
2879,13078
2880,2891
2880,4233
2880,7607
2880,16694
2881,2902
2881,3409
2881,3971
2881,4135
2881,8569
2881,9669
2881,10058
2881,11775
2881,12017
2881,14122
2882,15041
2883,4604
2883,6014
2883,11678
2883,18116
2884,6650
2885,4219
2885,5075
2885,13355
2885,15264
2885,19381
2886,8195
2886,11718
2886,18463
2887,3357
2887,3780
2887,5170
2887,6573
2887,6804
2887,12431
2887,12664
2887,15703
2887,18758
2887,19124
2888,5712
2888,5985
2888,6147
2888,8107
2888,9758
2888,11760
2889,4234
2889,4586
2889,4823
2889,11761
2889,18494
2890,3408
2890,4346
2890,4395
2890,9762
2890,18525
2891,2906
2891,9140
2891,9233
2891,9965
2891,11055
2891,12776
2891,17886
2891,18146
2892,4091
2892,6629
2892,7623
2892,9207
2892,11047
2892,12592
2892,14649
2892,18780
2893,3267
2893,6329
2893,10623
2893,11634
2893,16153
2894,3511
2894,4680
2894,4889
2894,10157
2894,13691
2895,2911
2895,4203
2895,5137
2895,7080
2895,7236
2895,7931
2895,11345
2895,15907
2895,19857
2896,3931
2896,5982
2896,6631
2896,6732
2896,7810
2896,9010
2896,9078
2896,9144
2896,9341
2896,12849
2896,14367
2896,17489
2897,4140
2897,4825
2897,5670
2897,7379
2897,7906
2897,9484
2897,18863
2898,5475
2898,6393
2898,7542
2898,9287
2898,15351
2898,15587
2898,16286
2899,2986
2899,3213
2899,9610
2899,13202
2899,15704
2899,16821
2900,10038
2900,10129
2901,3471
2901,4067
2901,5370
2901,5813
2901,6428
2901,8385
2901,8548
2901,9348
2901,11366
2901,14294
2901,16253
2901,16377
2902,3729
2902,7092
2902,11921
2902,13892
2902,15054
2902,15986
2902,17565
2903,3966
2903,5482
2903,5987
2903,8122
2903,12190
2904,5439
2905,4766
2905,6593
2905,7361
2905,13439
2905,14840
2905,15902
2905,16521
2905,19168
2905,19958
2906,2970
2906,3103
2906,5732
2906,9273
2906,9302
2906,11050
2906,11436
2906,12678
2906,12922
2906,14862
2906,14894
2906,15285
2907,4221
2907,4588
2907,4644
2907,6038
2907,8050
2907,9261
2907,12788
2907,13717
2907,14894
2907,15347
2907,17388
2908,4281
2908,4413
2908,15171
2909,3273
2909,3284
2909,6584
2909,8090
2909,10209
2909,15993
2910,3375
2910,3903
2910,5636
2910,9065
2910,9868
2910,15329
2911,14932
2911,17522
2911,18662
2912,10784
2912,14561
2913,6090
2913,6562
2913,7486
2913,8717
2913,13812
2913,15917
2913,17031
2913,19661
2914,6233
2914,6560
2914,6594
2914,6686
2914,8854
2914,9082
2914,10221
2914,17129
2914,18132
2914,19827
2915,3580
2915,3726
2915,5350
2915,9906
2915,10214
2915,13122
2915,13601
2915,16176
2915,16241
2915,19796
2916,4568
2916,5577
2916,6747
2916,13194
2916,13278
2916,14083
2916,15209
2916,19066
2916,19391
2917,3659
2917,4341
2917,4925
2917,6585
2917,7765
2917,9326
2917,9328
2917,11673
2917,12393
2917,12571
2917,13970
2917,17336
2917,18925
2918,3130
2918,5013
2918,8076
2918,8735
2918,11263
2918,15519
2918,17752
2918,19650
2919,2975
2919,6094
2919,7215
2919,7748
2919,8209
2919,8235
2919,8868
2919,9619
2919,11868
2919,12293
2919,12423
2919,13873
2919,14476
2919,15665
2919,16709
2919,17081
2920,3509
2920,4632
2920,8024
2920,8169
2920,8582
2920,9516
2920,9802
2920,16134
2920,17080
2921,3614
2921,3954
2921,4589
2921,5027
2921,6524
2921,9321
2921,10401
2921,12851
2921,13380
2921,14170
2921,15453
2921,15856
2921,16464
2921,19208
2921,19319
2922,4577
2922,8101
2922,10548
2922,13297
2922,16920
2923,6571
2923,7999
2923,9108
2923,10089
2923,11145
2923,11804
2923,11984
2923,14413
2923,15400
2923,19061
2924,3605
2924,4568
2924,4848
2924,7344
2924,12461
2924,18913
2925,5317
2925,5530
2925,7266
2925,9260
2925,12395
2925,13220
2925,13968
2925,17261
2925,17487
2926,3305
2926,9564
2926,10353
2926,12536
2926,18481
2927,3393
2927,3697
2927,3777
2927,5868
2927,11172
2927,12716
2927,13278
2927,13731
2927,13799
2927,16241
2927,17710
2928,3675
2928,3724
2928,4432
2928,6217
2928,6883
2928,8402
2928,9002
2928,11288
2928,11528
2928,12987
2928,13313
2928,16649
2928,18144
2928,19626
2929,5768
2929,8035
2929,11311
2930,6105
2930,6237
2930,7376
2930,8724
2930,9854
2930,15485
2931,3505
2931,3844
2931,7402
2931,9033
2931,11437
2931,11867
2931,13146
2931,14645
2931,15643
2931,17594
2932,5332
2932,5403
2932,12011
2932,12355
2932,16567
2933,6800
2933,7051
2933,18764
2934,3564
2934,3901
2934,4499
2934,4668
2934,5053
2934,9288
2934,17045
2935,3204
2935,5629
2935,11397
2935,11805
2935,14212
2935,19586
2936,3512
2936,4178
2936,9763
2936,19280
2937,4106
2937,6691
2937,10342
2937,10398
2937,11639
2937,13315
2937,13579
2937,14586
2937,14872
2937,15585
2937,18600
2937,18624
2937,19750
2938,5976
2938,7830
2938,13774
2938,14437
2939,4563
2939,4819
2939,6054
2939,9771
2939,12435
2940,3001
2940,3441
2940,3626
2940,8509
2940,9352
2940,9491
2940,9944
2940,16952
2940,18674
2941,5585
2941,9298
2942,5096
2942,6514
2942,7474
2942,8686
2942,8760
2942,10044
2942,12182
2942,12209
2942,13357
2943,4883
2943,5943
2943,7648
2943,8447
2943,8971
2943,9512
2943,14525
2944,3246
2944,4340
2944,4342
2944,4616
2944,5367
2944,5592
2944,5856
2944,5875
2944,7580
2944,8502
2944,8555
2944,10227
2944,11330
2944,15209
2944,16138
2944,16640
2944,18212
2944,19323
2944,19538
2945,5488
2945,9766
2945,18774
2945,19620
2946,3034
2946,5799
2946,5977
2946,6806
2946,7245
2946,7435
2946,7909
2946,11109
2946,12641
2946,13219
2946,16330
2946,17342
2946,17855
2946,17959
2946,19057
2947,3099
2947,3954
2947,4092
2947,4146
2947,4203
2947,5292
2947,5465
2947,7462
2947,8310
2947,8429
2947,8543
2947,10979
2947,11142
2947,12919
2947,15281
2947,15833
2947,18366
2948,12375
2948,15021
2949,3912
2949,4295
2949,5503
2949,6342
2949,7434
2949,9571
2949,13260
2949,14584
2949,14659
2949,17738
2949,18608
2950,3571
2950,3945
2950,5214
2950,8973
2950,12947
2951,3484
2951,3825
2951,3952
2951,4120
2951,5750
2951,6099
2951,7654
2951,8038
2951,8726
2951,9893
2951,12209
2951,13296
2951,13898
2951,14880
2951,15295
2951,17061
2951,18075
2951,19091
2952,3688
2952,4187
2952,6906
2952,9153
2952,18922
2953,3764
2953,11348
2953,12837
2955,3182
2955,5506
2955,6082
2955,6095
2955,6312
2955,11769
2955,12406
2955,12777
2955,16229
2955,17833
2956,3080
2956,3657
2956,6073
2956,6397
2956,10418
2957,5528
2957,6050
2957,10125
2957,11264
2957,11746
2957,17282
2957,18159
2957,19885
2958,3050
2958,5345
2958,14254
2958,15067
2958,16483
2959,4791
2959,4840
2959,5487
2959,8932
2959,12204
2959,14962
2959,16289
2959,16761
2960,8235
2960,11238
2960,13198
2961,3658
2961,4625
2961,14338
2961,16543
2962,3313
2962,3853
2962,4033
2962,4345
2962,5797
2962,6491
2962,7031
2962,7995
2962,11879
2962,16792
2963,3072
2963,4288
2963,5252
2963,6440
2963,7403
2963,9207
2963,11776
2963,15284
2963,18868
2964,3604
2964,7247
2964,11449
2964,13981
2964,15425
2964,17014
2965,3140
2965,4111
2965,5809
2965,6770
2965,7864
2965,9263
2965,12414
2965,16431
2965,16891
2965,17137
2965,18797
2966,4422
2966,5890
2966,8883
2966,9870
2966,10861
2966,11200
2966,18362
2966,19284
2967,3356
2967,3420
2967,4252
2967,6211
2967,7429
2967,7693
2967,7998
2967,10238
2967,10855
2967,11933
2967,13321
2967,13780
2967,14374
2967,15287
2967,15467
2967,16835
2967,19593
2968,3734
2968,7389
2968,9830
2968,10776
2969,3940
2969,4941
2969,6285
2969,6455
2969,6539
2969,7215
2969,11194
2969,11512
2969,11619
2969,13255
2969,19153
2970,3362
2970,3814
2970,4169
2970,5547
2970,8204
2970,16825
2970,18720
2970,19432
2971,6586
2971,6923
2971,7450
2971,7634
2971,9374
2971,10280
2971,11226
2971,13270
2971,16609
2972,3034
2972,4719
2972,5703
2972,7581
2972,7816
2972,9756
2972,10690
2972,12931
2972,13294
2972,13580
2972,17026
2973,4301
2973,4731
2973,6249
2973,7803
2973,8953
2973,9446
2973,10722
2973,16822
2973,18829
2974,3251
2974,4088
2974,7274
2974,8437
2974,11365
2974,13030
2974,13062
2974,14031
2974,17952
2974,18261
2974,19159
2975,3581
2975,5195
2975,7114
2975,7341
2975,9179
2975,10879
2975,11098
2975,14580
2976,5301
2976,6048
2976,7182
2976,8126
2976,10276
2976,14953
2976,19831
2977,3191
2977,4122
2977,4218
2977,4683
2977,5182
2977,5548
2977,5930
2977,7393
2977,8311
2977,8817
2977,9114
2977,9354
2977,11436
2977,12537
2977,13731
2977,16965
2978,4273
2978,5773
2978,15242
2979,4799
2979,5087
2979,5813
2979,8692
2979,12516
2979,17564
2979,19516
2980,3315
2980,6880
2980,10266
2981,3485
2981,4899
2981,8001
2981,8786
2981,15884
2981,15957
2981,16000
2981,17817
2982,3378
2982,4478
2982,4688
2982,4925
2982,5202
2982,8495
2982,11073
2982,11596
2982,13214
2982,15332
2982,15366
2982,15909
2983,4514
2983,6788
2983,7159
2983,9876
2983,10925
2983,18981
2984,3440
2984,3656
2984,6207
2984,6561
2984,7849
2984,10680
2984,14910
2984,15375
2984,18628
2984,19569
2984,19707
2985,5926
2985,10349
2985,16397
2985,19894
2986,3485
2986,3754
2986,3834
2986,4283
2986,5039
2986,5241
2986,7470
2986,9350
2986,11294
2986,13922
2987,6815
2987,7805
2987,8764
2987,13769
2988,7247
2988,14882
2989,5512
2989,5729
2989,5975
2989,7227
2989,7659
2989,8857
2989,10989
2989,11752
2989,15454
2989,16049
2989,16815
2989,17398
2989,17405
2989,18456
2990,5693
2990,14905
2991,8043
2991,8810
2991,9103
2991,9673
2991,11350
2991,17541
2992,5437
2992,7950
2992,10512
2992,12235
2992,14361
2992,16248
2992,17770
2992,19150
2993,4213
2993,13588
2993,17438
2994,3148
2994,4058
2994,5283
2994,6220
2994,7535
2994,8172
2995,3250
2995,3359
2995,3643
2995,18737
2996,3223
2996,4465
2996,4624
2996,7820
2996,9502
2996,10794
2996,17816
2997,3392
2997,4152
2997,4180
2997,4297
2997,7186
2997,10540
2997,10917
2997,11777
2997,15624
2997,17400
2997,18307
2997,18516
2997,18930
2998,10248
2998,10921
2998,11222
2998,11576
2999,3330
2999,3618
2999,5182
2999,13098
2999,13613
2999,15149
2999,15628
2999,19463
3001,3106
3001,3454
3001,5032
3001,6777
3001,16014
3001,17342
3002,3361
3002,4995
3002,7151
3002,10505
3002,17187
3003,4629
3003,5741
3003,8995
3003,9299
3003,14460
3004,3318
3004,3475
3004,5914
3004,9531
3004,10008
3004,13150
3004,19663
3005,3018
3005,3611
3005,3863
3005,4139
3005,4720
3005,4915
3005,5663
3005,6111
3005,6340
3005,6404
3005,6648
3005,9273
3005,11389
3005,15983
3006,15173
3007,3394
3007,8604
3007,19722
3008,5037
3008,6816
3008,15098
3008,19792
3009,3097
3009,4610
3009,4898
3009,5574
3009,8843
3009,10037
3010,6971
3010,13897
3010,17979
3011,8684
3011,15781
3012,7220
3012,14041
3012,14420
3013,3706
3013,4506
3013,4757
3013,4945
3013,6925
3013,7005
3013,8115
3013,9102
3013,11987
3013,13552
3013,19232
3014,6160
3014,7726
3014,8490
3014,9266
3014,12189
3014,13941
3014,15680
3014,15885
3015,3140
3015,4423
3015,4614
3015,5116
3015,6484
3015,8333
3015,11919
3015,15373
3015,16909
3015,19105
3016,7272
3016,7734
3016,10747
3016,17826
3017,6285
3017,9064
3017,9210
3017,11415
3018,5310
3018,6147
3018,8164
3018,11810
3018,14442
3018,15550
3019,3988
3019,5999
3019,6433
3019,7363
3019,8119
3019,8796
3019,9189
3019,18822
3020,6013
3020,6172
3020,6439
3020,6624
3020,6946
3020,7728
3020,8567
3020,10719
3020,12312
3020,12872
3020,13635
3020,16527
3020,16672
3020,18157
3021,3776
3021,4257
3021,6204
3021,6645
3021,7367
3021,10194
3021,11040
3021,11514
3021,11618
3021,11986
3021,16068
3021,16337
3021,17017
3021,18577
3021,18882
3022,4675
3022,12119
3022,12256
3022,12994
3022,14768
3022,16778
3023,3176
3023,4726
3023,5014
3023,6167
3023,9687
3023,17047
3024,3306
3024,3389
3024,3531
3024,3756
3024,4335
3024,4407
3024,4439
3024,4819
3024,5017
3024,6913
3024,7066
3024,7365
3024,7626
3024,7923
3024,7990
3024,8185
3024,8437
3024,8684
3024,9671
3024,10115
3024,10285
3024,10620
3024,10702
3024,10743
3024,11594
3024,11599
3024,12088
3024,12772
3024,13396
3024,13684
3024,13799
3024,14159
3024,15836
3024,18507
3024,18604
3024,19315
3025,3066
3025,3967
3025,4695
3025,5121
3025,5380
3025,7180
3025,8298
3025,8381
3025,8540
3025,9838
3025,9864
3025,11113
3025,11173
3025,12553
3025,15497
3025,15843
3025,16151
3025,16309
3025,19843
3026,5006
3026,6079
3026,8007
3026,8924
3026,14443
3026,14913
3026,15459
3027,4437
3027,5100
3027,6594
3027,7379
3027,8088
3027,17714
3027,19376
3028,4144
3028,5250
3028,5648
3028,6197
3028,7218
3028,9666
3028,9846
3028,11373
3028,13174
3028,15405
3028,16021
3028,16310
3028,18673
3028,19390
3029,7512
3029,8568
3029,16754
3029,18769
3029,19748
3030,4019
3030,4389
3030,17308
3031,5188
3031,5222
3031,5470
3031,7058
3031,7338
3031,7578
3031,8758
3031,13888
3031,15511
3031,17260
3032,3474
3032,3999
3032,4882
3032,5542
3032,7520
3032,8665
3032,9149
3032,10922
3032,11314
3032,12270
3032,12817
3032,15849
3032,17298
3032,18525
3032,18962
3033,3351
3033,5141
3033,6426
3033,10079
3033,12770
3033,12844
3033,15569
3034,3188
3034,3812
3034,8260
3034,8821
3034,11275
3034,14734
3034,19052
3034,19067
3035,7681
3035,14128
3035,15826
3036,5474
3036,10066
3036,10426
3036,15011
3036,18545
3037,4798
3037,5138
3037,6187
3037,11395
3038,7461
3038,7925
3038,9055
3038,10739
3038,12112
3038,13090
3038,13484
3038,19536
3039,3244
3039,5654
3039,10157
3039,16324
3040,4112
3040,4211
3040,4325
3040,4463
3040,8228
3040,9696
3040,13144
3040,15001
3040,15216
3040,16014
3040,16315
3041,3494
3041,4354
3041,4631
3041,5507
3041,7175
3041,9631
3041,10585
3041,11801
3041,11891
3041,13669
3041,14582
3041,18471
3042,3491
3042,3825
3042,3837
3042,4055
3042,5309
3042,7933
3042,10967
3042,11466
3042,11779
3042,12105
3042,14327
3042,15911
3043,3218
3043,4588
3043,4751
3043,5132
3043,5645
3043,5741
3043,7271
3043,10023
3043,12377
3043,16663
3044,4543
3044,5476
3044,7228
3044,14824
3044,19798
3045,5826
3045,9490
3045,15502
3046,7777
3046,19287
3047,4101
3047,4214
3047,4817
3047,6802
3047,8017
3047,8562
3047,8957
3047,9748
3047,17622
3048,3345
3048,4825
3048,5171
3048,8832
3048,9538
3048,19756
3049,4934
3049,9162
3049,12222
3049,12744
3049,17082
3049,18709
3050,7492
3050,8715
3050,11700
3050,13890
3050,14354
3050,16541
3051,3956
3051,6990
3051,7362
3051,11590
3051,11906
3051,12930
3052,6794
3052,9203
3052,10387
3052,11517
3052,13235
3052,13792
3052,17314
3053,3766
3053,8417
3053,11387
3053,13533
3053,16468
3053,18872
3054,7020
3054,9157
3054,14361
3054,19217
3055,5431
3055,10286
3055,12211
3055,18951
3056,4008
3056,7055
3056,7818
3056,9713
3056,11070
3056,17797
3057,4878
3057,6761
3057,18553
3057,18645
3057,19566
3058,4829
3058,11782
3058,17036
3058,17196
3058,19259
3059,3140
3059,5603
3059,8012
3059,14108
3059,16099
3060,15941
3060,18356
3061,4014
3061,5836
3061,7688
3061,7861
3061,8015
3061,8198
3061,8286
3061,9438
3061,10640
3061,10704
3061,14419
3062,3634
3062,4257
3062,6260
3062,6326
3062,6504
3062,6912
3062,7492
3062,7553
3062,8506
3062,8572
3062,12307
3062,12372
3062,13781
3062,14115
3062,14350
3062,15907
3062,15914
3062,17596
3062,18568
3063,7090
3063,10105
3064,4700
3064,6035
3064,6159
3064,6511
3064,8344
3064,9137
3064,11926
3064,13351
3064,18631
3065,6569
3065,7875
3065,14011
3065,16044
3065,17136
3066,4100
3066,4443
3066,5784
3066,8288
3066,9228
3066,10972
3066,12281
3066,17221
3066,18629
3067,3979
3067,4317
3067,4873
3067,5698
3067,10804
3067,15231
3067,18861
3067,19927
3068,3631
3068,5956
3068,6914
3068,6941
3068,7475
3068,14818
3068,17573
3069,3098
3069,5682
3069,8065
3069,10339
3069,14628
3069,15227
3069,18731
3069,19310
3071,5420
3071,5421
3071,6717
3071,7984
3071,9619
3071,10007
3071,11059
3071,13041
3071,17912
3071,18481
3072,6812
3072,13620
3072,16349
3072,19349
3073,4559
3073,7495
3073,8910
3073,9284
3073,14307
3073,18207
3073,19357
3074,5911
3075,3202
3075,3500
3075,5474
3075,7346
3075,9821
3075,10047
3075,12160
3075,13285
3075,15138
3075,16936
3075,17360
3075,18311
3075,19219
3076,6000
3076,6167
3076,8932
3076,10319
3076,12464
3076,12833
3076,15528
3076,18926
3077,3978
3077,6907
3077,12624
3077,14520
3078,12970
3078,15909
3078,16741
3078,17048
3079,4907
3079,4987
3079,6464
3079,7986
3079,8867
3079,11032
3079,13823
3079,15689
3079,16545
3079,19181
3080,3695
3080,5249
3080,9207
3080,16664
3080,17378
3080,18069
3080,19789
3081,3346
3081,10254
3081,10564
3081,11141
3081,17433
3082,6728
3082,18625
3083,3336
3083,3568
3083,3986
3083,6813
3083,8699
3083,11857
3083,12899
3083,14250
3083,14261
3083,17002
3083,17067
3083,17182
3083,18708
3083,19247
3084,3694
3084,6116
3084,10156
3084,16579
3085,3522
3085,4253
3085,5843
3085,8233
3085,9331
3085,9396
3085,12780
3085,14006
3085,19965
3086,3495
3086,3746
3086,4823
3086,6103
3086,8080
3086,9527
3086,9825
3087,4112
3087,5928
3087,6411
3087,7904
3087,8551
3087,8999
3087,13298
3087,13362
3087,14329
3087,16200
3087,18324
3087,19540
3087,19908
3087,19923
3088,3282
3088,8666
3088,12553
3088,12822
3088,16044
3089,5721
3089,7498
3089,9104
3089,14516
3089,19691
3090,8455
3090,8562
3090,13787
3090,17160
3090,17588
3090,19241
3090,19282
3090,19420
3090,19795
3091,5713
3091,6144
3091,6315
3092,6147
3092,15544
3092,17903
3093,7326
3094,5758
3094,9194
3094,10130
3094,12476
3094,14936
3094,18938
3095,5097
3095,8641
3095,8994
3095,11087
3095,12116
3095,12469
3095,13091
3095,13953
3095,15386
3095,19332
3096,15878
3097,6383
3097,9845
3097,12036
3097,16198
3097,18200
3098,5062
3098,6849
3098,10642
3098,12907
3098,18594
3099,4553
3099,4704
3099,5782
3099,14439
3100,3233
3100,6744
3100,8412
3100,13995
3100,19114
3100,19696
3101,5417
3101,7349
3101,9166
3101,9931
3101,11829
3101,17886
3101,18245
3102,3814
3102,6863
3102,7174
3102,7247
3102,14476
3103,3510
3103,5894
3103,12985
3103,14039
3103,15849
3103,16341
3104,4065
3104,7182
3104,10268
3104,11262
3104,15720
3104,17412
3104,18709
3105,3799
3105,7457
3105,15025
3105,18114
3106,4349
3106,5371
3106,5667
3106,15494
3106,16009
3107,3246
3107,3868
3107,5589
3107,8086
3107,8357
3107,8917
3107,9092
3107,9677
3107,9894
3107,9971
3107,15425
3107,16694
3107,16992
3108,3652
3108,15164
3109,3289
3109,3572
3109,3947
3109,5051
3109,6173
3109,7662
3109,12467
3109,14613
3111,6002
3111,8287
3111,12324
3111,14145
3111,14783
3111,19653
3112,4457
3113,6295
3113,18962
3114,3837
3114,4401
3114,7210
3114,8687
3114,8886
3114,13905
3115,3673
3115,5231
3115,7512
3115,8043
3115,8370
3115,8831
3115,9915
3115,16901
3116,5406
3116,6403
3116,9132
3116,13182
3116,14187
3116,14281
3116,18738
3117,4313
3117,12130
3117,12579
3118,3505
3118,4379
3118,4462
3118,4805
3118,6820
3118,6852
3118,9726
3118,9755
3118,11971
3118,12152
3118,12259
3118,15573
3118,15743
3118,19899
3119,7082
3119,9222
3119,15450
3120,9450
3120,11913
3121,7157
3121,11135
3121,11919
3121,18485
3122,3278
3122,3414
3122,4069
3122,7032
3122,18909
3122,18936
3123,4177
3123,5493
3123,6379
3123,7375
3123,7604
3123,9439
3123,12655
3123,14454
3123,16280
3123,16744
3123,16838
3123,16900
3123,17896
3123,19113
3124,3255
3124,3535
3124,3936
3124,5928
3124,7633
3124,8031
3124,8732
3124,11890
3124,13144
3124,15413
3124,16467
3124,17214
3124,19533
3125,3566
3125,12938
3126,3711
3126,4638
3126,7572
3126,13614
3126,17938
3126,19138
3127,3619
3127,9354
3128,3418
3128,5664
3128,5931
3128,7162
3128,9857
3128,10832
3128,12425
3128,12631
3128,14640
3128,15099
3129,3912
3129,3975
3129,4649
3129,8827
3129,9951
3129,10045
3129,10895
3129,11062
3129,11338
3129,11660
3129,11854
3129,14172
3129,16111
3129,16393
3129,16468
3129,17076
3129,17962
3129,18025
3129,18610
3129,19194
3130,3884
3130,5690
3130,7511
3130,9125
3130,10390
3130,12726
3131,3583
3131,3771
3131,4354
3131,5465
3131,6689
3131,13845
3131,17209
3132,8282
3132,9237
3132,9631
3132,10288
3132,12814
3132,16931
3132,17815
3133,5929
3133,15507
3134,4525
3135,3684
3135,5071
3135,11262
3135,13195
3135,16203
3135,16352
3135,18912
3136,3676
3136,14559
3136,15233
3136,16383
3137,4183
3137,6471
3137,6796
3137,11620
3138,6037
3138,7242
3138,12098
3138,15476
3138,16490
3138,18832
3138,19155
3139,4122
3139,6583
3139,7011
3139,7823
3139,7879
3139,8317
3139,8595
3139,12523
3139,16509
3139,18589
3139,18994
3140,3650
3140,4765
3140,6224
3140,9709
3140,11575
3140,13863
3141,7231
3141,9864
3141,10798
3141,12348
3141,15097
3141,16979
3142,3213
3142,3468
3142,4644
3142,4775
3142,7955
3142,8155
3142,8860
3142,9284
3142,10405
3142,14143
3142,14938
3142,17351
3142,17728
3143,4850
3143,5279
3143,17999
3144,6008
3144,6563
3144,9592
3144,15826
3144,19054
3145,8423
3145,8920
3146,3689
3146,9634
3146,14954
3146,19944
3147,4291
3147,4373
3147,6273
3147,9765
3147,11919
3148,3298
3148,3621
3148,4967
3148,5125
3148,9230
3148,10794
3148,11661
3148,12077
3148,12112
3148,15594
3148,17077
3148,18786
3148,19672
3149,3848
3149,5061
3149,7107
3149,13878
3149,16425
3150,5313
3150,7775
3150,7840
3150,9844
3150,12478
3150,14607
3150,15139
3150,15669
3150,15822
3150,17387
3151,3184
3151,3612
3151,3639
3151,6717
3151,6844
3151,12485
3152,5444
3152,5858
3152,7176
3152,8542
3152,9324
3152,9955
3152,11515
3152,12155
3152,13326
3152,14159
3152,14399
3153,3443
3153,3546
3153,3804
3153,4968
3153,6333
3153,7415
3153,8330
3153,9732
3153,12097
3153,12585
3153,13694
3153,13934
3153,14120
3153,17571
3153,18295
3154,9323
3154,11380
3155,3355
3155,3971
3155,6576
3155,7152
3155,7537
3155,9168
3155,16890
3156,3372
3156,5965
3156,9112
3156,10352
3156,15327
3156,16300
3157,6208
3157,6865
3157,7907
3157,7938
3157,12417
3157,16681
3157,17450
3158,3209
3158,3855
3158,4170
3158,4241
3158,4429
3158,4469
3158,5088
3158,7577
3158,8025
3158,8760
3158,9013
3158,9228
3158,9507
3158,11761
3158,13862
3158,15096
3158,17002
3158,18289
3158,19344
3158,19376
3159,6336
3159,6878
3159,10796
3159,11215
3159,14995
3159,15125
3160,12205
3160,15717
3160,15739
3160,16215
3160,16237
3160,16353
3160,17529
3160,19956
3161,5686
3161,10738
3161,10870
3161,12680
3161,12978
3161,14826
3162,4278
3162,8490
3162,19707
3163,6422
3163,6425
3163,7148
3163,11250
3163,11354
3163,11875
3163,13018
3163,13536
3164,3664
3164,5514
3164,5784
3164,5863
3164,9476
3164,10854
3164,14435
3165,5008
3165,5622
3165,10169
3165,11530
3165,17750
3166,5049
3166,10846
3166,14639
3166,14712
3166,15001
3166,19704
3167,4489
3167,5111
3167,5114
3167,9366
3167,10575
3167,11042
3167,11091
3167,13169
3167,15847
3167,16673
3168,5228
3168,14116
3168,15086
3168,17447
3168,18130
3169,6857
3169,7476
3169,14102
3170,5712
3170,6083
3170,7999
3170,8772
3170,8973
3170,9009
3170,11619
3170,13401
3170,15966
3170,18185
3170,19831
3171,10972
3171,11328
3171,13195
3171,14611
3172,3791
3172,5375
3172,5502
3172,6229
3172,6789
3173,8645
3173,12033
3173,12035
3173,14283
3173,15558
3173,19501
3174,4997
3174,6750
3174,8963
3174,14781
3174,15349
3174,18307
3175,3355
3175,4215
3175,4738
3175,5871
3175,10106
3175,10986
3176,5067
3176,6664
3176,7022
3176,7851
3176,10123
3176,14827
3176,15333
3176,15911
3176,15995
3177,3448
3177,6903
3177,10514
3177,11018
3177,12439
3177,12708
3177,13920
3178,4171
3178,4386
3178,4703
3178,5872
3178,12855
3178,13947
3178,14656
3178,16235
3178,18231
3178,19000
3178,19664
3179,5031
3179,6058
3179,8165
3179,9437
3179,11138
3179,13458
3179,16598
3179,17039
3179,17903
3180,5790
3180,5815
3180,6485
3180,6819
3180,7118
3180,7745
3180,10150
3180,12163
3180,12426
3180,19171
3180,19412
3181,3574
3181,4918
3181,5888
3181,6915
3181,7346
3181,7442
3181,9114
3181,9164
3181,9514
3181,9615
3181,9768
3181,12780
3181,13283
3181,14900
3181,15585
3181,16456
3181,19810
3182,6733
3182,7277
3182,11937
3182,14418
3182,15164
3183,4329
3184,3257
3184,5427
3184,10748
3184,14189
3185,6904
3185,9199
3185,18757
3186,4406
3186,4536
3186,4912
3186,7749
3186,9211
3186,10479
3186,12648
3186,14286
3186,15838
3186,18987
3186,19923
3187,4316
3187,6472
3187,6521
3187,7307
3187,9414
3187,11966
3187,15767
3187,16947
3187,17382
3188,15484
3189,5937
3189,6309
3189,8411
3189,8435
3189,11443
3189,12912
3189,13491
3189,13612
3189,15797
3189,18589
3190,4528
3190,4975
3190,8201
3190,14162
3190,16641
3190,19440
3191,3664
3191,3721
3191,4600
3191,4813
3191,5362
3191,7475
3191,8226
3191,9230
3191,10938
3191,11824
3191,11879
3191,12741
3191,13791
3191,15499
3191,16608
3191,17075
3192,3206
3192,7802
3192,16151
3192,16886
3192,18554
3192,19417
3193,3557
3193,4866
3193,6503
3193,6621
3193,6994
3193,15901
3193,16245
3193,17914
3193,18241
3193,18418
3194,3501
3194,6452
3194,10387
3194,10674
3194,11435
3194,13527
3194,13752
3195,3828
3195,4602
3195,4673
3195,5019
3195,5246
3195,6218
3195,6276
3195,9989
3195,11675
3195,13161
3195,18939
3195,19521
3196,3298
3196,6265
3196,6597
3196,7498
3196,10098
3196,13474
3196,14191
3196,19287
3197,6845
3197,7502
3197,11079
3197,15895
3197,16189
3198,3359
3198,3380
3198,3558
3198,3795
3198,4878
3198,5178
3198,5560
3198,5723
3198,8363
3198,8406
3198,11042
3198,13487
3198,14667
3198,15446
3198,16655
3198,17326
3198,18979
3199,3654
3199,3778
3199,4359
3199,6279
3199,9609
3199,9725
3199,16643
3199,17967
3200,4895
3200,7204
3200,7496
3200,7534
3200,7712
3200,8376
3200,9042
3200,10459
3200,19165
3200,19396
3201,3695
3201,4167
3201,5692
3201,6706
3201,9616
3201,10525
3201,15766
3201,16095
3201,16741
3201,17146
3201,17735
3201,18843
3202,6387
3202,12708
3202,13252
3203,6839
3203,13701
3203,14887
3203,17639
3203,17749
3203,18045
3204,3462
3204,4520
3204,6294
3204,6886
3204,9671
3204,14541
3204,15596
3205,7671
3205,9548
3205,15470
3205,17054
3205,19381
3206,3464
3206,3627
3206,4048
3206,4057
3206,4086
3206,7228
3206,7587
3206,8761
3206,12940
3206,13295
3206,13813
3206,13849
3206,14410
3206,16939
3206,18697
3207,5692
3207,8785
3207,11427
3207,11652
3207,13902
3207,15111
3207,17701
3208,3525
3208,4637
3208,5922
3208,6006
3208,9884
3209,4296
3209,6738
3209,6810
3209,6977
3209,7024
3209,7319
3209,10346
3209,11205
3209,11228
3209,14221
3209,14461
3209,14880
3209,16112
3209,17031
3210,3640
3210,6847
3210,11357
3210,19345
3211,4448
3211,6929
3211,14565
3211,14656
3211,16985
3212,10028
3212,10228
3212,14330
3212,17580
3213,3518
3213,4166
3213,6304
3213,8345
3213,10311
3213,11628
3213,11869
3213,12401
3213,12537
3213,13452
3213,14050
3213,17410
3214,9120
3214,10013
3214,10449
3214,12352
3215,3757
3215,3905
3215,10745
3215,12828
3216,5516
3216,7124
3216,7395
3216,8641
3216,9089
3216,10001
3216,12080
3216,13239
3216,16715
3216,17372
3217,5865
3217,11886
3217,14519
3217,16311
3217,17635
3217,18291
3217,19767
3217,19874
3218,3810
3218,5192
3218,5426
3218,10909
3218,16060
3218,17047
3218,17469
3218,18579
3218,18912
3219,3484
3219,3560
3219,3965
3219,4801
3219,5018
3219,5738
3219,5947
3219,8805
3219,10635
3219,15466
3219,15753
3219,17850
3220,5285
3220,6004
3220,10650
3221,3419
3221,6214
3221,6488
3221,7280
3221,7838
3221,8593
3221,9836
3221,14275
3221,17195
3222,3735
3222,5205
3222,8071
3222,16211
3222,16922
3222,17977
3222,19515
3222,19610
3222,19637
3223,3976
3223,5363
3223,7144
3223,7165
3223,7891
3223,13642
3224,4117
3224,6621
3224,6925
3224,7772
3224,8657
3224,12053
3224,17432
3224,18251
3224,18373
3225,3599
3225,3640
3225,8196
3225,8774
3225,8842
3225,11629
3225,12677
3225,12876
3225,13313
3225,14259
3225,15278
3226,4114
3226,9099
3226,9641
3226,12065
3226,16137
3226,19840
3227,3512
3227,4777
3227,7088
3227,8343
3227,8915
3227,9593
3227,12851
3227,13008
3227,13818
3227,15223
3227,18854
3227,19851
3228,5893
3228,7983
3228,9699
3228,10354
3228,10812
3228,11013
3228,13556
3228,17191
3228,19974
3229,4094
3229,4303
3229,7380
3229,13299
3229,13377
3229,13430
3229,15751
3229,19747
3230,3597
3230,4924
3230,5230
3230,5824
3230,6431
3230,8129
3230,8146
3230,8604
3230,9442
3230,10923
3230,11340
3230,11490
3230,11607
3230,15897
3230,17582
3231,4037
3231,6832
3231,6930
3231,15532
3232,7361
3232,9423
3232,9796
3232,10854
3232,12101
3232,14459
3232,15916
3232,19642
3233,3805
3233,3890
3233,5465
3233,5609
3233,6820
3233,9961
3233,10424
3233,15206
3233,16313
3233,17517
3233,18526
3234,3348
3234,4121
3234,4324
3234,7621
3234,10264
3234,12948
3234,17465
3235,4689
3235,4763
3235,5008
3235,5961
3236,3927
3236,4230
3236,7028
3236,8189
3236,9747
3236,12921
3236,14060
3236,18441
3236,19886
3237,5542
3238,5211
3238,7997
3238,9856
3238,13886
3238,17649
3239,7924
3239,12466
3239,15960
3240,16923
3240,17661
3241,3543
3241,4148
3241,6264
3241,6401
3241,7471
3241,7791
3241,8602
3241,10047
3241,10864
3241,13003
3243,3560
3243,8774
3243,14190
3243,14598
3243,14692
3243,18801
3244,3862
3244,3868
3244,4358
3244,4743
3244,5900
3244,6951
3244,8961
3244,9582
3244,16899
3244,17362
3244,18156
3245,3382
3245,3407
3245,3632
3245,4204
3245,4430
3245,5308
3245,5367
3245,6090
3245,7078
3245,7270
3245,7409
3245,8421
3245,9697
3245,10059
3245,10652
3245,11358
3245,13059
3245,14442
3245,14981
3245,15153
3245,16551
3245,16955
3245,19075
3246,5085
3246,6022
3246,11319
3246,17800
3247,18081
3247,19288
3248,3385
3248,3425
3248,4551
3248,5248
3248,6680
3248,7327
3248,8770
3248,13468
3249,10057
3249,11847
3249,15220
3249,16783
3250,3455
3250,4091
3250,5198
3250,7045
3250,8301
3250,8577
3250,10306
3250,10938
3250,11167
3250,12062
3250,12861
3250,14946
3251,5827
3251,7742
3251,9108
3251,9808
3251,10007
3251,11411
3251,15373
3251,16101
3251,16275
3252,4382
3252,6330
3252,10133
3252,12334
3252,15116
3252,16198
3252,18642
3252,19969
3253,4104
3253,4722
3253,5599
3253,5841
3253,8781
3253,13880
3253,14739
3253,15279
3253,16178
3253,19601
3254,5865
3254,19911
3255,5234
3255,6045
3255,12085
3256,3669
3256,4308
3256,4423
3256,5033
3256,5169
3256,5675
3256,5865
3256,7779
3256,8879
3256,12010
3256,13876
3256,14212
3256,14325
3256,17650
3257,5144
3257,5866
3257,11169
3257,11433
3257,13470
3257,17239
3257,19441
3258,4123
3258,10190
3258,10529
3258,13806
3259,3844
3259,4018
3259,4792
3259,5354
3259,5399
3259,7540
3259,7664
3259,8378
3259,10250
3259,10429
3259,11863
3259,12318
3259,12340
3259,12717
3259,13810
3259,15307
3259,17427
3259,17757
3261,3704
3261,4221
3261,4323
3261,4530
3261,7066
3261,8321
3261,8416
3261,9202
3261,13535
3261,14144
3261,19086
3262,6418
3262,7362
3262,7368
3262,7452
3262,10415
3262,16362
3262,16891
3262,17395
3263,4147
3263,4728
3263,8852
3263,9545
3263,10354
3263,10892
3263,16185
3263,16677
3263,17227
3263,17784
3263,19347
3264,3623
3265,3339
3265,16991
3266,3895
3266,4236
3266,6077
3266,10130
3266,13204
3266,17454
3266,18350
3267,4758
3267,4967
3267,7412
3267,7482
3267,8477
3267,9027
3267,9207
3267,9785
3267,14588
3267,15407
3267,16029
3268,4659
3268,4941
3268,5033
3268,7880
3268,11513
3268,12656
3268,13067
3268,14137
3268,18230
3268,19671
3269,6950
3269,9526
3269,10449
3269,11424
3269,12346
3269,12965
3269,16856
3270,3874
3270,8907
3270,11798
3270,14582
3271,3992
3271,7561
3271,8108
3271,9342
3271,16843
3272,6246
3272,8428
3272,11989
3272,13773
3272,15836
3272,17036
3273,6977
3273,11381
3274,5075
3274,7049
3274,7376
3274,7460
3274,8669
3274,9541
3274,13416
3274,14027
3275,4932
3275,8184
3275,9433
3275,10213
3275,10651
3275,11507
3275,11540
3275,11604
3275,16597
3275,18228
3276,5359
3276,6100
3276,7164
3276,8971
3276,12175
3276,14167
3276,16236
3276,16373
3276,17308
3277,4701
3277,6595
3277,11820
3277,12347
3278,4699
3278,4962
3278,15738
3279,3429
3279,3547
3279,4113
3279,4352
3279,6519
3279,7266
3279,8607
3279,11971
3279,18443
3279,19160
3280,3396
3280,4254
3280,5507
3280,7367
3280,11441
3280,13703
3280,15809
3280,16726
3280,18984
3281,3651
3281,4477
3281,4738
3281,7175
3281,17515
3282,7061
3282,8256
3282,8451
3284,3854
3284,4061
3284,5389
3284,7944
3284,9467
3284,10428
3284,12531
3284,14464
3284,15376
3284,16965
3284,19281
3285,3596
3285,3778
3285,4374
3285,4695
3285,5374
3285,5714
3285,6373
3285,7747
3285,9844
3285,14937
3285,17456
3285,18196
3286,13449
3287,3751
3287,9396
3287,9783
3287,10435
3287,19009
3288,3832
3288,4674
3288,6577
3288,7513
3288,7854
3288,8100
3288,8481
3288,8485
3288,8974
3288,9958
3288,11950
3288,12397
3288,14869
3288,16095
3289,5320
3289,5803
3289,6080
3289,7336
3289,7697
3289,9348
3289,9633
3289,13539
3289,14097
3289,15068
3289,17963
3290,3637
3290,6538
3290,8230
3290,8931
3290,9924
3290,11972
3290,14996
3290,16935
3291,6530
3291,14822
3292,9687
3292,10970
3292,12653
3292,19950
3293,4322
3293,4371
3293,7636
3293,7766
3293,8164
3293,10943
3293,15063
3294,5759
3294,6468
3294,7264
3294,8014
3294,9033
3294,9237
3294,10032
3294,10516
3294,11429
3294,11561
3295,7447
3295,9796
3295,16839
3295,17142
3295,18630
3295,19037
3296,5165
3296,8077
3296,12523
3296,13503
3298,6174
3298,8449
3298,8709
3298,9834
3298,10511
3298,14526
3299,8849
3299,13304
3299,14418
3299,18682
3300,9032
3300,12284
3301,4454
3301,15007
3301,17184
3302,5014
3302,7291
3302,8311
3302,8965
3302,9189
3302,10345
3303,4426
3303,4564
3303,4661
3303,6914
3303,8732
3303,8738
3303,9225
3303,10828
3303,14313
3303,18485
3304,8184
3304,17893
3305,3472
3305,4342
3305,6782
3305,8685
3305,11887
3305,12463
3305,12484
3305,17622
3305,19926
3306,10487
3307,5495
3307,5980
3307,15403
3308,3576
3308,5218
3308,6889
3308,6925
3308,7759
3308,8982
3308,9795
3308,10559
3308,10682
3308,12097
3308,12495
3308,15567
3308,16339
3308,17500
3308,17786
3308,19238
3309,5568
3309,6716
3309,11732
3309,12198
3309,14816
3309,18494
3310,4873
3311,5156
3311,13479
3312,3363
3312,3861
3312,4353
3312,7519
3312,8229
3312,13445
3312,16750
3313,4018
3313,6513
3313,7431
3313,8235
3313,10394
3313,11479
3313,11583
3313,13080
3313,13111
3313,14118
3313,14351
3313,16769
3314,10015
3314,11296
3314,15936
3315,4005
3315,4458
3315,5694
3315,8480
3315,9618
3315,10521
3315,12308
3316,7630
3316,11714
3316,15392
3316,15761
3316,16168
3317,4726
3317,7562
3317,8283
3317,8527
3317,15605
3317,19828
3318,4759
3318,4998
3318,5201
3318,5552
3318,5632
3318,6436
3318,8702
3318,10906
3318,11740
3318,14125
3318,14158
3318,16819
3318,16859
3318,17060
3318,17600
3318,17961
3318,18665
3319,4146
3319,4529
3319,4908
3319,7156
3319,7213
3319,7858
3319,8727
3319,9035
3319,10762
3319,10877
3319,12013
3319,13285
3319,19049
3320,3779
3320,4242
3320,13813
3320,13934
3320,19818
3321,3401
3321,6061
3321,7636
3321,7917
3321,10860
3321,12529
3322,6036
3322,6653
3322,8645
3322,8803
3322,9495
3322,9648
3322,10536
3322,10874
3322,12227
3322,12865
3322,13768
3322,15076
3323,4415
3323,4522
3323,6656
3323,8283
3323,8449
3323,9227
3323,10362
3323,12433
3323,13060
3323,14830
3324,6099
3324,7349
3324,8814
3324,12718
3324,14116
3324,18813
3325,3327
3325,3772
3325,4396
3325,5468
3325,6507
3325,7124
3325,7241
3325,9909
3325,9987
3325,11049
3326,4346
3326,9880
3326,12821
3326,13485
3326,15945
3327,5331
3327,7365
3327,17895
3328,3978
3328,4911
3328,8565
3328,11651
3329,3437
3329,5412
3329,7240
3329,9605
3329,13747
3330,3414
3330,4935
3330,6985
3330,6997
3330,7232
3330,10219
3330,12221
3331,3537
3331,5776
3331,7278
3331,10294
3331,10598
3331,12839
3331,13648
3331,14558
3331,15447
3331,15673
3331,17841
3332,18291
3333,3421
3333,3690
3333,4483
3333,5621
3333,7305
3333,9678
3333,10131
3333,10202
3333,10508
3333,10604
3333,12079
3333,13914
3333,14676
3333,14831
3333,16925
3334,4709
3334,5005
3334,5181
3334,5718
3334,7118
3334,10791
3334,11620
3334,15444
3334,17364
3335,4343
3335,9592
3335,10358
3335,16026
3335,17602
3336,3452
3336,3961
3336,4300
3336,4768
3336,6051
3336,6326
3336,11305
3336,11664
3336,13497
3336,14899
3336,15225
3336,17453
3336,17502
3336,19533
3337,4646
3337,4932
3337,5605
3337,7830
3337,8541
3337,8775
3337,9509
3337,11038
3337,11303
3337,11893
3337,14626
3337,16075
3337,19124
3338,4782
3338,5114
3338,5590
3338,6054
3338,7608
3338,13626
3338,13742
3338,14385
3338,15191
3338,16343
3338,16759
3339,3792
3339,3815
3339,3957
3339,7472
3339,7729
3339,9826
3339,11676
3339,12356
3340,4080
3340,5737
3340,7165
3340,9131
3340,10803
3340,11929
3340,16895
3340,19617
3341,3600
3341,3931
3341,5194
3341,5202
3341,5767
3341,7154
3341,7812
3341,7967
3341,10134
3341,11659
3341,13640
3341,13884
3341,16217
3341,17481
3342,5254
3342,9640
3342,10527
3342,11605
3342,17477
3342,17939
3342,19538
3343,6134
3343,7605
3343,9620
3343,14409
3343,16525
3343,19120
3343,19784
3344,9099
3344,9296
3344,10684
3344,14048
3344,14209
3345,8113
3345,10487
3345,14017
3345,16603
3345,19555
3346,6190
3346,8064
3346,8927
3346,11097
3346,11110
3346,11242
3346,11378
3346,11729
3346,12494
3346,13695
3346,14975
3346,15940
3346,16148
3346,17199
3346,17827
3346,19172
3347,6487
3347,6686
3347,11686
3347,12374
3347,13963
3348,3597
3348,3679
3348,4189
3348,8130
3348,10437
3348,10835
3348,11624
3348,14836
3348,18704
3349,4489
3349,7806
3349,16187
3350,4518
3350,5103
3350,6556
3350,7925
3350,8902
3350,9712
3350,9956
3350,11336
3350,11428
3350,17031
3350,17117
3350,17225
3350,17290
3351,5370
3351,6821
3351,7908
3351,10970
3351,11388
3351,11452
3351,15357
3351,18696
3352,9212
3352,11707
3352,12113
3352,16771
3353,3568
3353,3655
3353,4724
3353,5151
3353,5765
3353,7742
3353,7925
3353,10075
3353,10973
3353,12337
3353,12769
3353,17612
3354,3609
3354,3709
3354,6258
3354,6677
3354,7751
3354,11807
3354,14551
3355,9357
3355,10450
3355,11631
3355,11736
3355,14104
3355,15397
3355,15806
3355,17202
3356,3694
3356,4757
3356,6772
3356,13426
3356,14919
3356,15351
3356,16570
3356,17404
3356,17415
3356,18744
3357,5669
3357,5731
3357,7055
3357,8710
3358,3586
3358,6193
3358,15101
3358,16226
3358,16405
3358,19468
3359,5114
3359,5115
3359,5717
3359,6813
3359,7574
3359,11068
3359,12122
3360,9449
3360,9921
3360,10960
3360,10975
3360,14387
3360,16998
3360,17998
3360,18850
3361,4137
3361,4525
3361,5801
3361,7882
3361,7929
3361,11839
3361,13425
3361,16179
3361,17137
3362,6240
3362,12219
3362,13384
3362,15146
3362,18133
3363,4466
3363,4810
3364,5217
3364,5754
3364,6119
3364,7302
3364,8333
3364,11567
3364,12644
3364,17249
3364,18891
3364,19934
3365,3829
3365,8888
3365,11180
3365,12503
3365,14280
3365,15806
3365,16051
3365,18007
3365,18487
3366,4005
3366,4339
3366,5107
3366,6212
3366,9241
3366,11360
3366,11428
3366,11622
3366,12067
3366,19544
3367,4345
3367,16004
3368,3751
3368,4104
3368,4689
3368,18242
3369,3517
3369,3685
3369,4113
3369,4315
3369,5347
3369,6080
3369,7116
3369,7216
3369,9898
3369,10501
3369,11600
3369,13107
3369,14194
3369,14958
3369,15510
3369,19154
3369,19327
3370,14135
3370,16070
3370,19564
3371,4982
3371,5280
3371,5902
3371,12324
3371,13445
3371,16457
3372,4082
3372,4648
3372,5585
3372,6551
3372,8195
3372,8887
3372,8961
3372,9501
3372,10166
3372,14871
3372,17089
3373,4438
3373,9861
3373,16837
3374,4293
3374,4458
3374,5916
3374,6187
3374,11292
3374,11551
3374,12348
3374,14168
3374,14530
3374,15427
3374,15664
3374,19497
3374,19610
3375,4243
3375,4954
3375,6155
3375,7077
3375,7109
3375,7704
3375,8044
3375,9125
3375,9267
3375,9328
3375,9648
3375,9734
3375,9909
3375,10812
3375,10899
3375,11752
3375,11841
3375,12299
3375,13476
3375,13520
3375,14266
3375,14359
3375,14849
3375,15202
3375,17028
3375,17256
3375,18703
3376,4468
3376,4471
3376,4528
3376,6600
3376,7539
3376,8427
3376,9011
3376,10908
3376,12891
3376,13902
3376,15067
3376,15971
3376,19362
3376,19987
3377,4404
3377,4554
3377,6809
3377,11649
3378,5042
3378,5826
3378,6137
3378,6640
3378,9259
3378,10485
3378,10832
3378,12380
3378,13415
3378,13481
3378,15766
3378,16198
3378,16414
3378,19099
3379,8848
3379,11939
3379,12404
3379,17504
3379,19358
3380,6810
3380,8296
3380,15330
3380,16388
3380,19585
3380,19930
3381,6416
3381,7165
3381,9487
3381,12513
3381,12890
3381,16524
3382,4331
3382,8519
3383,4335
3383,4337
3383,4466
3383,7967
3383,9743
3383,11283
3383,11724
3383,16463
3384,5683
3384,6624
3384,8008
3384,8322
3384,10195
3384,10667
3384,12073
3384,13035
3384,15094
3384,15130
3384,19227
3385,3981
3385,7519
3385,7730
3385,11112
3385,13571
3386,8238
3386,13047
3386,18285
3387,5303
3387,5487
3387,7908
3387,10355
3387,18201
3388,5776
3388,6161
3388,6986
3388,8040
3388,8167
3388,10723
3388,12766
3388,13612
3388,16910
3388,17377
3389,3917
3389,8933
3389,9704
3389,11771
3390,12011
3391,4643
3391,6705
3391,14749
3392,5944
3392,10832
3392,12464
3392,14522
3392,17972
3393,4427
3393,4478
3393,6326
3393,18181
3394,6956
3394,7342
3394,9721
3394,13402
3394,13572
3394,14289
3394,14921
3394,18742
3395,5601
3395,7691
3395,8287
3395,8899
3395,12340
3395,17358
3395,17899
3396,5702
3396,6824
3396,8756
3396,9530
3396,15496
3396,19432
3397,3700
3397,7756
3397,15744
3398,14524
3399,12934
3399,17531
3400,19943
3401,4123
3401,5135
3401,14352
3401,17387
3401,18107
3401,18810
3402,3439
3402,8187
3402,9523
3403,3410
3403,4210
3403,4242
3403,4851
3403,5848
3403,14442
3403,14570
3403,14839
3403,18422
3403,19202
3403,19421
3404,3560
3404,4007
3404,10326
3404,18407
3404,18598
3405,4166
3405,4238
3405,9155
3405,9829
3405,12540
3405,13901
3405,15460
3405,17425
3405,17723
3405,19169
3405,19732
3406,6801
3406,6860
3406,7393
3406,7447
3406,8853
3406,10320
3406,10333
3406,11148
3406,12488
3406,14771
3406,15007
3406,19645
3407,7089
3407,7309
3407,7938
3407,9008
3407,18341
3408,4038
3408,10939
3408,11704
3408,14961
3408,15842
3409,8609
3410,3758
3410,4035
3410,4945
3410,5093
3410,7133
3410,10135
3410,14398
3411,3444
3411,4200
3411,15899
3411,19014
3412,4068
3412,5448
3412,6154
3412,6927
3412,10002
3412,16269
3413,3703
3413,4536
3413,4704
3413,5574
3413,6206
3413,9235
3413,9676
3413,12568
3413,16606
3413,16911
3414,3951
3414,4040
3414,4884
3414,7373
3414,7915
3414,10407
3414,10583
3414,11009
3414,15819
3415,3517
3415,6319
3415,7009
3415,7406
3415,9184
3415,14928
3415,16482
3415,16609
3416,6143
3416,6506
3416,9074
3416,9947
3416,10473
3416,11636
3417,4969
3417,6365
3417,6481
3418,8588
3418,11653
3418,12444
3418,12768
3418,18113
3418,19343
3419,6105
3419,11245
3419,13370
3419,16449
3419,19517
3419,19986
3420,5106
3420,5185
3420,11824
3420,12272
3420,12533
3420,13094
3420,16200
3421,17363
3421,19602
3422,4171
3422,6967
3422,13292
3423,3444
3423,4267
3423,8687
3423,9030
3423,15242
3423,15332
3423,16847
3424,4088
3424,4198
3424,10391
3425,4345
3425,4515
3425,6152
3425,7723
3425,8184
3425,12906
3425,14792
3425,17623
3426,3859
3426,5425
3426,8866
3426,10647
3426,10946
3426,11207
3426,11307
3426,14648
3426,16282
3426,17226
3426,19902
3427,4636
3427,6913
3427,7028
3427,8445
3427,8767
3427,10735
3427,13792
3427,17450
3428,4847
3428,7123
3428,8408
3428,8892
3428,9916
3428,10384
3428,11987
3428,16260
3428,16473
3428,18185
3428,19605
3428,19852
3429,5419
3429,5694
3429,9569
3429,12322
3429,13433
3430,5210
3430,6056
3430,6101
3430,6166
3430,7889
3430,9675
3430,10281
3430,14683
3430,15888
3431,8224
3431,11218
3431,11883
3431,12764
3431,19060
3432,10174
3432,18091
3433,4800
3433,8223
3433,15788
3433,16086
3433,16264
3433,18421
3434,5145
3434,5497
3434,5664
3434,6712
3434,6768
3434,7072
3434,7241
3434,7606
3434,9743
3434,12037
3434,13284
3434,14677
3434,16615
3434,17100
3434,17848
3434,19404
3435,3576
3435,3759
3436,7458
3436,9210
3436,9973
3436,10930
3436,11253
3436,12944
3436,14641
3437,6105
3437,6759
3437,11409
3437,11761
3438,3453
3438,3728
3438,4097
3438,7297
3438,7861
3438,10671
3438,12586
3438,12957
3438,14824
3438,15813
3438,16023
3439,11865
3440,3908
3440,8548
3440,15152
3440,18375
3441,4149
3441,4636
3441,4968
3441,5817
3441,7403
3441,12793
3441,13742
3441,15156
3441,16964
3441,17179
3442,3679
3442,4177
3442,6670
3442,8136
3442,8822
3442,10835
3442,16436
3443,3591
3443,5993
3443,8308
3443,11123
3444,4654
3444,5501
3444,5847
3444,6184
3444,7152
3444,10029
3444,11119
3444,11493
3444,14612
3444,19146
3445,3758
3445,6732
3445,7161
3445,7711
3445,10161
3445,11038
3445,11316
3445,14105
3445,15519
3445,16885
3445,18855
3446,3669
3446,5829
3446,6062
3446,10960
3447,7466
3447,8850
3447,10675
3447,12565
3447,13816
3448,16292
3449,7151
3449,10748
3449,13201
3450,10750
3450,17426
3450,19202
3451,4028
3451,7509
3451,10726
3451,11796
3452,3811
3452,10469
3452,11819
3452,16663
3453,4011
3453,4013
3453,5021
3453,5398
3453,8457
3453,12460
3453,13179
3453,19166
3454,6081
3454,14533
3454,17827
3454,17866
3454,18228
3455,5774
3455,5984
3455,8944
3455,9091
3455,11935
3455,13911
3455,16721
3456,3789
3457,4981
3457,7406
3457,19651
3458,4236
3458,4721
3458,5510
3458,7076
3458,7880
3458,8387
3458,8841
3458,9268
3458,14042
3458,15820
3459,7452
3459,8311
3459,13526
3459,16639
3459,18797
3460,5617
3460,13072
3460,13156
3460,15224
3460,15271
3460,17589
3461,8979
3461,10289
3461,11757
3461,15999
3462,10433
3463,3892
3463,5293
3463,6720
3463,10625
3463,17610
3464,5399
3464,5832
3464,8446
3464,10029
3464,10525
3464,10993
3464,11119
3464,11370
3464,11553
3464,12855
3464,15632
3464,19534
3465,5486
3465,5645
3465,6009
3465,7249
3465,8071
3465,8085
3465,8213
3465,8263
3465,12179
3465,15770
3466,5391
3466,7194
3466,11308
3466,15534
3466,18368
3467,5007
3467,6331
3467,6798
3467,7248
3467,7798
3467,9932
3467,10567
3467,12182
3467,13067
3467,17399
3467,18210
3467,18219
3467,18243
3468,3477
3468,4077
3468,9253
3469,5772
3469,14845
3470,5140
3470,5196
3470,7188
3470,7276
3470,10810
3470,10831
3470,12439
3470,12551
3470,17284
3471,4699
3471,4831
3471,5494
3471,10876
3471,10946
3471,11643
3471,12702
3471,16701
3472,4261
3472,4509
3472,5142
3472,7819
3472,11757
3472,13271
3472,14593
3473,3991
3473,4420
3473,5430
3473,6113
3473,10270
3474,4990
3474,8344
3474,12615
3474,13775
3474,14797
3475,3910
3475,6166
3475,8784
3475,11834
3475,14053
3475,14590
3475,18390
3476,4163
3476,11008
3476,12234
3476,12913
3476,18210
3477,3492
3477,3919
3477,4030
3477,5077
3477,6994
3477,12588
3477,14945
3477,16991
3478,3982
3478,5481
3478,9080
3478,11799
3478,11988
3478,12660
3478,13252
3478,13391
3478,14440
3478,14671
3478,16684
3478,17646
3478,19617
3479,15662
3480,4005
3480,4408
3480,5783
3480,8110
3480,9893
3480,9913
3480,12870
3480,13238
3480,13859
3480,18483
3480,19032
3480,19963
3481,3680
3481,4367
3481,5176
3481,5753
3481,7667
3481,7695
3481,8169
3481,10949
3482,4303
3483,4722
3483,4964
3483,5062
3483,8192
3483,8890
3483,13261
3483,16843
3483,18202
3484,3739
3484,3873
3484,5169
3484,6106
3484,7657
3484,8441
3484,8581
3484,15143
3484,15253
3484,15373
3485,5165
3485,8279
3485,9061
3485,11371
3485,12274
3485,13681
3485,13783
3485,14114
3485,16087
3485,17770
3486,5126
3486,7147
3486,7392
3486,19696
3487,14866
3487,15663
3487,19860
3488,4776
3488,5478
3488,11391
3488,11626
3488,13522
3488,13734
3489,4461
3489,12354
3489,18125
3490,4977
3490,7805
3490,11839
3490,13107
3490,14469
3490,14802
3490,16428
3490,17154
3490,17633
3491,6702
3491,7361
3491,8586
3491,9637
3491,16392
3491,19824
3492,4145
3492,4285
3492,9613
3492,9992
3492,15238
3493,3508
3493,5352
3493,7592
3493,10519
3493,11945
3493,12234
3493,13970
3493,17519
3494,3927
3494,4212
3494,9017
3494,9246
3494,10824
3494,16390
3495,5161
3495,12071
3495,19855
3496,5804
3496,10617
3496,11875
3496,15729
3496,15822
3496,17575
3497,8300
3497,12200
3497,15976
3497,17393
3498,9202
3499,5016
3499,5627
3499,12192
3499,14427
3500,4427
3500,5959
3500,6318
3500,11504
3500,12463
3500,17554
3500,18514
3501,3958
3501,4097
3501,5237
3501,7371
3501,9081
3501,13547
3501,15513
3501,16226
3501,18280
3501,18569
3501,18828
3502,5040
3503,5020
3503,5742
3503,7926
3503,9518
3503,9774
3503,9962
3503,10763
3503,13182
3504,4994
3504,7134
3504,7452
3504,7857
3504,14291
3504,15579
3505,4112
3505,4721
3505,5905
3505,6366
3505,8015
3505,8525
3505,15908
3505,19175
3505,19762
3506,4504
3506,5104
3506,6938
3506,8335
3506,8850
3506,13418
3507,10767
3507,15317
3507,17147
3507,17750
3507,18665
3507,19093
3508,3854
3508,4371
3508,5046
3508,5231
3508,5941
3508,7069
3508,7126
3508,8325
3508,10345
3508,13661
3508,15521
3508,16618
3508,19411
3509,3859
3509,4805
3509,4980
3509,5363
3509,5539
3509,9721
3509,11984
3509,13727
3509,15482
3509,15806
3510,5108
3510,5251
3510,6016
3510,7396
3510,9816
3510,9854
3510,10352
3510,11205
3510,11523
3510,13208
3510,16711
3510,17319
3510,17706
3510,18520
3511,4344
3511,4461
3511,5318
3511,7035
3511,7959
3511,10398
3511,11789
3511,11844
3511,13273
3511,14685
3511,16012
3511,17706
3512,3714
3512,3842
3512,4059
3512,8872
3512,9672
3512,10712
3512,14504
3512,16534
3512,16837
3513,5189
3513,6043
3513,6683
3513,10978
3513,14402
3513,15365
3513,19428
3514,4639
3514,5745
3514,6903
3514,9193
3514,9803
3514,14643
3514,14845
3514,19284
3515,3661
3515,4065
3515,7652
3515,9106
3515,9531
3515,11035
3515,14764
3515,16999
3516,5279
3517,6278
3517,11271
3518,4264
3518,16989
3519,3574
3519,6421
3519,6529
3519,6909
3519,11320
3519,14477
3519,16064
3519,16155
3519,17804
3519,18331
3519,19699
3520,5038
3520,6088
3520,7110
3520,9442
3520,10732
3520,12661
3520,14647
3520,16472
3520,18973
3521,4465
3521,5201
3521,11393
3521,11519
3521,12165
3521,15996
3521,19937
3522,10615
3522,16334
3522,18782
3523,3936
3523,6928
3524,3870
3524,11397
3524,11952
3524,12877
3524,15447
3524,16518
3524,17408
3525,4614
3525,4965
3525,6250
3525,8516
3525,11052
3525,15089
3525,17924
3525,18556
3526,3706
3526,5573
3526,6228
3526,10880
3526,11477
3526,11500
3526,11929
3526,12932
3526,14756
3526,16016
3526,18547
3526,18763
3526,18822
3526,19038
3526,19632
3527,3963
3527,4341
3527,4414
3527,6259
3527,10636
3527,10893
3527,14361
3528,9787
3528,11181
3528,13176
3528,13717
3528,16559
3528,17191
3529,4402
3529,4520
3529,8327
3529,9760
3529,11707
3529,12658
3529,12971
3529,16163
3529,16724
3529,16867
3529,17734
3530,6857
3530,6951
3530,12058
3530,14965
3530,16914
3530,19621
3531,7301
3531,7711
3531,10552
3531,12545
3532,4956
3532,4961
3532,6785
3532,6977
3532,19377
3532,19861
3533,4555
3533,5156
3533,9299
3533,9488
3533,9570
3533,10232
3533,15429
3533,16317
3533,19079
3533,19174
3534,5751
3534,6640
3534,9746
3534,11962
3534,16388
3534,17623
3535,5149
3535,5644
3535,5758
3535,8018
3535,10179
3535,12523
3535,15649
3536,4187
3536,4449
3536,4466
3536,5146
3536,5920
3536,7555
3536,9203
3536,11654
3536,12574
3536,15047
3536,15492
3536,15796
3536,16170
3536,16741
3536,17209
3536,17463
3536,19201
3536,19687
3536,19793
3536,19817
3537,3652
3537,3960
3537,3971
3537,4127
3537,5330
3537,6565
3537,7031
3537,9015
3537,10139
3537,10143
3537,10490
3537,10861
3537,11130
3537,11559
3537,12745
3537,14511
3537,16779
3537,17149
3537,19771
3538,3634
3538,4029
3538,4987
3538,7923
3538,8312
3538,9083
3538,10258
3538,17027
3538,17052
3538,18420
3539,4118
3539,7173
3539,9258
3539,10018
3539,12743
3539,12803
3539,13860
3539,16811
3539,18582
3540,6759
3540,9793
3540,9798
3540,12853
3540,13062
3540,13600
3540,16941
3540,17960
3541,4275
3541,5607
3541,5900
3541,6965
3541,7052
3541,7471
3541,8438
3541,8453
3541,9005
3541,9366
3541,9523
3541,9526
3541,9741
3541,9989
3541,11176
3541,11885
3541,13978
3541,14073
3541,18844
3542,5779
3542,10649
3542,13637
3542,18185
3543,4507
3543,7737
3543,12042
3544,4348
3544,4960
3544,5844
3544,7712
3544,8151
3544,14389
3544,16303
3544,17148
3545,4874
3545,5128
3545,6263
3545,8789
3545,10544
3545,11509
3545,14133
3545,18539
3546,4472
3546,5140
3546,6551
3546,7332
3546,18910
3547,4335
3547,5004
3547,6122
3547,8259
3547,10457
3547,10674
3547,10814
3547,11707
3547,11840
3547,15179
3547,18175
3548,3630
3548,6924
3548,7155
3549,5050
3549,5543
3549,5917
3549,6167
3549,9421
3549,11939
3549,17959
3549,18789
3549,19010
3550,3937
3550,4389
3550,4620
3550,4846
3550,5016
3550,5097
3550,6394
3550,6480
3550,7369
3550,8374
3550,12513
3550,13742
3550,17353
3550,17564
3551,4671
3551,5076
3551,7955
3551,12834
3551,14203
3551,15391
3551,17361
3552,3880
3552,4189
3552,5059
3552,5602
3552,8991
3552,9827
3552,12195
3552,13506
3552,15072
3552,15443
3552,17212
3553,3757
3553,4079
3553,5618
3553,6527
3553,6928
3553,7693
3553,8891
3553,9853
3553,11974
3553,13276
3554,4500
3554,4906
3554,6058
3554,8775
3554,10554
3554,10675
3554,10864
3554,14413
3555,4153
3555,4521
3555,5311
3555,5449
3555,7947
3555,8356
3555,9217
3555,9399
3555,11809
3555,12514
3555,14425
3555,16125
3555,18185
3555,18296
3555,19488
3555,19507
3556,3645
3556,3885
3556,4145
3556,4507
3556,4564
3556,5745
3556,7065
3556,7259
3556,7663
3556,9713
3556,9760
3556,13933
3556,16797
3556,16982
3556,18654
3557,15406
3558,3632
3558,4135
3558,4539
3558,5521
3558,5696
3558,5699
3558,9307
3558,11063
3558,12241
3558,12311
3558,12560
3558,13284
3558,14611
3558,14694
3558,15402
3558,15645
3558,18079
3559,8198
3559,9830
3560,9837
3560,12667
3561,4943
3561,5609
3561,13840
3561,18594
3561,19696
3562,4451
3562,5614
3562,7762
3562,7994
3562,9848
3562,11743
3562,12481
3562,14499
3562,18623
3562,18630
3562,18774
3563,4625
3563,6095
3563,8376
3563,9174
3563,10609
3563,15144
3563,16766
3563,17585
3563,18882
3563,19148
3564,5519
3564,6609
3564,7299
3564,8696
3564,9241
3564,9559
3564,12975
3564,13546
3564,15821
3564,16253
3565,4206
3565,5109
3565,5312
3565,7516
3565,8579
3566,3670
3566,4002
3566,4119
3566,6234
3566,9714
3566,10834
3566,12760
3567,3961
3567,11830
3567,18367
3568,8063
3568,11927
3568,13468
3568,19443
3569,4141
3569,4747
3569,4988
3569,6821
3569,6953
3569,8955
3569,11956
3569,17936
3570,9059
3570,11970
3570,18634
3571,6292
3571,7141
3571,7181
3571,7418
3571,7688
3571,9104
3571,9481
3571,11033
3571,11039
3571,11254
3571,12979
3571,15024
3571,15560
3571,15701
3571,15927
3571,16856
3571,18482
3572,4014
3572,4297
3572,5045
3572,6457
3572,6842
3572,8163
3572,18041
3572,18997
3573,5174
3573,8585
3573,16794
3574,4100
3574,4805
3574,5183
3574,8920
3574,9680
3574,10429
3574,11469
3574,12380
3574,16733
3574,16800
3574,18605
3575,7880
3575,16608
3575,17938
3576,5950
3576,7792
3576,14496
3577,4106
3577,7124
3577,7699
3577,8586
3577,9271
3577,14283
3577,14732
3577,16884
3578,3857
3578,4454
3578,7442
3578,8491
3578,11820
3578,14409
3578,19952
3579,4598
3579,6453
3579,14273
3579,17079
3580,5555
3580,10531
3580,12030
3580,13114
3580,13767
3580,14122
3580,16717
3580,16880
3580,17218
3581,3974
3581,4053
3581,4338
3581,5369
3581,7345
3581,7739
3581,7872
3581,8285
3581,8922
3581,9730
3581,9914
3581,10028
3581,11661
3581,13389
3581,16194
3581,16228
3581,16950
3581,19832
3582,3675
3582,3958
3582,4393
3582,5899
3582,7986
3582,8417
3582,9934
3582,16265
3583,3880
3583,6082
3583,7500
3584,8636
3584,8938
3584,9224
3584,16382
3585,5527
3585,6413
3585,8132
3585,8268
3585,11956
3585,19899
3586,3843
3586,9263
3586,16407
3586,17699
3586,18384
3587,4369
3587,4388
3587,5386
3587,6083
3587,7162
3587,7813
3587,9990
3587,11074
3587,16813
3588,5191
3588,6200
3588,6338
3588,8754
3588,9187
3588,12976
3588,15260
3588,15583
3588,17294
3589,7504
3589,8990
3589,11525
3590,3835
3590,4565
3590,4792
3590,5258
3590,17155
3591,9000
3591,10065
3591,14753
3592,3992
3592,6723
3593,3891
3593,5312
3593,6313
3593,8276
3593,9611
3593,10971
3593,11012
3593,12051
3593,12646
3593,13233
3593,13732
3594,4485
3594,7460
3594,10185
3594,11028
3594,11440
3595,3745
3595,3789
3595,6343
3595,6499
3595,6932
3595,6957
3595,9365
3595,9839
3595,9880
3595,10931
3595,12366
3595,12800
3595,15208
3595,17800
3595,18005
3595,19017
3595,19763
3596,5967
3596,6068
3596,8990
3596,10659
3596,11524
3596,12137
3596,13033
3596,13385
3596,15839
3596,18393
3596,18739
3597,4503
3597,7658
3597,9596
3597,10265
3597,11787
3597,11819
3597,16990
3597,19291
3598,5211
3598,6837
3598,8139
3598,8664
3598,10034
3598,10529
3598,12878
3598,13251
3598,14171
3598,15094
3598,19252
3599,3714
3599,5299
3599,5492
3599,6138
3599,6339
3599,6407
3599,7137
3599,10859
3599,11546
3599,11884
3599,13677
3599,14941
3599,15266
3599,17493
3599,18363
3600,3851
3600,6159
3600,7894
3600,7902
3600,11688
3600,13240
3600,16250
3600,17410
3600,18213
3601,6339
3601,12370
3601,19369
3602,3880
3602,4723
3602,5341
3602,8162
3602,8360
3602,12228
3602,13954
3602,14325
3602,19303
3603,9567
3603,14262
3604,4072
3604,7579
3604,13873
3604,15893
3605,13167
3605,16801
3606,4395
3606,4983
3606,5525
3606,6303
3606,6627
3606,8428
3606,12122
3606,12240
3606,14678
3606,17225
3606,17439
3606,18080
3606,19209
3606,19903
3607,4022
3607,4477
3607,15585
3607,15909
3607,17399
3607,19010
3607,19509
3608,15956
3609,5455
3609,5540
3609,5575
3609,5849
3609,6109
3609,6998
3609,7410
3609,7739
3609,8478
3609,13205
3609,13516
3609,15792
3609,16239
3609,18886
3610,3879
3610,7938
3610,13835
3610,14016
3610,17304
3610,19711
3611,3757
3611,4490
3611,8346
3611,8858
3611,11467
3611,13246
3611,17259
3611,17366
3612,5328
3612,5669
3612,6192
3612,6764
3612,10638
3612,10949
3612,12437
3612,13286
3612,13485
3612,14241
3612,14431
3612,14793
3612,15194
3612,16278
3612,18956
3613,3707
3613,3709
3613,4074
3613,4226
3613,5777
3613,6310
3613,6904
3613,8183
3613,14021
3614,5227
3614,7443
3614,9388
3614,13821
3614,17232
3614,18341
3614,19770
3615,9682
3615,10116
3615,13734
3615,14633
3615,17277
3615,19237
3616,6029
3616,7089
3616,10853
3616,11173
3616,15939
3617,4757
3617,4954
3617,8958
3617,10220
3617,11072
3617,12207
3617,13099
3618,4522
3618,6399
3619,3869
3619,7304
3619,7443
3619,10498
3619,10685
3619,11092
3619,14436
3619,15056
3619,15242
3619,16089
3619,18357
3619,18598
3619,18684
3619,18768
3620,3915
3620,8954
3620,9725
3621,4358
3621,9215
3621,10744
3621,16081
3622,4319
3622,10217
3622,17300
3622,17663
3622,18238
3623,4874
3623,5001
3623,6180
3623,6314
3623,6533
3623,9031
3623,12800
3623,15556
3623,15864
3623,17106
3623,17129
3623,18103
3624,3845
3624,3881
3624,7992
3624,12650
3624,12769
3624,12972
3624,13657
3624,18499
3625,4463
3625,4727
3625,5520
3625,5630
3625,6312
3625,7019
3625,11887
3625,13573
3625,14599
3625,18416
3626,3657
3626,3671
3626,3718
3626,4478
3626,7686
3626,8391
3626,10242
3626,10275
3626,12117
3626,19850
3627,3741
3627,4917
3627,5207
3627,7891
3627,18428
3628,3702
3628,5549
3628,8968
3628,9043
3628,11133
3628,11409
3628,13815
3628,15296
3628,19730
3629,9440
3629,16377
3629,17078
3630,4359
3630,5031
3630,6209
3630,6269
3630,8201
3630,13365
3630,16278
3630,18232
3631,7013
3631,7629
3631,8293
3631,8494
3631,8706
3631,11444
3631,11853
3631,12003
3631,13075
3631,13827
3631,14533
3631,17187
3631,17768
3631,19565
3632,3868
3632,4137
3632,4527
3632,4593
3632,5314
3632,5922
3632,6208
3632,6469
3632,8564
3632,8834
3632,10237
3632,10353
3632,11026
3632,12072
3632,12422
3632,12643
3632,14064
3632,14226
3632,16093
3632,16604
3633,3719
3633,5997
3633,6293
3633,6954
3633,14539
3634,3921
3634,4295
3634,6423
3634,9326
3635,15332
3636,5089
3636,6771
3636,7085
3636,7644
3636,8085
3636,14038
3636,16172
3636,16478
3636,18607
3637,8168
3637,12415
3637,14509
3638,7362
3638,8749
3638,9788
3638,10044
3638,11243
3638,12277
3638,14310
3638,15941
3638,18332
3639,14983
3640,4687
3640,5409
3640,6179
3640,15777
3641,4293
3641,9459
3641,9607
3641,10544
3641,12759
3641,15127
3642,4449
3642,6582
3642,8535
3642,9762
3642,11412
3643,4402
3643,5536
3643,6130
3643,15675
3644,4862
3644,5838
3644,7597
3644,8071
3644,9794
3644,10469
3644,11220
3644,14723
3644,14855
3644,16607
3644,18867
3644,19232
3644,19434
3644,19948
3645,4199
3645,5041
3645,5048
3645,5943
3645,7003
3645,8921
3645,11328
3645,12145
3645,18469
3646,5088
3646,6558
3646,6627
3646,9256
3646,9389
3646,10813
3646,11555
3646,11753
3646,14548
3647,4996
3647,6775
3647,8677
3647,9691
3647,10610
3648,3919
3648,4643
3648,5279
3648,5325
3648,5826
3648,6399
3648,7429
3648,8409
3648,8920
3648,13817
3648,16509
3649,4895
3649,9427
3649,10509
3649,12263
3649,17592
3650,3941
3650,4380
3650,4964
3650,5047
3650,8834
3650,9655
3650,12554
3650,16820
3650,17239
3651,4625
3651,6756
3651,6969
3651,7022
3651,12925
3651,15315
3652,6879
3652,7391
3652,10351
3652,10359
3652,10425
3652,10459
3652,11107
3652,11192
3652,13404
3652,13465
3652,17448
3652,18606
3652,19894
3653,4410
3653,4474
3653,6685
3653,14666
3654,6908
3654,7585
3654,12275
3654,18461
3654,19520
3654,19592
3655,4479
3655,7101
3655,7819
3655,18851
3656,4675
3656,5272
3656,9798
3656,10117
3656,11351
3656,12207
3656,12810
3656,13875
3656,14495
3657,3675
3657,5340
3657,5882
3657,6386
3657,6634
3657,6730
3657,11629
3657,12624
3657,13294
3657,14104
3657,18877
3658,4131
3658,4279
3658,4440
3658,5284
3658,8482
3658,8915
3658,9171
3658,11140
3658,12857
3658,15418
3658,16564
3658,17593
3658,18644
3658,19480
3659,11558
3659,11567
3660,4184
3660,6189
3660,6284
3660,7032
3660,8736
3660,9549
3660,10408
3660,15812
3660,16028
3661,5058
3661,6560
3661,8948
3661,10676
3661,12864
3661,15054
3661,17669
3661,19725
3662,4484
3662,5418
3662,7824
3662,8043
3662,10335
3662,10516
3662,11537
3662,12024
3662,12325
3662,12328
3662,13241
3662,15157
3662,15469
3662,18321
3662,19946
3663,3988
3663,4238
3663,4762
3663,6891
3663,8430
3663,8460
3663,9759
3663,14042
3663,15928
3663,19086
3664,16867
3665,3789
3665,5125
3665,8864
3666,12139
3666,13936
3666,16101
3666,16550
3666,17765
3666,18134
3667,4778
3667,7085
3667,7201
3667,8108
3667,8137
3667,8882
3667,11450
3667,17762
3667,19612
3668,4515
3668,6586
3668,6929
3668,11749
3668,11775
3668,11829
3668,14900
3669,6254
3669,6611
3669,8893
3669,9542
3669,9836
3669,14062
3669,14464
3669,15458
3669,17382
3670,8288
3670,8873
3670,10138
3670,12449
3670,14701
3670,17617
3671,13606
3671,13765
3672,3676
3672,4353
3672,5428
3672,7245
3672,8478
3672,8482
3672,8709
3672,10628
3672,12051
3672,13720
3672,14029
3673,17907
3673,18016
3674,4165
3674,4535
3674,4849
3674,5207
3674,12623
3674,14252
3675,7757
3675,19530
3676,5153
3676,5569
3676,9278
3676,10261
3676,11110
3676,13562
3676,13835
3676,14231
3676,15201
3676,17273
3676,17785
3676,18947
3677,7834
3677,16287
3677,16734
3678,12486
3678,19765
3679,3846
3679,6573
3679,6787
3679,13632
3679,16926
3680,5923
3680,6943
3680,8075
3680,8379
3680,11635
3680,18273
3680,18949
3680,19462
3681,5133
3681,5730
3681,5966
3681,7098
3681,8802
3681,9563
3681,10715
3681,11256
3681,15161
3682,3886
3682,4070
3682,6396
3682,8611
3682,10239
3682,10475
3682,11798
3682,13598
3682,14185
3682,14308
3682,16193
3682,17779
3682,19331
3683,4843
3683,7016
3683,12121
3683,14075
3684,4182
3684,4557
3684,7102
3684,9272
3685,4067
3685,6847
3685,7927
3685,8552
3685,17544
3685,18451
3685,18628
3686,4076
3686,4549
3686,6462
3686,7250
3686,7458
3686,7480
3686,11185
3686,12910
3686,14440
3686,16633
3686,17944
3687,17086
3688,5707
3688,7392
3688,8168
3688,17418
3688,17558
3688,17971
3689,8300
3689,10164
3689,17122
3689,18022
3689,18756
3690,3928
3690,5031
3690,5204
3690,6071
3690,10796
3690,11293
3690,12779
3690,13584
3690,15083
3690,15731
3690,19144
3691,4624
3691,6986
3691,7731
3691,9591
3691,11411
3691,14258
3692,6386
3692,9317
3692,11627
3692,13045
3693,5537
3693,6222
3693,9337
3693,11094
3693,11632
3693,14287
3693,15877
3693,16518
3693,16566
3693,16981
3693,17291
3693,18061
3693,18197
3693,19396
3694,3982
3694,4814
3694,4858
3694,11544
3694,13424
3694,18006
3695,5535
3695,5727
3695,6170
3695,9397
3695,13239
3695,17617
3696,3733
3696,6453
3696,17276
3697,8367
3697,11872
3697,12208
3697,18026
3698,8505
3698,9529
3698,9703
3698,12210
3698,13617
3698,17560
3699,8492
3699,9343
3699,9670
3699,9855
3699,10884
3700,4064
3700,4281
3700,4921
3700,7291
3700,7293
3700,7869
3700,8355
3700,8978
3700,9875
3700,10001
3700,12740
3700,16265
3700,17192
3701,7029
3701,9662
3701,10490
3701,10491
3701,11477
3701,13833
3701,14257
3701,15334
3701,16757
3702,7426
3702,10548
3702,15207
3702,16333
3702,18161
3703,10548
3703,15259
3704,4571
3704,4993
3704,5061
3704,5115
3704,5285
3704,6270
3704,8110
3704,13578
3704,16458
3704,17100
3705,11203
3705,11247
3705,11753
3705,14748
3706,7320
3706,8744
3706,10177
3706,13142
3706,13565
3707,5226
3707,8286
3707,8475
3707,8768
3707,9869
3707,16201
3707,17277
3707,17883
3708,3929
3708,4305
3708,5925
3708,8332
3708,14127
3708,17340
3709,5058
3709,5717
3709,9831
3709,10746
3709,12899
3710,4095
3710,4826
3710,6471
3710,7401
3710,15292
3710,19341
3711,4625
3711,5374
3711,5749
3711,12619
3712,4508
3712,9301
3712,17019
3712,19051
3713,4582
3713,5802
3713,5835
3713,10082
3713,13096
3714,4770
3714,8390
3714,9133
3714,9860
3714,10707
3714,14269
3714,14434
3714,16159
3714,16266
3714,17718
3714,18377
3715,4788
3715,12456
3716,3779
3716,4800
3716,5253
3716,5584
3716,6357
3716,6367
3716,6606
3716,6865
3716,7418
3716,16187
3717,4799
3717,7741
3718,4854
3718,5738
3718,8415
3718,14053
3718,14979
3718,15170
3719,7167
3719,7821
3719,8476
3719,9931
3719,13217
3719,15356
3719,16979
3719,17840
3719,19706
3720,5815
3720,10351
3720,13850
3720,17709
3721,3918
3721,5971
3721,5988
3721,6439
3721,10458
3721,16653
3722,3953
3722,5286
3722,6717
3722,8291
3722,8655
3722,8767
3722,10211
3722,12378
3722,14314
3722,15820
3722,16543
3722,18143
3722,19722
3723,4505
3723,4576
3723,8923
3723,10851
3723,11647
3723,14910
3724,4681
3724,5400
3724,6305
3724,7008
3724,8946
3724,15553
3724,16583
3725,5306
3725,7954
3725,8377
3725,8723
3725,8844
3725,13058
3725,18035
3725,18917
3725,18960
3726,4130
3726,4467
3726,8982
3726,10163
3726,10698
3726,14604
3726,15136
3726,19429
3726,19671
3727,4475
3727,9436
3727,12463
3727,13788
3728,3784
3728,6968
3728,9877
3728,13586
3728,19489
3729,4978
3729,5172
3729,5852
3729,5898
3729,10942
3729,12452
3729,13689
3729,13894
3729,19412
3730,7781
3730,8624
3730,13179
3730,14911
3730,15795
3730,19838
3731,4785
3731,5524
3731,6907
3731,7342
3731,9306
3731,11403
3732,12655
3732,12867
3732,17413
3732,18575
3733,4641
3733,6617
3733,8123
3733,8603
3733,15199
3733,18865
3734,4876
3734,7629
3734,7948
3734,10244
3734,10722
3734,14464
3734,16271
3734,16369
3734,16976
3735,3783
3735,10746
3735,14061
3735,19935
3736,4128
3736,4602
3736,4838
3736,7001
3736,8790
3737,4789
3737,6959
3737,9457
3737,9663
3737,17958
3737,19471
3738,5633
3738,6605
3738,6889
3738,11113
3738,15079
3738,16025
3738,18891
3739,5796
3740,4967
3740,6932
3740,8380
3740,12374
3740,15185
3740,19862
3740,19877
3741,6508
3741,7378
3741,7943
3741,8052
3741,11060
3741,12419
3741,17708
3741,18696
3741,19134
3742,4677
3742,19690
3743,4249
3743,6823
3743,6995
3743,7250
3743,7718
3743,13307
3743,13391
3743,16345
3744,4130
3744,7897
3744,11229
3744,11565
3744,15474
3744,18573
3744,18727
3745,9824
3745,19864
3746,3865
3746,4114
3746,4783
3746,5034
3746,7817
3746,8392
3746,9500
3746,10569
3746,10827
3746,13168
3746,13378
3746,17283
3746,18625
3747,4346
3747,5101
3747,5371
3747,5593
3747,6650
3747,8063
3747,10976
3747,11341
3747,11448
3747,13645
3747,15064
3747,15659
3747,17571
3748,4216
3748,5245
3748,5288
3748,5702
3748,6445
3748,6949
3748,9426
3748,10259
3748,10975
3748,12759
3748,12846
3748,13307
3748,14063
3748,16710
3748,18038
3748,18969
3749,3996
3749,8145
3749,8869
3749,9281
3749,11989
3749,13916
3749,14804
3749,18708
3750,4339
3750,4797
3750,5838
3750,7021
3751,3941
3751,5303
3751,5928
3751,6204
3751,6662
3751,7482
3751,11691
3751,17202
3752,3837
3752,4263
3752,5285
3752,5858
3752,6749
3752,9258
3752,12727
3752,13216
3752,14954
3752,15458
3752,15930
3752,19099
3753,3807
3753,3844
3753,4045
3753,8046
3753,9201
3753,10195
3753,15062
3753,19872
3754,6619
3754,7687
3754,13881
3754,17092
3754,17795
3754,18284
3754,18856
3755,5935
3755,6264
3755,8196
3755,11858
3755,11991
3755,14904
3755,16686
3756,5654
3756,7842
3756,11416
3756,14044
3756,16009
3756,16580
3756,18890
3757,4159
3757,5543
3757,5677
3757,5721
3757,6436
3757,13182
3757,14782
3757,18344
3757,19424
3758,4056
3758,5566
3758,7831
3758,7990
3758,8278
3758,12191
3758,13342
3758,13517
3758,14102
3758,14710
3758,14930
3758,15324
3758,16396
3758,18994
3758,19063
3759,4075
3759,14064
3760,4552
3760,7794
3760,8887
3760,12853
3760,14850
3761,4388
3761,6176
3761,7490
3761,10337
3761,13569
3761,15074
3762,4913
3762,5634
3762,12692
3762,13280
3762,16768
3763,5162
3763,9508
3763,10088
3763,15852
3763,16785
3763,17876
3764,4741
3764,4862
3764,6054
3764,6995
3764,8491
3764,9314
3764,9539
3764,13665
3765,4247
3765,4370
3765,4498
3765,6425
3765,11860
3765,12999
3765,14426
3766,4549
3766,5164
3766,9471
3766,10601
3766,11005
3766,14299
3766,15895
3767,4320
3767,7334
3767,12467
3767,14101
3767,17162
3767,18266
3768,5232
3768,6058
3768,8382
3768,10785
3768,11363
3768,14901
3768,15081
3768,16341
3768,17996
3768,18191
3769,5957
3769,8143
3769,10549
3769,11383
3769,12111
3769,12914
3769,16067
3769,17268
3770,3900
3770,4146
3770,5611
3770,5716
3770,8786
3770,10478
3770,10838
3770,11790
3770,12066
3770,13624
3770,14726
3770,14838
3770,16334
3771,5021
3771,5325
3771,7588
3772,4841
3772,5643
3772,5841
3772,9837
3772,14511
3772,15115
3772,17101
3773,4028
3773,6977
3773,8518
3773,8951
3773,10295
3773,10544
3773,11703
3773,12609
3773,13549
3773,14078
3773,14119
3773,14653
3773,14791
3773,17343
3773,19011
3774,6018
3774,16459
3775,4981
3775,5197
3776,6086
3777,3939
3777,4005
3777,4058
3777,5160
3777,6559
3777,9028
3777,11991
3777,13284
3777,15407
3777,16702
3777,18831
3777,18845
3778,6128
3778,8829
3778,10574
3778,12315
3778,13879
3778,18501
3778,19808
3779,6634
3779,7336
3779,10341
3781,8165
3781,10109
3781,11176
3782,3878
3782,4268
3782,4331
3782,5150
3782,6589
3782,7463
3782,8126
3782,8688
3782,10171
3782,11463
3782,12777
3782,13659
3782,14150
3782,16207
3782,16781
3783,3896
3783,5936
3783,6171
3783,6398
3783,6770
3783,7377
3783,8316
3783,9404
3783,10013
3783,11689
3783,14250
3783,14866
3783,19826
3784,4804
3784,5213
3785,5704
3785,8211
3785,8378
3785,11526
3785,13479
3785,14752
3786,3788
3786,4655
3786,14758
3786,18264
3786,19664
3787,4250
3787,4775
3787,5309
3788,3880
3788,5498
3788,6870
3788,12914
3788,14990
3788,16723
3788,17170
3788,18075
3788,19257
3790,9220
3790,11608
3790,11965
3790,12003
3790,17153
3791,4431
3791,6045
3791,13828
3791,16018
3791,16686
3791,16931
3791,18261
3792,4530
3792,6217
3792,7376
3792,7385
3792,12040
3792,13579
3792,17661
3792,18318
3793,5148
3793,6409
3793,6430
3793,7725
3793,12192
3793,17134
3793,18156
3794,11527
3795,6125
3795,10523
3795,12621
3795,13452
3796,4354
3796,5522
3796,9048
3796,9129
3796,9774
3796,11461
3796,11680
3797,8024
3797,14372
3797,16808
3797,19636
3798,10644
3798,18074
3799,5196
3799,7252
3799,10198
3799,11350
3799,15157
3799,16442
3799,19518
3799,19656
3800,17034
3801,5027
3801,9667
3801,11726
3801,16856
3801,17619
3801,19613
3802,5777
3802,8900
3802,18413
3803,5305
3803,8214
3803,8641
3803,9889
3803,9935
3803,15837
3803,16122
3803,18066
3803,19346
3804,5577
3804,8244
3804,13873
3804,15466
3805,12730
3805,17413
3806,4933
3806,7926
3806,8931
3806,14490
3806,16181
3806,16915
3807,5736
3807,6323
3807,9141
3807,13735
3807,13959
3807,14569
3807,18195
3807,19266
3808,6739
3808,6927
3808,8624
3808,9509
3808,13474
3808,15003
3808,16762
3809,5101
3809,6396
3809,6697
3809,8233
3809,9677
3809,9930
3809,17518
3809,18085
3809,19418
3810,5639
3810,5995
3810,7813
3810,7865
3810,8140
3810,11739
3810,19785
3810,19846
3810,19857
3811,4054
3811,5568
3811,9291
3811,9515
3811,10045
3811,16452
3811,19940
3812,4361
3812,4608
3812,6189
3812,7005
3812,9217
3812,10507
3812,17638
3813,7481
3813,8302
3813,9894
3813,10343
3813,17143
3813,17488
3814,5736
3815,5276
3815,5815
3815,6239
3815,6781
3815,6808
3815,8082
3815,11404
3815,11467
3815,13077
3815,14419
3815,14740
3815,17608
3815,18411
3815,19524
3816,6392
3816,11788
3816,16567
3816,19174
3817,4394
3817,6754
3817,10325
3817,13039
3817,15422
3817,15474
3818,9280
3818,13576
3818,15073
3818,18843
3819,4615
3819,7428
3819,8330
3819,11566
3819,13814
3819,16789
3819,19625
3820,3878
3820,4233
3820,6584
3820,7107
3820,7691
3820,9397
3820,10630
3820,12336
3820,15842
3820,16034
3820,16855
3820,16926
3820,19122
3820,19977
3821,9156
3821,11811
3821,19703
3822,4222
3822,4876
3822,8880
3822,10412
3822,12146
3822,14212
3822,16251
3822,16522
3822,17375
3822,17783
3822,18172
3823,8299
3824,3939
3824,3975
3824,4332
3824,4963
3824,5132
3824,6750
3824,10193
3824,14632
3824,15268
3824,17306
3824,19903
3825,6478
3825,11103
3825,12411
3825,18055
3826,6188
3826,6329
3826,10937
3826,13861
3826,18035
3827,5266
3827,5531
3827,6378
3827,7559
3827,10254
3827,10328
3827,11475
3827,14867
3827,15514
3828,4272
3828,7733
3828,9501
3829,11791
3829,13371
3829,15232
3830,6504
3830,9317
3830,11512
3830,12290
3830,17442
3831,6125
3831,8839
3831,10107
3831,13231
3831,18795
3832,6835
3832,7653
3832,8081
3832,13383
3832,17233
3833,8419
3833,8652
3833,9437
3833,11815
3833,15252
3834,5273
3834,6652
3834,9579
3834,9657
3834,9706
3834,13524
3834,13621
3834,13957
3834,16362
3834,19878
3835,4665
3835,5160
3835,5523
3835,5622
3835,6305
3835,9274
3835,13529
3835,14767
3835,14943
3835,15999
3835,19629
3836,4340
3836,7305
3836,8755
3836,10062
3836,11693
3836,13716
3836,15756
3836,16191
3837,11691
3837,14929
3837,15679
3837,18668
3838,6692
3838,9175
3838,13256
3838,13438
3838,14272
3838,14833
3838,18354
3839,4312
3839,6083
3839,6282
3839,6447
3839,6801
3839,7331
3839,11562
3839,12807
3839,19253
3840,5814
3840,8062
3840,16995
3840,18238
3841,6642
3841,8900
3841,9622
3841,17359
3842,3952
3842,4318
3842,4853
3842,5625
3842,5794
3842,5892
3842,6823
3842,12594
3842,19779
3843,6069
3843,10126
3843,10486
3843,10738
3843,10950
3843,13766
3843,14792
3843,15972
3845,7333
3845,9219
3845,14937
3845,17430
3846,3924
3846,6056
3846,7364
3846,8833
3846,14090
3846,14346
3846,14546
3846,14800
3847,3862
3847,4195
3847,4468
3847,5551
3847,7765
3847,7815
3847,9889
3847,14415
3847,14950
3847,15306
3847,16275
3847,19567
3848,3911
3848,4376
3848,7100
3848,11356
3848,16902
3848,17974
3848,18044
3849,5391
3849,5509
3849,5951
3849,6219
3849,8275
3849,9689
3849,10683
3849,13011
3849,13459
3849,19163
3850,4702
3850,9283
3850,11259
3850,11957
3850,12432
3850,14561
3850,19811
3851,8146
3852,4011
3852,5070
3852,6361
3852,10543
3852,10791
3852,11223
3852,12792
3852,13103
3852,16313
3852,18499
3853,16809
3854,7491
3854,8399
3855,4080
3855,4505
3855,5123
3855,6382
3855,7632
3855,9494
3855,9499
3855,9655
3855,10486
3855,11080
3855,13330
3855,13738
3855,14214
3855,14560
3855,15210
3855,15740
3855,15918
3855,15921
3855,17094
3856,4920
3856,5264
3856,5950
3856,6539
3856,9483
3856,10331
3856,10364
3856,10916
3856,18936
3856,19731
3857,6981
3857,8418
3857,15325
3857,17310
3857,19550
3857,19874
3858,5582
3858,9125
3858,12373
3858,15764
3859,4585
3859,4608
3859,9743
3859,12878
3859,14058
3859,16753
3859,17095
3860,3884
3860,4190
3860,4397
3860,4494
3860,6325
3860,8367
3860,10536
3860,11860
3860,13146
3860,13466
3860,18773
3861,4316
3861,4714
3861,6068
3861,6139
3861,6439
3861,6671
3861,8556
3861,8640
3861,8712
3861,18085
3862,3934
3862,4121
3862,6434
3862,11013
3862,11534
3862,12215
3862,13876
3862,17422
3862,19392
3863,4429
3863,6356
3863,7330
3863,11040
3863,14615
3863,18359
3863,18636
3863,19859
3863,19998
3864,5630
3864,8204
3864,16528
3864,16553
3864,16845
3865,4162
3865,4839
3865,10619
3865,14126
3866,6061
3866,13309
3866,19340
3866,19396
3867,7758
3867,8802
3867,8825
3867,10133
3868,5612
3868,10441
3868,11823
3868,12426
3868,16975
3869,5408
3869,10293
3869,11452
3869,13605
3869,18976
3870,4589
3870,7569
3870,10929
3870,12196
3870,13520
3871,5822
3871,7608
3871,9016
3871,9951
3871,12313
3871,15234
3871,18669
3871,19416
3872,8604
3872,10280
3872,17943
3872,18522
3873,4325
3873,6164
3873,6459
3874,4073
3874,6067
3874,7071
3874,7507
3874,9467
3874,10591
3874,15892
3875,4131
3875,5210
3875,7478
3875,10897
3875,18653
3876,3893
3876,4282
3876,5871
3876,6274
3876,6748
3876,7847
3876,8413
3876,8819
3876,10398
3876,12386
3876,14874
3876,17690
3877,4791
3877,8465
3878,4928
3878,6536
3878,8194
3878,12298
3878,14355
3878,14967
3878,17016
3878,17509
3878,18138
3879,9741
3879,11311
3879,14753
3879,19826
3880,4270
3880,4511
3880,4948
3880,5745
3880,6607
3880,8176
3880,9635
3880,10005
3880,10489
3880,11390
3880,15278
3880,18619
3881,5225
3881,6076
3881,6574
3881,7422
3881,8758
3881,16971
3881,17279
3882,3952
3882,4181
3882,6473
3882,6641
3882,6905
3882,7847
3882,12017
3882,12776
3882,13928
3882,14979
3882,15088
3882,18544
3883,5646
3883,7465
3884,5197
3884,6701
3884,8193
3884,8520
3884,8776
3884,9653
3884,12535
3884,13106
3884,13195
3884,16693
3884,17338
3884,18171
3884,19236
3884,19250
3885,5056
3885,5710
3885,6427
3885,8443
3885,19126
3886,5136
3886,5467
3886,5780
3886,6867
3886,12946
3886,15658
3886,15791
3887,4791
3887,5119
3887,7174
3887,7284
3887,10155
3887,16919
3887,17613
3887,17697
3887,17829
3888,15688
3888,18126
3889,4299
3889,6753
3889,16492
3889,18287
3890,7788
3890,18289
3891,4551
3891,4819
3891,5594
3891,5884
3891,6121
3891,6928
3891,7367
3891,8414
3891,9419
3891,11560
3891,19522
3892,9768
3892,11299
3892,16871
3893,6184
3893,6777
3893,8878
3893,8941
3893,9051
3893,13140
3894,4829
3894,11729
3894,12050
3894,12973
3894,17205
3895,4547
3895,6196
3895,6872
3895,7052
3895,7332
3895,7962
3895,8716
3895,10867
3895,14305
3895,16223
3895,17500
3895,18014
3895,19426
3897,5634
3897,5925
3897,11632
3897,16604
3898,4131
3898,4407
3898,4690
3898,7327
3898,8286
3898,10782
3898,11848
3898,12081
3898,17082
3898,18412
3899,3953
3899,8415
3899,8821
3899,9019
3899,11309
3899,11555
3899,13005
3899,14984
3899,15741
3899,16537
3899,18226
3899,19506
3899,19547
3900,5128
3900,5446
3900,14927
3900,16159
3901,8633
3901,9796
3901,12217
3901,18587
3902,7216
3903,4663
3903,4860
3903,5862
3903,8796
3903,14393
3904,5557
3904,8672
3904,9001
3904,9944
3904,13392
3904,13984
3904,18707
3904,19666
3905,4553
3905,5967
3905,6843
3905,7343
3905,7564
3905,8320
3905,14487
3905,14638
3905,14671
3905,17274
3905,18584
3906,5507
3906,8035
3906,12455
3906,19101
3907,4431
3907,6537
3907,9178
3907,13891
3907,13903
3907,19273
3908,4351
3908,8036
3908,8700
3908,12863
3909,4631
3909,4971
3909,5978
3909,16685
3909,16802
3910,4402
3910,4710
3910,5082
3910,6206
3910,9055
3910,9407
3910,11515
3910,12172
3910,14016
3910,15282
3910,17077
3911,4307
3911,7001
3911,7230
3911,7680
3911,9368
3911,9508
3911,9580
3911,12576
3911,12671
3911,18999
3911,19085
3911,19137
3912,4093
3912,5570
3912,9388
3912,11555
3912,13509
3912,13762
3913,5056
3913,5332
3913,6978
3913,8849
3913,9966
3913,11398
3913,13542
3913,18848
3913,19542
3914,5915
3914,7738
3915,5314
3915,7220
3915,8087
3915,12197
3915,14549
3915,15151
3915,15481
3915,15834
3915,17200
3916,4484
3916,7148
3916,11267
3916,16209
3916,19957
3917,7217
3917,9353
3917,10226
3917,12856
3917,14080
3917,17113
3918,4023
3918,6063
3918,6245
3918,6505
3918,7883
3918,10056
3918,12446
3918,16575
3918,18697
3918,19064
3919,5071
3919,8807
3919,13700
3919,14024
3919,14258
3919,19129
3920,10990
3920,11506
3921,5870
3921,6572
3921,7645
3921,7786
3922,5720
3922,7127
3922,7254
3922,9205
3922,11737
3922,13803
3922,17223
3922,18394
3923,4323
3923,8418
3923,15525
3924,15299
3924,15989
3925,4135
3925,4920
3925,4999
3925,10788
3926,5578
3926,9546
3926,12027
3926,13077
3926,16397
3927,5470
3927,9221
3927,10301
3927,12148
3927,13772
3927,15216
3928,5420
3928,6060
3928,7846
3928,8225
3928,14047
3929,4091
3929,4468
3929,5370
3929,10026
3929,14923
3929,17485
3929,17513
3929,19859
3930,4170
3930,5785
3930,6837
3930,7778
3930,8646
3930,12115
3930,17133
3930,19112
3930,19598
3931,3979
3931,4014
3931,15093
3932,8083
3932,10585
3932,15920
3933,4405
3933,5833
3933,5917
3933,6088
3933,6527
3933,7026
3933,19323
3934,6688
3934,7214
3934,18840
3935,6285
3935,6792
3935,6946
3935,7844
3935,10287
3935,10602
3935,12540
3935,16190
3935,16794
3935,17985
3936,4353
3936,8519
3936,14858
3937,4574
3937,5006
3937,6442
3937,8720
3937,8912
3937,9326
3937,12405
3937,16344
3937,17099
3937,19401
3938,10669
3938,17025
3939,4082
3939,7450
3939,7850
3939,13571
3939,13877
3940,9222
3940,15779
3940,16219
3940,18430
3941,4905
3941,5451
3941,7841
3941,9323
3941,10007
3941,11430
3941,13149
3941,14081
3941,15245
3942,5107
3942,5822
3942,7075
3942,7293
3942,8918
3942,12614
3942,13002
3943,4576
3943,8112
3943,8179
3943,11444
3943,13354
3944,5579
3944,7163
3944,7806
3944,13853
3945,6974
3945,8350
3945,8574
3945,9548
3945,10721
3945,10887
3945,12252
3945,12707
3945,14708
3945,15076
3945,18419
3945,19916
3946,5066
3946,11162
3946,11906
3946,12138
3946,15130
3946,16050
3946,18735
3947,5345
3947,6446
3947,7409
3947,8439
3947,16332
3947,17531
3948,4096
3948,6235
3948,6998
3948,10119
3949,4374
3949,4802
3949,8352
3950,3987
3950,8926
3950,16314
3951,6465
3951,7352
3951,8387
3951,10451
3952,4069
3952,5024
3952,6398
3952,7349
3952,7737
3952,11270
3952,12632
3952,16543
3952,19064
3953,6189
3953,7539
3953,8575
3953,9360
3953,11500
3954,5271
3954,7013
3954,14396
3955,7159
3955,11828
3955,12756
3955,13290
3955,15057
3955,15283
3956,4326
3956,6577
3957,4525
3957,5832
3957,9344
3958,18902
3959,4839
3959,6005
3959,7955
3959,12440
3959,17446
3960,4233
3960,5540
3960,6127
3960,8576
3960,17593
3961,5494
3961,8599
3961,17394
3961,17700
3962,4644
3962,7163
3962,8629
3962,9821
3962,11575
3962,17839
3963,6590
3963,7870
3963,9797
3963,10661
3963,14596
3963,16216
3963,19036
3964,4741
3964,5764
3964,5898
3964,7917
3964,8855
3964,9024
3964,15178
3964,15658
3964,17061
3964,17480
3965,5404
3965,7249
3965,19220
3966,4683
3966,6507
3966,7510
3966,7654
3966,10553
3966,12364
3966,13289
3966,14974
3966,17916
3966,18105
3967,4057
3967,4681
3967,6023
3967,8424
3967,9531
3967,12758
3967,14403
3967,16260
3967,17913
3967,17942
3968,5817
3968,10208
3969,5964
3969,7859
3969,17322
3970,5915
3970,5978
3970,6712
3970,8204
3970,13026
3970,15820
3970,17216
3970,17713
3970,18571
3970,19333
3971,8503
3971,12597
3971,18613
3972,4845
3972,5603
3972,6356
3972,7322
3972,8089
3972,8395
3972,8630
3972,9731
3972,11636
3972,13654
3972,14635
3972,17903
3972,18083
3973,4137
3973,11654
3973,14249
3973,19069
3974,9171
3974,12166
3974,13518
3974,13599
3974,18933
3975,7446
3975,7522
3975,8069
3975,8293
3975,10327
3975,10833
3975,14982
3975,15189
3976,7493
3976,10544
3976,15403
3977,6735
3977,7054
3977,19035
3978,6153
3978,9356
3978,10037
3978,11595
3978,15556
3979,4087
3979,4117
3979,17038
3980,5278
3980,8365
3980,14722
3980,15225
3980,19147
3981,5200
3982,4309
3982,4506
3982,7240
3982,7250
3982,8715
3982,9810
3982,9880
3982,14204
3982,14375
3982,14430
3982,15110
3982,17378
3982,19292
3983,4758
3983,17189
3984,5753
3984,5998
3984,13006
3984,13357
3984,15854
3985,4041
3985,4769
3985,5495
3985,6126
3985,6273
3985,6707
3985,7776
3985,8252
3985,9422
3985,9530
3985,10842
3985,12326
3985,13122
3985,13275
3985,13490
3985,18950
3985,19837
3986,6486
3986,7456
3986,8749
3986,9511
3986,10433
3986,19762
3987,11093
3987,13106
3987,18303
3987,19805
3988,6311
3988,6774
3988,6860
3988,13655
3988,16158
3988,17261
3988,18227
3989,4635
3989,5830
3989,8620
3989,11487
3989,13890
3989,14467
3989,15027
3989,15109
3989,16877
3989,17912
3989,19345
3989,19606
3990,11035
3990,19331
3991,5880
3991,5954
3991,7597
3991,9090
3991,9390
3991,10076
3991,17894
3992,7234
3993,4416
3993,4645
3993,5850
3993,6044
3993,6059
3993,7328
3993,7410
3993,8778
3993,12420
3993,13229
3993,13427
3993,18752
3993,19317
3994,5004
3994,10127
3994,10414
3994,16495
3994,17456
3994,18811
3994,19505
3995,4133
3995,5702
3995,5875
3995,7988
3995,9738
3995,11585
3995,13036
3995,15488
3996,8702
3996,10117
3996,10973
3996,11776
3996,12460
3996,12744
3997,9410
3997,9892
3997,15623
3998,4980
3998,4996
3998,6131
3998,6374
3998,7627
3998,8957
3998,10026
3998,12035
3998,14093
3998,15567
3998,16222
3998,18946
3999,8499
3999,19372
4000,4137
4000,4891
4000,15944
4001,4167
4001,4363
4001,6147
4001,8177
4001,8910
4001,9447
4001,9512
4001,12090
4001,13410
4001,16870
4001,19657
4002,4071
4002,5798
4002,5851
4002,7364
4002,11302
4002,15367
4003,6771
4003,6897
4003,7620
4003,13319
4003,18433
4004,17480
4005,4145
4005,5749
4005,10611
4005,15060
4005,15188
4006,7117
4006,7868
4006,11392
4006,14008
4007,4558
4007,5743
4008,4856
4008,5827
4008,7612
4008,12822
4008,19474
4009,4665
4009,6943
4009,7276
4009,7372
4009,7584
4009,8263
4009,9438
4009,11412
4009,11684
4009,13423
4009,14747
4009,17497
4009,18473
4010,4232
4010,5221
4010,6784
4010,6923
4010,7708
4010,8877
4010,9073
4010,11482
4010,12134
4010,12416
4010,17859
4011,4156
4011,4198
4011,4288
4011,6934
4011,9339
4011,11066
4011,11101
4011,11332
4011,14213
4011,18697
4011,19781
4012,7357
4012,10520
4012,12014
4012,12295
4012,12723
4012,13215
4012,13296
4012,18027
4012,18505
4012,18822
4012,19670
4013,4834
4013,5051
4013,5330
4013,6177
4013,6917
4013,8218
4013,9483
4013,12603
4013,18115
4013,19499
4014,4018
4014,4364
4014,7144
4014,8538
4014,12267
4014,16123
4015,4838
4016,6564
4016,7387
4016,7598
4016,18728
4016,19551
4017,7193
4017,9663
4017,11365
4017,15491
4017,17401
4017,18584
4017,19476
4018,5385
4018,10567
4018,10787
4018,12185
4018,15417
4019,7702
4019,8826
4020,5539
4020,5801
4020,15864
4020,18204
4020,19558
4021,5843
4021,10352
4021,13025
4022,8980
4022,11356
4023,10532
4023,10909
4023,12549
4023,16497
4024,4410
4024,7256
4024,8595
4024,10703
4024,11234
4024,12303
4024,15152
4025,6422
4025,17598
4026,4191
4026,4398
4026,4770
4026,5202
4026,6263
4026,6635
4026,7139
4026,8685
4026,10032
4026,10188
4026,10255
4026,12497
4026,12769
4026,13666
4026,14243
4026,14870
4026,17192
4026,17728
4026,19324
4027,4935
4027,7920
4027,8234
4027,8551
4027,11628
4028,6364
4028,18252
4029,4500
4029,12035
4029,14890
4030,4279
4030,5408
4030,5717
4030,6296
4030,7384
4030,11788
4030,12018
4030,12398
4030,12924
4030,13859
4030,15110
4030,15592
4030,16384
4030,16496
4030,17464
4030,17949
4030,19725
4030,19835
4031,5457
4031,7428
4031,8631
4031,8692
4031,11853
4031,12408
4032,7052
4032,10507
4032,12680
4032,13369
4033,7330
4033,9677
4033,13337
4034,7980
4034,10756
4034,12679
4034,12717
4034,14115
4035,4650
4035,5132
4035,7026
4035,8682
4035,11944
4035,13114
4035,13397
4035,17106
4036,4339
4036,4502
4036,8929
4036,10577
4036,19736
4037,4598
4037,4749
4037,5250
4037,5713
4037,7010
4037,7209
4037,10977
4037,10995
4037,12231
4037,13569
4037,13790
4037,13901
4037,15216
4037,17284
4037,18740
4037,19051
4037,19186
4038,5671
4038,10122
4038,13288
4038,13341
4039,5856
4039,6358
4039,6579
4039,8252
4039,10054
4039,18858
4040,5539
4040,9178
4040,12666
4040,12922
4041,4751
4041,4972
4041,4992
4041,5214
4041,6308
4041,6342
4041,7281
4041,8316
4041,9633
4041,9873
4041,10987
4041,11958
4041,13961
4041,17596
4041,18719
4041,19803
4042,4287
4042,5228
4042,7088
4042,9041
4042,14435
4042,16354
4042,17170
4042,17316
4043,4383
4043,4623
4043,7000
4043,8581
4043,13875
4043,15030
4044,9697
4044,11371
4044,12427
4044,14526
4045,4598
4045,10499
4045,11103
4045,15570
4046,5023
4046,6758
4046,8175
4046,9573
4046,13690
4046,14040
4046,15142
4046,15703
4046,16020
4046,18406
4047,4201
4047,5411
4047,6020
4047,6043
4047,6740
4047,8151
4047,8692
4047,10105
4047,10971
4047,11228
4047,13026
4047,15437
4048,5268
4048,6140
4048,12423
4048,13125
4048,13591
4048,17721
4049,5151
4049,6295
4049,6817
4049,8245
4049,8415
4049,9081
4049,10430
4049,10649
4049,11081
4049,13328
4049,16004
4049,16565
4049,17364
4049,18319
4049,19943
4050,5028
4050,6013
4050,7453
4050,13055
4050,14564
4050,17772
4051,4260
4051,5087
4051,5613
4051,12790
4052,4586
4052,6274
4052,7158
4052,13726
4053,5034
4053,5310
4053,8159
4053,8419
4053,8435
4053,8865
4053,9125
4053,10067
4053,10858
4053,10891
4053,14364
4053,19953
4054,4773
4054,5723
4054,6237
4054,9216
4054,9749
4054,14015
4054,14117
4054,16171
4054,17767
4054,19287
4055,9047
4055,9488
4056,7541
4056,13369
4057,11863
4057,15615
4058,4395
4058,8231
4058,8784
4058,15166
4058,17914
4058,18281
4058,18337
4059,5030
4059,5173
4059,5864
4059,7194
4059,7678
4059,14717
4059,17670
4060,5050
4060,7640
4060,12555
4060,17215
4060,18783
4060,19734
4061,7607
4061,9243
4061,10388
4061,10788
4061,12126
4061,14003
4061,14579
4062,5644
4062,5891
4062,9364
4062,12809
4062,17421
4063,8216
4063,9608
4063,14810
4063,19669
4064,6729
4064,7462
4064,9506
4064,10831
4064,14890
4064,19084
4065,6389
4065,9991
4065,11721
4065,15081
4065,17928
4066,5339
4066,5440
4066,7182
4066,10170
4066,11985
4066,13621
4066,19394
4067,4201
4067,10031
4067,12036
4067,15308
4067,15457
4067,19447
4068,4671
4068,9684
4068,13080
4068,15968
4068,17879
4069,6062
4069,8943
4069,9880
4069,10099
4069,10909
4069,11118
4069,19852
4070,6440
4070,8565
4070,10089
4070,10792
4070,15973
4071,10311
4071,17280
4072,8082
4072,8749
4072,10802
4072,12580
4073,5592
4073,6465
4073,7900
4073,8040
4073,8486
4073,11022
4073,11679
4073,12394
4073,16263
4074,4579
4074,6848
4074,7501
4074,9887
4074,9973
4074,9997
4074,11012
4074,12321
4074,12331
4074,13249
4074,13740
4074,15977
4074,17426
4075,5013
4075,14986
4075,16294
4076,13387
4076,19370
4076,19774
4077,7341
4077,8175
4077,11621
4077,12485
4077,12507
4078,4805
4078,6099
4078,7904
4078,8181
4078,9281
4078,11838
4078,14202
4078,14368
4079,6971
4079,11790
4080,8429
4080,8647
4080,8794
4080,10224
4080,11066
4080,17643
4080,18485
4080,19010
4081,4467
4081,4592
4081,5358
4081,6553
4081,6935
4081,7042
4081,7282
4081,8646
4081,18320
4082,6118
4082,6281
4082,7009
4082,7496
4082,8425
4082,16083
4082,16628
4082,17847
4082,19660
4083,5851
4083,6029
4083,7909
4083,8104
4083,13495
4083,15553
4084,4392
4084,10968
4084,17294
4084,19372
4085,5216
4085,6159
4085,8858
4085,9334
4085,19375
4086,6170
4086,9070
4086,11864
4086,19026
4087,4262
4087,7232
4087,12149
4088,6619
4088,8837
4088,10823
4088,16094
4088,16966
4088,19260
4089,5959
4089,6793
4089,12314
4089,13366
4089,19500
4090,4132
4090,5188
4090,5550
4090,6635
4090,9334
4090,11243
4090,15678
4090,15925
4090,16027
4091,4885
4092,8198
4092,8257
4092,9270
4092,9579
4092,10039
4092,10118
4092,12865
4092,13360
4092,14401
4092,18463
4092,19463
4093,4937
4093,5251
4093,5479
4093,6041
4093,7014
4093,11654
4093,16751
4093,16809
4093,19457
4094,4208
4094,9747
4094,11390
4094,12512
4095,8470
4095,15220
4096,6186
4096,7812
4096,7931
4096,8013
4096,8636
4096,11834
4096,14000
4096,14105
4097,9607
4097,12981
4097,19891
4098,6174
4098,14096
4098,14876
4098,18380
4099,11853
4099,14012
4100,5813
4100,11258
4100,15774
4100,16498
4100,17285
4100,17845
4100,18282
4101,6380
4101,6382
4101,14730
4101,18783
4102,4651
4102,6405
4102,7630
4102,9127
4102,13313
4102,17696
4102,18860
4103,6033
4103,8474
4103,12534
4103,12764
4103,19889
4104,7824
4104,11598
4104,12088
4104,13740
4104,15344
4104,17672
4104,19849
4105,7054
4105,7428
4105,8672
4105,14205
4105,16669
4105,17915
4105,18309
4106,7843
4106,10783
4106,14629
4106,15786
4106,17611
4106,18449
4107,4139
4107,4337
4107,7538
4107,8088
4107,14668
4108,4786
4108,10535
4108,10650
4108,12190
4108,19145
4108,19516
4109,6993
4109,10429
4109,10741
4109,16988
4110,11613
4110,18540
4111,5174
4111,7845
4111,13376
4111,17505
4112,6258
4112,6894
4112,7957
4112,8191
4112,11871
4112,15562
4112,17719
4112,17879
4113,4208
4114,6182
4114,6265
4114,7650
4114,7718
4114,9352
4114,9682
4114,13624
4114,15089
4114,17034
4114,17647
4114,18777
4115,9778
4115,11551
4115,13131
4115,14296
4115,14669
4115,19909
4116,5028
4116,17191
4116,17741
4117,4742
4117,6239
4117,8093
4117,8237
4117,8497
4117,9690
4117,10050
4117,10116
4117,10466
4117,12683
4117,15674
4117,15864
4117,15946
4117,17514
4118,4215
4118,4615
4118,6179
4118,8090
4118,10347
4118,10723
4118,17722
4119,15781
4119,17801
4120,4861
4120,5155
4120,6632
4120,7125
4120,7558
4120,8739
4120,13507
4120,14648
4120,18476
4121,7157
4121,7430
4121,8485
4121,9609
4121,12343
4121,12988
4121,13362
4121,14747
4121,16091
4121,18796
4121,18917
4122,5342
4122,5606
4122,5904
4122,7589
4122,9668
4122,11355
4122,11577
4122,12736
4122,18199
4123,7637
4123,8296
4123,12015
4123,19459
4124,19713
4125,7047
4125,7385
4125,9267
4125,9676
4125,12878
4126,4573
4126,4907
4126,5447
4126,5546
4126,5742
4126,6433
4126,7494
4126,10339
4126,10806
4126,11363
4126,11531
4126,12684
4126,16790
4126,17026
4126,19133
4127,5122
4127,5769
4127,9208
4127,11504
4127,14469
4127,15479
4128,5918
4128,5968
4128,12089
4128,14089
4128,18275
4129,7467
4129,12526
4130,4138
4130,5590
4130,6580
4130,7455
4130,7927
4130,9058
4130,9810
4130,10091
4130,16400
4130,17044
4130,17323
4130,18178
4131,7461
4131,15557
4131,19256
4131,19914
4132,5881
4133,4809
4133,6895
4133,17880
4134,5962
4134,6042
4134,7649
4134,9027
4134,17843
4135,4369
4135,4764
4135,4851
4135,5151
4135,9330
4135,11303
4135,13941
4135,14608
4135,15362
4136,4388
4136,4954
4136,7432
4136,14773
4137,4566
4137,5966
4137,6435
4137,6509
4137,6843
4137,9770
4137,10538
4137,18043
4137,18536
4138,12938
4138,13866
4138,15291
4138,15396
4138,18403
4138,18587
4138,18732
4139,7887
4139,8336
4139,12520
4140,4319
4140,4514
4140,5882
4140,7021
4140,10386
4140,17838
4140,19490
4141,5139
4141,11070
4141,11661
4141,13976
4141,15023
4141,15394
4141,16342
4141,17098
4141,18078
4141,18271
4141,19629
4142,4484
4142,4771
4142,5778
4142,6906
4142,8463
4142,10964
4142,10983
4142,12324
4143,5342
4143,6977
4143,13833
4143,14461
4143,15517
4144,7554
4144,10655
4145,4989
4145,5411
4145,6630
4145,10300
4145,15394
4145,19397
4146,6484
4146,11196
4146,12436
4146,15122
4146,18717
4147,4532
4147,4762
4147,6221
4147,7239
4147,7777
4147,8500
4147,9231
4147,12255
4147,13869
4147,13923
4147,15166
4148,8799
4148,11612
4148,14276
4148,16235
4149,6840
4149,9481
4149,12509
4149,13429
4150,4419
4150,7643
4150,16545
4150,18012
4151,7902
4151,9531
4151,12019
4151,13765
4152,4611
4152,5176
4152,8643
4152,9272
4152,10281
4152,14248
4152,14614
4152,19269
4153,8469
4153,18919
4154,8456
4154,10863
4154,14978
4154,17092
4154,19296
4155,7990
4155,15693
4156,4418
4156,10623
4156,16912
4156,18966
4157,10662
4157,11082
4157,14071
4158,4578
4158,6398
4158,8909
4158,9963
4158,14667
4158,17688
4159,7856
4159,12595
4159,14625
4159,18263
4160,12367
4160,15496
4161,5229
4161,6052
4161,6461
4161,13769
4161,14272
4161,15046
4161,15744
4162,6281
4162,6922
4162,7984
4162,8200
4162,10322
4163,5188
4163,11651
4163,19711
4164,4768
4164,8970
4164,12387
4164,14617
4164,16457
4165,11361
4165,12700
4165,14240
4165,14270
4166,4999
4166,10219
4166,11792
4166,16338
4167,5074
4167,11573
4167,12247
4167,12255
4167,13717
4167,14947
4168,4453
4168,4727
4168,11294
4168,11413
4168,12628
4168,12840
4168,19819
4169,6669
4169,11067
4169,17190
4170,5628
4170,6297
4170,12990
4170,14335
4170,14471
4171,10319
4172,5321
4172,6750
4172,9492
4172,9777
4172,14487
4172,15957
4172,15958
4172,16427
4172,17284
4172,18542
4173,5413
4173,10723
4173,12021
4174,4689
4174,12796
4175,14042
4176,5616
4176,7012
4176,7036
4176,7110
4176,7893
4176,8471
4176,9295
4176,9568
4176,12437
4176,16542
4176,17624
4176,19265
4177,5094
4177,6570
4177,6914
4177,8843
4177,9952
4177,11969
4177,12239
4177,14700
4177,19543
4178,9248
4178,13303
4178,15648
4178,17269
4179,17975
4180,4620
4180,5336
4180,5379
4180,6491
4180,9748
4180,10336
4180,13260
4181,4203
4181,6713
4181,14864
4181,18725
4182,8668
4182,12415
4182,14746
4183,5624
4183,11490
4183,13843
4183,15788
4184,4970
4184,6179
4184,10210
4184,11907
4184,13125
4184,19625
4185,7785
4185,16088
4186,6693
4186,17484
4186,18883
4186,19591
4187,6784
4187,11198
4187,13819
4187,14053
4187,14898
4187,16704
4188,8487
4188,12245
4188,13122
4188,19014
4189,8576
4189,12040
4189,14534
4189,16192
4190,7166
4190,7601
4190,10960
4190,11499
4190,16182
4191,4324
4191,6236
4191,6239
4191,7365
4191,7507
4191,9373
4191,9648
4191,10406
4191,12646
4191,14683
4191,15326
4191,16086
4191,17076
4192,8456
4192,8617
4192,8974
4192,9082
4192,10015
4192,10072
4192,11847
4192,12820
4192,13093
4192,14892
4192,16373
4192,19083
4193,4195
4193,6136
4193,6639
4193,8492
4193,9522
4193,13212
4194,5140
4194,7847
4194,13973
4194,16736
4195,4691
4195,5469
4195,6667
4195,8283
4195,9154
4195,9523
4195,9787
4195,9908
4195,10552
4195,16135
4196,6389
4196,9744
4196,14581
4197,5747
4197,9302
4197,10912
4197,15057
4197,16083
4197,19398
4198,4750
4198,8540
4198,15083
4199,4377
4199,4814
4199,5085
4199,5846
4199,7132
4199,8633
4199,9544
4199,10848
4199,11339
4199,15340
4199,17834
4199,18318
4199,19971
4200,6135
4200,13246
4200,16904
4200,17654
4201,4225
4201,5977
4201,8147
4201,9121
4201,9506
4201,9941
4201,10841
4201,11748
4201,12194
4201,15053
4201,16005
4201,16396
4201,16590
4201,17975
4201,18549
4201,18715
4201,19181
4201,19430
4202,6726
4202,9695
4202,9753
4202,11890
4202,17682
4203,8525
4203,13684
4203,16250
4203,19756
4204,4509
4204,11664
4204,15310
4204,17907
4205,6403
4205,7543
4205,7669
4205,9013
4205,11023
4205,11622
4206,4488
4207,6858
4207,8949
4207,10752
4207,15502
4207,15978
4208,6494
4208,7051
4208,10550
4208,12801
4208,18929
4209,5778
4209,8065
4209,8591
4209,19125
4210,4893
4210,5934
4210,6368
4210,7538
4210,9710
4210,10431
4210,10980
4210,12251
4210,13209
4210,14926
4210,15578
4210,16740
4210,16975
4210,17620
4210,18213
4210,18635
4211,5789
4211,7873
4211,8189
4211,8561
4211,8594
4211,9333
4211,9993
4211,13692
4211,15602
4211,15741
4211,19146
4212,4285
4212,6438
4212,8159
4212,8388
4212,9549
4212,9818
4212,12634
4213,4903
4213,5212
4213,6164
4213,9317
4213,19723
4213,19742
4213,19865
4214,4358
4214,4958
4214,5716
4214,5866
4214,6004
4214,7468
4214,7610
4214,8311
4214,10310
4214,11912
4214,11925
4214,12235
4214,13121
4214,14503
4214,14689
4215,4846
4215,5087
4215,6255
4215,7421
4215,10460
4215,12135
4215,16600
4215,17490
4216,11608
4216,11943
4216,14714
4216,17893
4216,19194
4217,4728
4217,5383
4217,6158
4217,6307
4217,10932
4217,13614
4217,13667
4217,15348
4217,15870
4217,17593
4218,5993
4218,6082
4218,6120
4218,7622
4218,8213
4218,8269
4218,14876
4218,18587
4219,4618
4219,6545
4219,6582
4219,7212
4219,7645
4219,9566
4219,13779
4219,14568
4219,14954
4219,15903
4219,16208
4219,18888
4220,5016
4220,5227
4220,9284
4220,10528
4220,13537
4220,13559
4220,14075
4220,16299
4220,17565
4220,18331
4220,18454
4220,19838
4221,9725
4221,17363
4222,6201
4222,11948
4222,11959
4222,14449
4222,14632
4222,14636
4222,16577
4223,6224
4223,18066
4223,18195
4224,4590
4224,8182
4224,9162
4224,11887
4224,16854
4225,10436
4225,13109
4226,10042
4226,13608
4226,13959
4226,14266
4226,14457
4226,15002
4227,5106
4227,6585
4227,6908
4227,7514
4227,9195
4227,13007
4227,14267
4227,14903
4227,18209
4228,5549
4228,6832
4228,7577
4228,7624
4228,12333
4228,13012
4228,17274
4228,19453
4229,5712
4229,11339
4229,11583
4230,4761
4230,9852
4230,12536
4230,13259
4231,4522
4231,6765
4232,5575
4232,11962
4232,18087
4233,9728
4233,10737
4233,12989
4233,14858
4234,4246
4234,6752
4234,6955
4234,7319
4234,10340
4234,10350
4234,12120
4234,12617
4234,14455
4234,14644
4234,14759
4234,18333
4234,18382
4235,6271
4235,7523
4235,7936
4235,11333
4235,13820
4236,4734
4236,5236
4236,6055
4236,6166
4236,19057
4237,4550
4237,5548
4237,18516
4238,4928
4238,8499
4238,11313
4238,13600
4239,6978
4239,9940
4239,10230
4239,10891
4239,12093
4239,13809
4240,4954
4240,5162
4240,6564
4240,7192
4240,8916
4240,9983
4240,10919
4240,12693
4240,15730
4240,16556
4240,18777
4241,7108
4241,12091
4241,14845
4241,14874
4241,16620
4242,4877
4242,5893
4242,8820
4242,10634
4242,11161
4242,14180
4242,14307
4243,8965
4243,11307
4243,14416
4243,14934
4243,17897
4244,6751
4244,12650
4244,18481
4245,11536
4245,11564
4245,17316
4246,4682
4246,4799
4246,9370
4246,9528
4246,9543
4246,9800
4246,11391
4246,14215
4246,14728
4246,16543
4246,16731
4246,19285
4247,10040
4247,12950
4247,14709
4247,18067
4247,18113
4248,5074
4248,5692
4248,9543
4248,10550
4248,11982
4248,14231
4248,15510
4248,15788
4248,18430
4248,19307
4249,7665
4249,11237
4251,4324
4251,5413
4251,6046
4251,7282
4251,7550
4251,8949
4251,9101
4251,9613
4251,14052
4251,14382
4251,14437
4252,6231
4253,6522
4253,7687
4253,8094
4253,8155
4253,8385
4253,14141
4254,17114
4254,18207
4255,9759
4255,16771
4255,18074
4256,4805
4256,5445
4256,7596
4256,10800
4256,11478
4256,12630
4256,13890
4256,14132
4256,14379
4256,14436
4256,14840
4256,16557
4256,18215
4256,18281
4257,6082
4257,6644
4257,7349
4257,8536
4257,11073
4257,12635
4257,14074
4257,15196
4257,17253
4257,19924
4258,4736
4258,5853
4258,8120
4258,8876
4258,13317
4258,13426
4258,14185
4259,7246
4259,7600
4259,8677
4259,9129
4259,9293
4259,9394
4259,10518
4259,16682
4259,17839
4260,13764
4261,10338
4261,14097
4261,14269
4262,7934
4262,17492
4263,5706
4263,7661
4263,7769
4263,7859
4263,8419
4263,12193
4263,13345
4263,13544
4263,15258
4263,19218
4264,12339
4264,12947
4265,5184
4265,8649
4265,13130
4266,4384
4266,6265
4266,7613
4266,7660
4266,10072
4266,10233
4266,15136
4266,18968
4266,19107
4267,10054
4267,10128
4267,18305
4268,6330
4268,8735
4268,9135
4268,14864
4269,12292
4269,12655
4269,14132
4269,15338
4269,17522
4269,17606
4269,17616
4269,19926
4270,4464
4270,6070
4270,7102
4270,7687
4270,8949
4270,11252
4270,14483
4271,7055
4271,10147
4271,13173
4271,13777
4271,14787
4272,8334
4272,10999
4272,12245
4272,14857
4272,15257
4272,16475
4272,16711
4272,17315
4273,4407
4273,5432
4273,7463
4273,7919
4273,8133
4273,11147
4273,12000
4273,13278
4273,17118
4273,19435
4274,5271
4275,4982
4275,5528
4275,5859
4275,6343
4275,9607
4275,10475
4275,12133
4275,12678
4275,13191
4275,13554
4275,18541
4276,5697
4276,6247
4276,9940
4276,10061
4276,11144
4276,11536
4277,4537
4277,5564
4277,7609
4277,9471
4277,13996
4277,15784
4278,7834
4278,9061
4278,11084
4278,11147
4278,13978
4278,15808
4279,7144
4279,10955
4279,15346
4279,18118
4279,18928
4280,10730
4280,13039
4280,18657
4281,5331
4281,6526
4281,7123
4281,7231
4281,8660
4281,8759
4281,9931
4281,11398
4281,14353
4282,5490
4282,6014
4282,7075
4282,7444
4282,8349
4282,9424
4282,9572
4282,10245
4282,10367
4282,10446
4282,13268
4282,16705
4282,18493
4283,13253
4283,18723
4284,10292
4284,12799
4285,4779
4285,5539
4285,10306
4285,13228
4286,7369
4286,7519
4286,9278
4286,12983
4287,6954
4287,12581
4288,4548
4288,5061
4288,5674
4288,6216
4288,9074
4288,11394
4288,11797
4288,12453
4288,12567
4288,12656
4288,13571
4288,15925
4288,16883
4288,17132
4289,4877
4289,6173
4289,8705
4289,12066
4289,18756
4290,4597
4290,6636
4290,9085
4290,10561
4291,4945
4291,8428
4291,11614
4291,13455
4291,19484
4292,10099
4293,9056
4293,9344
4293,15288
4293,17305
4294,4687
4294,7115
4294,16400
4295,4956
4295,11126
4295,12377
4295,15036
4296,4653
4296,5351
4296,8357
4296,11238
4296,13576
4296,16219
4296,16999
4296,17510
4297,4451
4297,6363
4297,7721
4297,11078
4297,11843
4297,12541
4297,14004
4297,15308
4297,16120
4298,5220
4298,6482
4298,12105
4299,6969
4299,7511
4299,8208
4299,9162
4299,11420
4299,14543
4299,15120
4300,9295
4300,11931
4300,12918
4301,6202
4301,10773
4302,6416
4302,6557
4302,8307
4302,8718
4302,14217
4302,14517
4302,15506
4302,15686
4302,15865
4302,17377
4302,17766
4302,18750
4303,10251
4303,10656
4303,12621
4303,14488
4303,17104
4303,18134
4304,4407
4304,4773
4304,5484
4304,9894
4304,12073
4304,17449
4305,5505
4305,6955
4305,7468
4305,9020
4305,9318
4305,10615
4305,13222
4305,17227
4306,8973
4306,10103
4306,11659
4306,11698
4306,16590
4306,17342
4306,18276
4307,5395
4307,6345
4307,6672
4307,7342
4307,10913
4307,13232
4307,14925
4307,14975
4307,19816
4308,5151
4308,6444
4308,7623
4308,7794
4308,8365
4308,13254
4308,18802
4309,4783
4309,7842
4309,9075
4309,11551
4309,17591
4310,5155
4310,7216
4310,12454
4310,19009
4311,8329
4311,10369
4311,10767
4311,13987
4311,16930
4312,5822
4312,6413
4313,4835
4313,5693
4313,8617
4313,9619
4313,11620
4313,14096
4313,15228
4313,19196
4313,19207
4313,19488
4314,5793
4314,6492
4314,7156
4314,10974
4314,14382
4314,16460
4315,4720
4315,5792
4315,10728
4315,14127
4315,16868
4316,4725
4316,4939
4316,7774
4316,13826
4317,9680
4317,11787
4317,17680
4318,5835
4318,6220
4318,9889
4318,9967
4318,17209
4319,5083
4319,7589
4319,8620
4319,13531
4319,14666
4319,14718
4320,4972
4320,7087
4320,7262
4320,7515
4320,8771
4320,14334
4320,14471
4321,5755
4321,10077
4321,10299
4321,10379
4321,12349
4321,13667
4321,14628
4321,15637
4321,16218
4321,16923
4322,6903
4322,8563
4322,16165
4322,16371
4322,17254
4323,8357
4323,10762
4323,16472
4324,5700
4324,7502
4324,9654
4324,11897
4324,14201
4324,15043
4324,16253
4324,16762
4324,17599
4324,19131
4325,4337
4325,4749
4325,5199
4325,5659
4325,6755
4325,8400
4325,9479
4325,9801
4325,11102
4325,11517
4325,12397
4325,12462
4325,15681
4325,19972
4326,7653
4326,8374
4326,11456
4327,6532
4327,19962
4328,5777
4328,7638
4328,8385
4328,12110
4328,16603
4329,4398
4329,5074
4329,5382
4329,7241
4329,7344
4329,16799
4330,5181
4330,5905
4330,7198
4330,9386
4330,9432
4330,11831
4330,14288
4330,14897
4330,15230
4330,15540
4331,8081
4331,11173
4331,13050
4331,15690
4332,5138
4332,6665
4332,7658
4332,9720
4332,10248
4332,11949
4332,14953
4332,15775
4332,19087
4333,5775
4333,6070
4333,6683
4333,9290
4333,17041
4333,19684
4334,10203
4334,10672
4334,12891
4334,14068
4335,7235
4335,8577
4335,19141
4336,7078
4336,10006
4336,12751
4336,13448
4336,17718
4337,4781
4337,9022
4337,15606
4337,16071
4338,7765
4338,7868
4338,14028
4339,7743
4339,7941
4339,9045
4339,9211
4339,11513
4339,13068
4339,13880
4339,15567
4339,17675
4339,18181
4339,19106
4339,19491
4340,5961
4340,12057
4340,12271
4340,14762
4340,15010
4340,15547
4341,9287
4341,18011
4342,4900
4342,5792
4342,6247
4342,6255
4342,6381
4342,6498
4342,8380
4342,9290
4342,10532
4342,11027
4342,13817
4343,7650
4343,17308
4344,4607
4344,9186
4344,12365
4344,15162
4344,16616
4345,6051
4345,7072
4345,12478
4345,13762
4345,15793
4345,16430
4345,19592
4346,4651
4346,6823
4346,15467
4346,16444
4346,17123
4346,17341
4346,17357
4346,18199
4346,18256
4346,18393
4347,4877
4347,5257
4347,5296
4347,7786
4347,16662
4348,7594
4348,10494
4348,11022
4348,12568
4348,13134
4348,13168
4348,14590
4348,15295
4349,8563
4349,10987
4350,6568
4350,10306
4351,4872
4351,4953
4351,5868
4351,6364
4351,8033
4351,9554
4351,11406
4351,12080
4351,13791
4351,14121
4351,17697
4351,18365
4352,6512
4352,12470
4352,15400
4352,15601
4352,16831
4353,5128
4353,6660
4354,5628
4354,11981
4354,12010
4354,19979
4355,6563
4355,16269
4356,4557
4356,7572
4356,8557
4356,9509
4356,11151
4356,11978
4356,14019
4357,7339
4357,13715
4358,5265
4358,6038
4358,6711
4358,7966
4358,8774
4358,10577
4358,11177
4358,11896
4358,13323
4358,13894
4358,17054
4358,19651
4358,19721
4359,4447
4359,5761
4359,9769
4359,10377
4359,13307
4359,13670
4359,17000
4359,18478
4361,10447
4361,11516
4361,12330
4361,14432
4361,17385
4362,5059
4362,6437
4362,6548
4362,12841
4363,5556
4363,8563
4364,5067
4364,8372
4364,13619
4365,4818
4365,9643
4365,10285
4365,12338
4365,15721
4365,18679
4365,19704
4366,5344
4366,5615
4366,7127
4366,8287
4366,8334
4366,11169
4366,16452
4366,16750
4366,17827
4366,18788
4367,5048
4367,6677
4367,7922
4367,8098
4367,10597
4367,11481
4367,12327
4367,13068
4367,13213
4367,13648
4367,14553
4367,16485
4367,19772
4367,19950
4368,5712
4368,6450
4368,7913
4368,9766
4368,11996
4368,12043
4368,12117
4368,12180
4368,12427
4368,14458
4368,16608
4369,7284
4369,12619
4370,5600
4370,6720
4370,8550
4370,9147
4370,11647
4370,11950
4371,7193
4371,12090
4371,19074
4371,19282
4372,12528
4372,17700
4373,11967
4373,12663
4374,5049
4374,6467
4375,6395
4375,6980
4375,11166
4375,14544
4375,15809
4376,7006
4376,13075
4377,10087
4377,14105
4378,5275
4378,9305
4378,10576
4378,11206
4379,7728
4379,8466
4379,15450
4379,19011
4380,4716
4380,7995
4380,11783
4380,17007
4380,19850
4382,6124
4382,12518
4382,18787
4382,18930
4383,5365
4383,7396
4383,8133
4383,8987
4383,10362
4383,12081
4383,12328
4383,16550
4383,16858
4383,18287
4384,9628
4384,13803
4384,14854
4384,16418
4385,4496
4385,4698
4385,7695
4385,9383
4385,9785
4385,10665
4385,11538
4385,12472
4385,18575
4386,5090
4386,6995
4386,8252
4386,19688
4387,6409
4387,7360
4387,12131
4387,19662
4388,5158
4388,5342
4388,5436
4388,8322
4388,10282
4388,11631
4388,12076
4388,13744
4388,14732
4388,15211
4388,17529
4389,5891
4389,8511
4389,9518
4389,11304
4389,11420
4390,13381
4391,6250
4391,6888
4391,7071
4391,7706
4391,14001
4392,4464
4392,9909
4392,12608
4392,12794
4392,14772
4393,9417
4394,14204
4395,5131
4395,10061
4395,19421
4396,6790
4396,7899
4396,12593
4396,12904
4396,13833
4396,14297
4396,15295
4397,6682
4397,6970
4397,12202
4397,12784
4397,13322
4397,14261
4397,18134
4397,18521
4399,5385
4399,5999
4399,6615
4399,7113
4399,7776
4399,9450
4399,10462
4399,12946
4399,13751
4399,14193
4399,14212
4399,14429
4399,16075
4399,17513
4399,19099
4399,19780
4400,4868
4400,5727
4400,7941
4400,9790
4400,10964
4400,14700
4400,18568
4400,18889
4401,9750
4401,12268
4401,16491
4402,4628
4402,17809
4403,5025
4403,6814
4403,8527
4403,8605
4403,10817
4403,11832
4403,12709
4403,12990
4403,13743
4403,14723
4403,15385
4404,5845
4404,8303
4404,11790
4405,4484
4405,6891
4405,10194
4406,12720
4406,15300
4406,18127
4407,5496
4407,12906
4407,17649
4407,17753
4407,18432
4408,5691
4408,9981
4408,10096
4408,13646
4408,15447
4408,16612
4408,17179
4408,17290
4408,18745
4409,4810
4409,8100
4409,8799
4409,13191
4409,14614
4409,17091
4410,5926
4410,6440
4410,6508
4410,8826
4410,16770
4410,19816
4410,19885
4411,8394
4411,8872
4411,14696
4412,7146
4412,7220
4412,9425
4412,13045
4412,15743
4412,16651
4413,6932
4413,7141
4413,8835
4413,9072
4413,9151
4413,9285
4413,9335
4413,10423
4413,12993
4413,15339
4413,18008
4414,5737
4414,6622
4414,7136
4414,8241
4414,9834
4414,11770
4414,15069
4414,15259
4415,5004
4415,18416
4416,4997
4416,8743
4416,8993
4416,9114
4416,19720
4417,5159
4417,5657
4417,6621
4417,13659
4417,18669
4418,4688
4418,5236
4418,12399
4418,12698
4418,14379
4418,17726
4418,19182
4419,7433
4419,7440
4419,8044
4419,10553
4419,14081
4419,15348
4419,15904
4419,16994
4419,18037
4420,6415
4420,7177
4420,9953
4420,10226
4420,13071
4420,14344
4420,17541
4421,10448
4421,16298
4421,17587
4422,4589
4422,8576
4422,10722
4422,13451
4422,16058
4422,19179
4423,10297
4423,11298
4423,15347
4424,4831
4424,5268
4424,6783
4424,7324
4424,11937
4424,12640
4424,16917
4425,5746
4425,12676
4425,15987
4426,10228
4426,11341
4426,13680
4426,14818
4426,14909
4426,17479
4426,19839
4427,8613
4427,11262
4428,10667
4428,15757
4428,16220
4429,4701
4429,5959
4429,11849
4429,18759
4430,6352
4430,6916
4430,7876
4430,7897
4430,7902
4430,11349
4430,13803
4430,14252
4430,14300
4430,14893
4430,16347
4430,16736
4430,17141
4431,6225
4431,7813
4431,15315
4431,19328
4433,16333
4434,7927
4434,8612
4434,11261
4435,6580
4435,8087
4435,8102
4435,8236
4435,8652
4436,5720
4436,7199
4436,9624
4436,11876
4436,12728
4436,16833
4437,10500
4437,19526
4438,10555
4438,12943
4439,4729
4439,9183
4439,15358
4439,17806
4440,5424
4440,6136
4440,6862
4440,9999
4440,10910
4440,12029
4440,16743
4441,8840
4441,9062
4441,10341
4441,11432
4442,5272
4442,5389
4442,7789
4442,8366
4444,8094
4444,10079
4444,13013
4444,15181
4444,15228
4445,4907
4445,13343
4445,14744
4445,19368
4446,4762
4446,7237
4446,11132
4446,11346
4446,19098
4446,19763
4447,10031
4447,10654
4448,13489
4448,17458
4448,19889
4448,19993
4449,8881
4449,9806
4450,4624
4450,11473
4450,16804
4450,17876
4450,18965
4450,19678
4451,10183
4453,5055
4453,5180
4453,9298
4453,13205
4454,8161
4455,4927
4455,7027
4455,12697
4455,13451
4455,15170
4456,6176
4456,6372
4456,7808
4456,10296
4456,11359
4456,11640
4456,14678
4456,19490
4456,19687
4457,5498
4457,5698
4457,6089
4457,6200
4457,6828
4457,11932
4457,14501
4457,15369
4457,18824
4458,7923
4458,11288
4458,13720
4459,5032
4459,5722
4459,7599
4459,8859
4459,10898
4459,11186
4459,11274
4459,12102
4459,15677
4459,16323
4460,6665
4460,9444
4460,9451
4460,13651
4460,17112
4461,5990
4461,6291
4461,6952
4461,7285
4461,8192
4461,9266
4461,9435
4461,9919
4461,10679
4461,11111
4461,16554
4461,18307
4461,19399
4461,19476
4462,4606
4462,7665
4462,11685
4462,18311
4463,7132
4463,17436
4464,4547
4464,5789
4464,6633
4464,6667
4464,16031
4464,18985
4465,4720
4465,7990
4465,8271
4465,8454
4465,9885
4465,11464
4465,12163
4465,12331
4465,12601
4465,13693
4466,7362
4466,8911
4466,9777
4466,19837
4467,5900
4467,7318
4467,8136
4467,12361
4467,13287
4467,15427
4468,8616
4468,11988
4469,5090
4469,6196
4469,7280
4469,7838
4469,7974
4469,15256
4469,17045
4469,19388
4470,6165
4470,9303
4471,18904
4472,8123
4472,10955
4472,11503
4472,15281
4472,16375
4473,4937
4473,6478
4473,7225
4473,14647
4473,15451
4473,17430
4473,17530
4473,18737
4474,7275
4474,8509
4474,9273
4474,12950
4474,14377
4474,19818
4475,4663
4475,7942
4475,11842
4477,7057
4477,13364
4478,4668
4478,5439
4478,5946
4478,6008
4478,6423
4478,8396
4478,14499
4478,14807
4478,15373
4478,15582
4478,15721
4478,17299
4478,18974
4478,18989
4479,5731
4479,6154
4479,6751
4479,8313
4479,8908
4479,9462
4479,10651
4479,11700
4479,12498
4479,13274
4479,13308
4479,14563
4479,14648
4479,16033
4479,17590
4480,5187
4480,5567
4480,6476
4480,8445
4480,10177
4480,10557
4480,11693
4480,11953
4480,12161
4480,14301
4480,15593
4480,17757
4480,19354
4481,4935
4481,5775
4481,9412
4481,10208
4481,11393
4481,12239
4481,12319
4481,13071
4481,17118
4482,9381
4482,13691
4482,13893
4483,7922
4483,8601
4483,9475
4483,11104
4483,18109
4485,4776
4485,5411
4485,5926
4485,7548
4485,12966
4485,13224
4485,13483
4485,14655
4485,14796
4485,15455
4485,19981
4486,12798
4487,6579
4487,6909
4487,8948
4487,12158
4487,12440
4487,14565
4488,7421
4488,9325
4488,14293
4489,4935
4489,5315
4489,11034
4489,13328
4490,5904
4490,6801
4490,7311
4490,9014
4490,10715
4490,11600
4490,16096
4490,16773
4490,18159
4491,4558
4491,9433
4491,12818
4491,14850
4491,17198
4492,10393
4492,10943
4492,19710
4493,4807
4493,4977
4493,8847
4493,12815
4493,19117
4494,4928
4494,5380
4494,5459
4494,5650
4494,6073
4494,8387
4494,11015
4494,13139
4494,13558
4494,14194
4494,16063
4495,5486
4495,5531
4495,5696
4495,6194
4495,7155
4495,7197
4495,7328
4495,7840
4495,8004
4495,8258
4495,8683
4495,10106
4495,10465
4495,13809
4495,15336
4495,16928
4496,5780
4496,7187
4496,17924
4497,5116
4497,5307
4497,9124
4497,12238
4497,12668
4497,16907
4498,7099
4498,8002
4498,11642
4498,14409
4498,16859
4499,5971
4499,6260
4499,16385
4499,19342
4500,4599
4500,5032
4500,6018
4500,10619
4500,15835
4500,19294
4501,7018
4501,7933
4501,9238
4501,14261
4501,19501
4502,5297
4502,6971
4502,8966
4502,9011
4504,5341
4504,6323
4504,7535
4504,8361
4504,12169
4505,4578
4505,6151
4505,6404
4505,7136
4505,9212
4505,9646
4505,10916
4505,14462
4505,18597
4506,13452
4506,17076
4506,17097
4507,5747
4507,6951
4507,10724
4507,11283
4507,12786
4507,13810
4507,15339
4508,4690
4508,8608
4508,8968
4508,10864
4508,16353
4508,19085
4508,19371
4509,7318
4509,9775
4509,9981
4509,12491
4509,13199
4509,17719
4510,5239
4510,5926
4510,8127
4510,8612
4511,11950
4511,18713
4512,16421
4512,18611
4513,17627
4514,11233
4515,6603
4515,6817
4515,7762
4515,11235
4515,16238
4515,16293
4515,18256
4515,19854
4516,11979
4517,5955
4517,7751
4517,13138
4517,13491
4517,14937
4517,16156
4517,16320
4517,18609
4517,19476
4518,5331
4518,6019
4518,6560
4518,9848
4518,18887
4519,7252
4519,11384
4519,18204
4520,6881
4520,9559
4520,11953
4520,13038
4520,15085
4520,15461
4520,17167
4521,6609
4521,7105
4521,7206
4521,13906
4522,7654
4522,8655
4522,10181
4523,4697
4523,5124
4523,8068
4523,10367
4523,15000
4523,16355
4523,17158
4523,18920
4523,18965
4524,11742
4524,17978
4525,4700
4525,6643
4526,6661
4526,7843
4526,10284
4526,18489
4527,5164
4527,5224
4527,5440
4527,7124
4527,10927
4527,14384
4527,14561
4528,4641
4528,4764
4528,5396
4528,5422
4528,7431
4528,7945
4528,10889
4528,12669
4528,16960
4528,19587
4529,7913
4529,12199
4529,19496
4530,10711
4530,15848
4531,4642
4531,6789
4531,7890
4531,9825
4531,11423
4531,12167
4531,13165
4531,13217
4531,14516
4531,15206
4531,17044
4532,4767
4532,6630
4532,8032
4532,14064
4532,14411
4533,10765
4533,10901
4533,14062
4534,4753
4534,10465
4534,14360
4534,14446
4534,15265
4535,6134
4535,6453
4536,4729
4536,5112
4536,5910
4536,9018
4536,10832
4536,11847
4536,13759
4536,15861
4536,16356
4536,18464
4537,5493
4537,7324
4537,8349
4537,9504
4537,9666
4537,9780
4537,10058
4537,10945
4537,13087
4537,15132
4537,16440
4537,18819
4537,19398
4538,5879
4538,8646
4538,9401
4538,15803
4539,14096
4539,14646
4539,16164
4539,17059
4539,19231
4540,8246
4540,9617
4540,11288
4540,13506
4540,13840
4540,14016
4540,16387
4540,16912
4540,16924
4541,4889
4541,6066
4541,14740
4541,15688
4541,17732
4541,17805
4541,18160
4542,5604
4542,6840
4542,9168
4542,10380
4542,11674
4542,16202
4543,5665
4543,13407
4543,19612
4544,8656
4544,8743
4544,10027
4544,13887
4544,17125
4545,8970
4545,11317
4545,12304
4545,18301
4546,8673
4546,9001
4546,9416
4547,4873
4547,8353
4547,10200
4547,11718
4547,11942
4547,13006
4547,14135
4547,14286
4547,14518
4547,17569
4547,17682
4547,18244
4547,19483
4548,7404
4548,8371
4548,9359
4548,9453
4548,13741
4548,13787
4548,19861
4548,19897
4549,4754
4549,5964
4549,7883
4550,5636
4550,5723
4550,8178
4550,9204
4550,14384
4550,18445
4551,19302
4551,19720
4552,5235
4552,5499
4552,5689
4552,6429
4552,6940
4552,7805
4552,19461
4553,5496
4553,6001
4553,8969
4553,11980
4553,13383
4553,15748
4553,18943
4553,19250
4554,4629
4554,11095
4554,15706
4555,4606
4555,5990
4555,16376
4555,16751
4555,19668
4556,15954
4557,4828
4557,5608
4557,7607
4557,7894
4557,8795
4557,13054
4558,5447
4558,5647
4558,6049
4558,7335
4558,13109
4558,18196
4559,5869
4559,6736
4559,6885
4559,9392
4559,9470
4559,12231
4559,12350
4559,13163
4559,15922
4559,16336
4559,18247
4560,5199
4560,5569
4560,7082
4560,14164
4560,18016
4560,19000
4561,12729
4561,12885
4562,4605
4562,4659
4562,4687
4562,4804
4562,5745
4562,7545
4562,8721
4562,9746
4562,11309
4562,13774
4562,14481
4562,14719
4562,14955
4562,19641
4563,8796
4564,4864
4564,5704
4564,6322
4564,6682
4564,8045
4564,8699
4564,10299
4564,10695
4564,11129
4564,16773
4564,17005
4564,17452
4564,18464
4564,18954
4565,4658
4565,4827
4565,5020
4565,18609
4566,6079
4566,7725
4566,12229
4566,14077
4566,18093
4566,19056
4567,15584
4567,16747
4568,5723
4568,19668
4569,9515
4569,9938
4569,12000
4569,15600
4569,18058
4569,18159
4570,6325
4570,6333
4570,11357
4570,14784
4570,15154
4570,17761
4571,11905
4571,19957
4572,5441
4572,5610
4572,5816
4572,8046
4572,8396
4572,10033
4572,13460
4572,14388
4572,17840
4572,19947
4573,5169
4573,6664
4573,6800
4573,12035
4573,13154
4573,14295
4573,14539
4573,17629
4574,5846
4574,6711
4574,7616
4574,10454
4574,10941
4574,15391
4574,15544
4574,16095
4575,17375
4576,6697
4576,6735
4576,8589
4576,11658
4576,12536
4576,17829
4577,4708
4577,7261
4577,8281
4577,10594
4577,11344
4577,13984
4577,14958
4577,15920
4577,15981
4577,17847
4578,6086
4578,7567
4578,11767
4578,17392
4579,7128
4579,9284
4579,10422
4579,12824
4579,13382
4579,13515
4579,14173
4580,5930
4580,8973
4580,10481
4580,13039
4580,13175
4580,16651
4580,18492
4580,18515
4580,18637
4580,18980
4581,6331
4581,10149
4581,14665
4581,19664
4581,19984
4582,7036
4582,13375
4583,9312
4583,17049
4584,5367
4584,8288
4584,13542
4584,14635
4584,14668
4585,6057
4585,6291
4585,7414
4585,7773
4585,7910
4585,10130
4585,10252
4585,13004
4585,17156
4586,8464
4586,8875
4586,9917
4586,11024
4586,13174
4587,5917
4587,6212
4587,7071
4587,7849
4587,8801
4587,12866
4587,19206
4588,5973
4588,6958
4588,14177
4588,15528
4588,17004
4589,4843
4589,13775
4589,17747
4589,19679
4589,19873
4590,6397
4590,6700
4590,16343
4590,17086
4590,19458
4591,5804
4591,10662
4591,10786
4591,12325
4591,18690
4591,19023
4591,19729
4591,19745
4592,4978
4592,7994
4592,9189
4592,14507
4592,15012
4593,5730
4593,6548
4593,6800
4593,7063
4593,9077
4593,9943
4593,10365
4593,10672
4593,11156
4593,11302
4593,12174
4593,13915
4593,18052
4594,5008
4594,9494
4595,8405
4595,15632
4597,7314
4597,8520
4597,10260
4597,11000
4597,15486
4597,19261
4599,4655
4599,4948
4599,10836
4600,5340
4600,5591
4600,7923
4600,9998
4600,10529
4600,15118
4602,6230
4602,6979
4602,8868
4602,17764
4603,5806
4604,6476
4604,6757
4604,8050
4604,9754
4605,4938
4605,8680
4605,9863
4605,10489
4605,11319
4605,11656
4605,12059
4605,14760
4605,17951
4606,5635
4606,6063
4606,7256
4606,7411
4606,9083
4606,11681
4606,15903
4606,16037
4607,5101
4607,6790
4607,8088
4607,11803
4607,11917
4607,12236
4607,16210
4607,16340
4607,19783
4608,4616
4608,10071
4608,12821
4608,18050
4609,11655
4609,15883
4610,5447
4610,8478
4610,9945
4610,11478
4611,8232
4611,10480
4611,12312
4611,14457
4611,19429
4612,5278
4612,5939
4612,6933
4612,12727
4612,18911
4613,6182
4613,8811
4613,11053
4613,16216
4614,7066
4614,7401
4614,8053
4614,8544
4614,9827
4614,12902
4614,14337
4614,15115
4616,8991
4616,10856
4616,16103
4616,17070
4616,18981
4617,17259
4618,4642
4618,9477
4618,9599
4618,13497
4618,19095
4618,19102
4619,5225
4619,11156
4619,18971
4620,5127
4620,5174
4620,7781
4620,7885
4620,9753
4620,19232
4621,5509
4621,17529
4621,18280
4622,7394
4622,8228
4622,8371
4622,10176
4622,10944
4622,11530
4622,11793
4622,17637
4623,5186
4623,6505
4623,6896
4623,7153
4623,8134
4623,8892
4623,17278
4623,18315
4623,19725
4624,8041
4624,10589
4624,17508
4624,18510
4625,8198
4625,17976
4625,19819
4626,6254
4626,6274
4626,6796
4626,6989
4626,7424
4626,7609
4626,8344
4626,9289
4626,9472
4626,9490
4626,11835
4626,12546
4626,13289
4626,16280
4626,17061
4626,17750
4626,18625
4627,7664
4627,10153
4628,7624
4628,13120
4628,19032
4628,19885
4629,4840
4629,5483
4629,6150
4629,7316
4629,9557
4629,9865
4629,11864
4629,14460
4629,15321
4629,17066
4630,4863
4630,7347
4630,10497
4630,14468
4630,14558
4630,17869
4630,18910
4631,11331
4631,18563
4632,5417
4632,5513
4632,9901
4632,12671
4632,15450
4633,7566
4633,9062
4633,14295
4633,18620
4633,19598
4634,4698
4634,5491
4634,5520
4634,6007
4634,6211
4634,6249
4634,7395
4634,8346
4634,10177
4634,10222
4634,13585
4634,17305
4634,17778
4635,6050
4635,8692
4635,9192
4635,16596
4635,18992
4636,6347
4636,9498
4636,13022
4636,13189
4637,5204
4637,7838
4637,9094
4637,13425
4637,14843
4637,17296
4638,6283
4638,6401
4638,11470
4638,15187
4638,19003
4639,6855
4639,10216
4639,16080
4639,16948
4640,7467
4640,14848
4640,15906
4641,18519
4641,19693
4642,8096
4642,10233
4642,13521
4642,14679
4643,4875
4643,6602
4643,7741
4643,10184
4643,11172
4643,12284
4643,19975
4644,11356
4646,5007
4646,6996
4646,10672
4646,14704
4646,15750
4646,17189
4646,18028
4647,6177
4647,7606
4647,7991
4647,8814
4647,9056
4647,9626
4647,11376
4647,11577
4647,12116
4647,12306
4647,12991
4647,18691
4648,10364
4648,14458
4649,5652
4649,6791
4649,6865
4649,8308
4650,5126
4650,11851
4650,15080
4650,19144
4651,4837
4651,6262
4651,6467
4651,7109
4651,8523
4652,4745
4652,5732
4652,7143
4652,7186
4652,8513
4652,9011
4652,9729
4652,12253
4652,12602
4652,16331
4652,16450
4652,19046
4653,7633
4653,10153
4653,15190
4653,15265
4653,15336
4653,18335
4654,8071
4654,11021
4655,5988
4655,14599
4655,15613
4655,15935
4656,4991
4656,10571
4656,11609
4656,13033
4656,14060
4657,5134
4657,5256
4657,6495
4657,10236
4657,11271
4657,12024
4657,12756
4658,5826
4658,7734
4658,8360
4658,9374
4658,10539
4658,15215
4658,19726
4659,5385
4659,7558
4659,8449
4659,8741
4659,11027
4659,11300
4659,14324
4659,15207
4660,6458
4660,12801
4660,12963
4661,5619
4661,9545
4661,10575
4662,5508
4662,7035
4662,11607
4663,9532
4663,10545
4664,7303
4664,10941
4664,11945
4664,13908
4664,16141
4664,19444
4665,5929
4665,7110
4665,9661
4665,11330
4665,11947
4665,13658
4665,15929
4666,8079
4666,8393
4666,17210
4667,6616
4667,10098
4667,18454
4667,19957
4668,8480
4668,12589
4668,16591
4668,16961
4668,19596
4669,13105
4669,17600
4670,6741
4670,7701
4670,9084
4670,11564
4670,17231
4670,19157
4671,4702
4671,4768
4671,6783
4671,7177
4671,15274
4671,19408
4671,19888
4672,6190
4672,8397
4672,10911
4672,13549
4672,15636
4672,18658
4673,5088
4673,11334
4673,12737
4673,13203
4673,14493
4674,5659
4674,12434
4674,12617
4675,7050
4675,9638
4676,14301
4676,19558
4676,19738
4677,7370
4677,8840
4677,13538
4677,16447
4677,19976
4678,14125
4678,15127
4679,7491
4679,7614
4679,14167
4679,15857
4679,18917
4680,5998
4680,19383
4681,9987
4681,11223
4681,14284
4682,9768
4683,7749
4683,9012
4683,10135
4683,12763
4683,16611
4683,16985
4684,14602
4684,15876
4685,4872
4685,13753
4685,18245
4686,5295
4686,8121
4686,15783
4686,16334
4686,17012
4687,6905
4687,8348
4687,8771
4687,10600
4687,12879
4687,13990
4687,14401
4687,14785
4687,17395
4687,17514
4688,6991
4688,7031
4688,7451
4688,8717
4688,9451
4688,15651
4688,15823
4688,19856
4689,4973
4689,5542
4689,5556
4689,6386
4689,6985
4689,7016
4689,7104
4689,7130
4689,7387
4689,8059
4689,8699
4689,9686
4689,11424
4689,13310
4689,14661
4689,14762
4689,16738
4689,19630
4690,6803
4690,8824
4690,15579
4690,15623
4690,16005
4690,19120
4691,6078
4691,14104
4691,19182
4692,5352
4692,5411
4692,6205
4692,6432
4692,8312
4692,10320
4692,13432
4692,19541
4693,5661
4693,6572
4693,12077
4693,12233
4693,12586
4693,13766
4693,15647
4693,15671
4694,8926
4694,12650
4694,16235
4694,19547
4695,19010
4696,6797
4696,7378
4696,8109
4696,9229
4696,9533
4697,12467
4698,5018
4698,7884
4698,10286
4698,11969
4698,14022
4698,14025
4698,16983
4699,5310
4699,7111
4699,12543
4699,16243
4701,7915
4701,8077
4701,13278
4702,5808
4702,5896
4702,7091
4702,8676
4702,14473
4702,18239
4703,6965
4703,7386
4703,10363
4703,11604
4703,16113
4703,17781
4704,5084
4704,6878
4704,9376
4706,4714
4706,5215
4706,9955
4706,14235
4706,16449
4706,19927
4707,10487
4708,4899
4708,10768
4708,13366
4708,14916
4708,19467
4709,5567
4709,13056
4709,13356
4709,17499
4710,7553
4710,13764
4710,15070
4711,8141
4711,14322
4711,14694
4711,17789
4712,5891
4712,5967
4712,6591
4712,15475
4712,17843
4712,18710
4713,5547
4713,5995
4713,16826
4713,17742
4714,8126
4714,12518
4714,15137
4714,17332
4714,19439
4715,12934
4715,14613
4716,6277
4716,10218
4716,10260
4716,10639
4717,4748
4717,9548
4717,11963
4717,12083
4717,14394
4717,14826
4718,5780
4718,16401
4719,9976
4719,11043
4720,10107
4720,16028
4721,5454
4721,15633
4722,5914
4722,7149
4722,8506
4722,9992
4722,10689
4722,11980
4722,12287
4722,13568
4722,13917
4722,14389
4722,14622
4723,18127
4723,18898
4724,4950
4724,5055
4724,5272
4724,6152
4724,7474
4724,7603
4724,8943
4724,9871
4724,10180
4724,11982
4724,12881
4724,16893
4724,17994
4724,18914
4724,19013
4725,8226
4725,13917
4726,9100
4726,10356
4726,18628
4727,5172
4727,6503
4727,10961
4727,11211
4727,14617
4727,17728
4727,18678
4728,10879
4728,11128
4728,12546
4729,6016
4729,7657
4729,7871
4729,8106
4729,8783
4729,8814
4729,9369
4729,10272
4729,10316
4729,13086
4729,13417
4729,16448
4729,18546
4729,18869
4729,18966
4729,19019
4729,19276
4730,7054
4730,9567
4730,9965
4730,12395
4730,16655
4731,7512
4731,18014
4732,7936
4732,8801
4732,10113
4732,12311
4732,16724
4732,17102
4732,19811
4733,8869
4733,9194
4733,10992
4733,11192
4733,17329
4734,7299
4734,7475
4734,10263
4734,13256
4734,13948
4734,15983
4735,9056
4735,9139
4735,14048
4735,16553
4736,5495
4736,6315
4736,7040
4736,7979
4736,9152
4736,9167
4736,10256
4736,15102
4736,15202
4736,15696
4737,13586
4737,14482
4738,7463
4738,12657
4738,13872
4738,15427
4739,8711
4739,8727
4739,9345
4739,9428
4739,12467
4739,12653
4739,18789
4740,19101
4741,5430
4741,5552
4741,10877
4741,11808
4741,14603
4741,14700
4741,16936
4741,17812
4742,4845
4742,5918
4742,10765
4743,6333
4743,8930
4743,9983
4743,15107
4744,8177
4744,8340
4744,9468
4744,11137
4744,12363
4744,15503
4744,16329
4744,17107
4745,5010
4745,5349
4745,7010
4745,7090
4745,7855
4745,8736
4745,9070
4745,10766
4745,12442
4746,4845
4746,4856
4746,5163
4746,9072
4746,14788
4746,15465
4746,15606
4746,17881
4747,6706
4747,8465
4747,11064
4747,13303
4747,15244
4748,4955
4748,5264
4748,7329
4748,8267
4748,10814
4748,11264
4748,17657
4748,18011
4749,5390
4749,6169
4749,6916
4749,10283
4749,10794
4749,11632
4749,13265
4749,13682
4749,18166
4749,18342
4750,5221
4750,7231
4750,7256
4750,9701
4750,14055
4750,16764
4751,15464
4752,10027
4752,10507
4752,17988
4753,7291
4753,8046
4753,11197
4753,11568
4753,11859
4753,12407
4753,15784
4754,6917
4754,7851
4754,9989
4754,10706
4754,15237
4754,15362
4754,18053
4754,19768
4755,6173
4755,7050
4755,16417
4755,18573
4755,18646
4756,4810
4756,9288
4756,13427
4756,16757
4756,17321
4756,19704
4757,6293
4757,10699
4757,13324
4757,14588
4757,15444
4757,18637
4757,19437
4758,13265
4759,11037
4759,14427
4759,16429
4759,19735
4760,9401
4760,9596
4760,10127
4761,5982
4761,11121
4761,12126
4761,12711
4762,6036
4762,6282
4762,10793
4762,11313
4762,13626
4762,13631
4762,14885
4762,19309
4763,5145
4763,5288
4763,5687
4763,6964
4763,8059
4763,8266
4763,9216
4763,12177
4763,14297
4764,6538
4764,16595
4764,19734
4764,19886
4765,5930
4765,7925
4765,8111
4765,8254
4765,9781
4765,10515
4765,11565
4765,12133
4765,18283
4766,17937
4767,5309
4767,6861
4767,8324
4767,8939
4767,9178
4768,5296
4768,6867
4768,7573
4768,7994
4768,12206
4769,8394
4771,7356
4771,12063
4771,14603
4771,15539
4771,17852
4771,18172
4772,8950
4772,11174
4772,13778
4772,16409
4773,7506
4773,8264
4773,9113
4773,13181
4773,18043
4774,8320
4774,10837
4774,12604
4774,14859
4774,15349
4775,6042
4775,6044
4775,8632
4775,11999
4775,15146
4775,18624
4776,9833
4776,12895
4776,14428
4776,15920
4777,7599
4777,8237
4777,10396
4777,17570
4778,7186
4778,8906
4779,8205
4779,8338
4779,11850
4779,13782
4779,19765
4780,18301
4780,18558
4780,19698
4781,7129
4781,9215
4781,11499
4781,11652
4781,12230
4782,6704
4782,9606
4782,15611
4783,5935
4783,9455
4783,9684
4783,9981
4783,10495
4783,10600
4783,11090
4783,11408
4783,11862
4783,12908
4783,19161
4784,5628
4784,7037
4784,7096
4784,7382
4784,7663
4784,11745
4784,12820
4784,13031
4784,17140
4784,17172
4784,18038
4785,6679
4785,7186
4785,9854
4785,13485
4785,15677
4786,4902
4786,6216
4786,9377
4786,10146
4786,10287
4786,12636
4786,16870
4786,18801
4787,9962
4787,11499
4787,14293
4787,18063
4788,7312
4788,8490
4788,13603
4788,15642
4788,15944
4788,17388
4789,6037
4789,11424
4789,11892
4789,17713
4789,17746
4790,8361
4790,16975
4790,18483
4790,18613
4791,5265
4791,5289
4791,6857
4791,7787
4791,10546
4791,12161
4791,15387
4792,7153
4792,7506
4792,9039
4792,16265
4793,6410
4793,10216
4793,12985
4793,13600
4793,17069
4793,17184
4793,19034
4794,6631
4794,7411
4794,9910
4794,17207
4794,18365
4794,18492
4795,6002
4795,7625
4795,8185
4795,9673
4795,10261
4795,11114
4795,16355
4796,5138
4796,12071
4797,6085
4797,6121
4797,7321
4797,7692
4797,8105
4797,13034
4797,14075
4797,16755
4798,8062
4799,6673
4799,7483
4799,7837
4800,5099
4800,5873
4800,5932
4800,9129
4800,11248
4800,12638
4800,15128
4800,15517
4800,16197
4800,17555
4800,18346
4801,5361
4801,5989
4801,6424
4801,7337
4801,7833
4801,10927
4801,14599
4801,15897
4801,16903
4801,18284
4801,19182
4802,12797
4803,5099
4803,7545
4803,8243
4803,11558
4803,17591
4803,18225
4803,18313
4804,9780
4804,16539
4804,16707
4804,17301
4805,5265
4805,5278
4805,5859
4805,6819
4805,8374
4805,8471
4805,11596
4805,11905
4805,14282
4805,15143
4805,19495
4805,19799
4806,8208
4806,9881
4806,10294
4806,13113
4806,13513
4806,13773
4806,15160
4806,17655
4806,18813
4806,18824
4807,12860
4807,14496
4807,15634
4807,17945
4807,18426
4807,19007
4809,7299
4809,8835
4809,10350
4809,14228
4809,14649
4809,17303
4810,6703
4810,8807
4810,12054
4810,13541
4810,19698
4811,7158
4811,10114
4811,12176
4811,12797
4811,12868
4811,14212
4811,14517
4811,15447
4811,18410
4811,19133
4812,15514
4812,16764
4813,7862
4813,9026
4813,15305
4813,18451
4813,19328
4814,5683
4814,7844
4814,7992
4814,10779
4814,11003
4814,11918
4814,13288
4814,14481
4814,16463
4814,16792
4815,4889
4815,7716
4815,9703
4815,10534
4816,13315
4816,14572
4817,5471
4817,11156
4817,14019
4817,14650
4817,15123
4817,18619
4818,14367
4818,18240
4818,19419
4819,11775
4819,12029
4819,16318
4820,5825
4820,7283
4820,8910
4821,5350
4821,6772
4821,9453
4821,11328
4821,13840
4821,13957
4821,16292
4821,18396
4821,18506
4821,19737
4822,7095
4822,12576
4822,13531
4822,17906
4823,6618
4823,7030
4823,7236
4823,7829
4823,7933
4823,8023
4823,8448
4823,9320
4823,11144
4823,11894
4823,16332
4823,17082
4823,18818
4823,19350
4823,19532
4824,5353
4824,10698
4824,16346
4825,10184
4825,16219
4825,18625
4826,6929
4826,7869
4826,7881
4826,10030
4826,12410
4826,13415
4827,6122
4827,6968
4827,12185
4827,14038
4827,15226
4827,15740
4827,19180
4828,7176
4828,13872
4828,16884
4828,18100
4828,18997
4828,19852
4829,7837
4829,8003
4830,6257
4830,10790
4830,13088
4830,18148
4831,8372
4831,9063
4831,9540
4831,9936
4831,13744
4831,14317
4832,10751
4832,15035
4833,6158
4833,8542
4833,8567
4833,9710
4833,11135
4833,13322
4833,16224
4833,16560
4833,17907
4834,5288
4834,6601
4834,7353
4834,14859
4834,15499
4834,18843
4834,19266
4835,5624
4835,7667
4835,8406
4836,4857
4836,5823
4836,6229
4836,12597
4836,13137
4836,13592
4837,14576
4837,15732
4837,18424
4838,5741
4838,6629
4838,7803
4838,13851
4838,14975
4838,15764
4838,17133
4839,6982
4839,7018
4839,14405
4839,15770
4839,18058
4839,18186
4840,5150
4840,5505
4840,6583
4840,7874
4840,12755
4841,15957
4842,5026
4842,5472
4842,5501
4842,5541
4842,6673
4842,9002
4842,10287
4842,10671
4842,10905
4842,12018
4842,12574
4842,13682
4843,9434
4843,17351
4845,12741
4845,13069
4845,13331
4845,15854
4846,5618
4846,10635
4846,18851
4846,18997
4847,5377
4847,6322
4847,10823
4847,11631
4847,14007
4847,17355
4847,17887
4848,8558
4848,13865
4848,14879
4849,6679
4849,10391
4849,10777
4849,13129
4849,17643
4849,18621
4849,19582
4850,7665
4850,8594
4850,10148
4850,11741
4850,12547
4850,17171
4850,18124
4851,10761
4851,12038
4851,12243
4851,12573
4851,14355
4851,17835
4852,6219
4852,7917
4852,10110
4852,13468
4852,15046
4853,5941
4853,8376
4853,10963
4853,11087
4853,11104
4853,11174
4853,11648
4853,13987
4853,14674
4853,16094
4853,17130
4854,4929
4854,5310
4855,6359
4855,11160
4855,12752
4855,15049
4855,18379
4855,19427
4856,11036
4856,11273
4856,13109
4856,17064
4856,19332
4857,14187
4858,7137
4858,10262
4859,5952
4859,8653
4859,9355
4859,9602
4859,12618
4859,12740
4859,13291
4859,15813
4859,15944
4859,16917
4859,17823
4859,18860
4860,6353
4860,6657
4860,8060
4860,8119
4860,9842
4860,10760
4860,12229
4860,15355
4860,16966
4860,17830
4860,18775
4860,18922
4861,4939
4861,8400
4861,14048
4861,19567
4862,5604
4862,6688
4862,8116
4862,12078
4862,12519
4863,4898
4863,5306
4863,11846
4864,6988
4864,7134
4864,8678
4864,12313
4864,12964
4864,18200
4864,19943
4865,7839
4866,5594
4866,6947
4866,13066
4866,15583
4867,5888
4867,7509
4867,18565
4868,5308
4868,6821
4868,7598
4868,8721
4868,9105
4868,9334
4868,9469
4868,10455
4868,12095
4868,12164
4868,13466
4868,14400
4868,14811
4868,17983
4869,5118
4869,5845
4870,7404
4870,7999
4870,11565
4871,6859
4871,12720
4871,17106
4872,4917
4872,10097
4872,10269
4872,15440
4872,18479
4873,8163
4873,9119
4873,9330
4873,9385
4873,11676
4873,14572
4873,18528
4874,6252
4874,6347
4874,8643
4874,8966
4874,11468
4874,13953
4874,15440
4874,16121
4874,16550
4874,17317
4874,17660
4875,5254
4875,12608
4876,5099
4876,8020
4876,8113
4876,10006
4877,5051
4877,5360
4877,6961
4877,7128
4877,8338
4877,17706
4878,6235
4878,8442
4878,13857
4878,14489
4879,9254
4879,9814
4879,12216
4879,13411
4880,5398
4880,9641
4880,10092
4880,10779
4880,15872
4881,6146
4881,6564
4881,11579
4881,13255
4881,13492
4882,9041
4882,16435
4882,19177
4883,5159
4883,5232
4883,5464
4883,7724
4883,8700
4883,9421
4883,9953
4883,10323
4883,11670
4883,14817
4883,14819
4884,7195
4884,7436
4884,8030
4884,9769
4884,18538
4884,18735
4884,19078
4885,10421
4885,16937
4885,18152
4885,19352
4886,7306
4886,8945
4887,6825
4887,13732
4887,17452
4888,5137
4888,7004
4888,9683
4888,10209
4888,17093
4888,17374
4888,19669
4888,19788
4889,4971
4889,5680
4889,5877
4889,5989
4889,6774
4889,7781
4889,9812
4889,10947
4889,11362
4889,12693
4889,13374
4889,14906
4889,19606
4890,13222
4890,15125
4890,16437
4890,18723
4891,5349
4891,8552
4891,10789
4891,14168
4891,16713
4891,17358
4891,18189
4891,18400
4891,19688
4892,9841
4892,14085
4892,19682
4893,7719
4893,10745
4893,14828
4893,19223
4894,5159
4894,5658
4894,6001
4894,6242
4894,13987
4894,15954
4894,18552
4895,6285
4895,7502
4895,8860
4895,9923
4895,12620
4895,12697
4896,6953
4896,8619
4896,9385
4896,10364
4896,18889
4897,5702
4897,6287
4897,8903
4897,11028
4897,11159
4897,12790
4897,13785
4897,15469
4898,6124
4898,9484
4898,15691
4898,16532
4899,5524
4899,18680
4900,7098
4900,8572
4900,9285
4900,10184
4900,10901
4900,11400
4900,15443
4900,17748
4901,5963
4901,6644
4901,9163
4901,11951
4901,12340
4901,12880
4901,14308
4901,15459
4901,17894
4902,6597
4902,8100
4902,10771
4902,13463
4902,15028
4902,16440
4903,7221
4903,14154
4904,7585
4904,7901
4904,8550
4904,9954
4904,10494
4904,15056
4904,18391
4904,18544
4905,7035
4905,7744
4905,8562
4905,16390
4906,6399
4906,9089
4906,16665
4906,18316
4907,8455
4907,12075
4907,14793
4907,17933
4908,8032
4908,8511
4909,4924
4909,5142
4909,6659
4909,9439
4909,11605
4909,13161
4909,13637
4909,16586
4909,16638
4909,19173
4910,5441
4910,6058
4910,7847
4910,8534
4910,11577
4910,13419
4910,16220
4910,18736
4910,19969
4911,12893
4911,15982
4912,5662
4913,5157
4913,5940
4913,6921
4913,7674
4913,11512
4913,17449
4913,17758
4914,4960
4914,5283
4914,6874
4914,7265
4914,8218
4914,8289
4914,11456
4914,13119
4914,13524
4914,13659
4914,15126
4914,15863
4914,16194
4914,18975
4915,7137
4915,8927
4915,9136
4915,9229
4915,11451
4915,15016
4915,15255
4915,16849
4915,18349
4916,5364
4916,7122
4916,8358
4916,19389
4917,18223
4918,5396
4918,5877
4918,12779
4918,14094
4919,7420
4919,8513
4919,8671
4919,9943
4919,12622
4919,13893
4919,13905
4919,15493
4919,17144
4920,4966
4920,5064
4920,6234
4920,7921
4920,8432
4920,9945
4920,13806
4920,16743
4921,5407
4921,7039
4921,9304
4921,12648
4921,15618
4921,18171
4921,18572
4922,6379
4922,11046
4922,14571
4923,13744
4923,15324
4923,17941
4923,19510
4924,5933
4924,6306
4924,9468
4924,9595
4924,12053
4924,17187
4925,5156
4925,18827
4926,14866
4927,13710
4927,18674
4927,19536
4928,5175
4928,6538
4928,13492
4928,16279
4928,16705
4929,5353
4929,5553
4929,5721
4929,6262
4929,6719
4929,8993
4929,10348
4929,10728
4929,11325
4929,14141
4929,14385
4929,17076
4930,6101
4930,6304
4930,8518
4930,11217
4930,14170
4930,14767
4930,15613
4931,5486
4931,6134
4931,11841
4932,7617
4932,12126
4932,12760
4932,13564
4932,15577
4932,15639
4932,16163
4932,17599
4933,5665
4933,6412
4933,6983
4933,8050
4933,10661
4933,11054
4933,11329
4933,11453
4933,14257
4933,15694
4933,16710
4933,17015
4933,17822
4933,17974
4933,17981
4934,7025
4934,7501
4934,9563
4934,17331
4935,6699
4935,7015
4935,16484
4936,6231
4936,7266
4936,8235
4936,10334
4936,13749
4936,17669
4937,5576
4937,12760
4937,16948
4938,7931
4938,12462
4938,14343
4938,14353
4939,5306
4939,10140
4939,16108
4940,6601
4940,13777
4940,16130
4941,9806
4941,17078
4942,7736
4942,7787
4942,7982
4942,8969
4942,9788
4942,12130
4942,19793
4943,6600
4943,7040
4943,11861
4943,13188
4943,15979
4943,16230
4944,7770
4945,5355
4945,5378
4945,5803
4945,6025
4945,6741
4945,7669
4945,7842
4945,8006
4945,9990
4945,17369
4946,7672
4946,9656
4946,9735
4946,10982
4946,12402
4946,12560
4946,13032
4946,14091
4947,5135
4947,5799
4947,6763
4947,6877
4947,6884
4947,10724
4947,13131
4947,19567
4948,6447
4948,11268
4948,11523
4948,11695
4948,14860
4948,15753
4949,5157
4949,6567
4949,19829
4950,5478
4950,7885
4950,8920
4950,9099
4950,11477
4950,13744
4950,14320
4950,14825
4950,17250
4951,6879
4951,13406
4951,14718
4951,17611
4952,5196
4952,5627
4952,6401
4952,6897
4952,9325
4952,13930
4952,15059
4952,16142
4952,16759
4953,7195
4953,8583
4953,11727
4953,13144
4953,16507
4953,16593
4954,6701
4954,8220
4954,9242
4954,10020
4954,11429
4954,11835
4954,14525
4954,15498
4954,15526
4954,17432
4955,11190
4955,15864
4955,16225
4955,16961
4955,19773
4956,5762
4956,8718
4956,8836
4956,10794
4956,11728
4956,14476
4956,18522
4956,19055
4956,19968
4957,7273
4957,11254
4957,12446
4958,7681
4958,19667
4959,7708
4959,9528
4959,9716
4959,11500
4959,15394
4959,17544
4959,19205
4960,5199
4960,12391
4960,12500
4960,12850
4960,13311
4960,13801
4960,17846
4961,9767
4961,15529
4961,19586
4962,12968
4962,16283
4964,7639
4964,10820
4964,11199
4964,14084
4964,15183
4965,5629
4965,5955
4965,8153
4965,8928
4965,9877
4965,11035
4965,11510
4965,11904
4965,15382
4965,16199
4965,19448
4966,6617
4966,6944
4966,9050
4966,9222
4966,14945
4966,18023
4967,13044
4967,17985
4968,5785
4968,7801
4968,9118
4968,18737
4969,5170
4969,5208
4969,5611
4969,5868
4969,7777
4969,10724
4969,11116
4969,12818
4969,14687
4969,15199
4969,18399
4970,5858
4970,8188
4970,8431
4970,8765
4970,11643
4970,13716
4970,19065
4971,7407
4971,7617
4971,12592
4971,12733
4971,16606
4971,16954
4971,17991
4971,19185
4972,12008
4972,19096
4973,5425
4973,6366
4973,6492
4973,7273
4973,7923
4973,9900
4973,11705
4973,12965
4973,13627
4973,14687
4973,18581
4973,19530
4974,8781
4974,13851
4974,16326
4975,5993
4975,7142
4975,7918
4975,10282
4975,11457
4975,13250
4975,18048
4975,18505
4975,19069
4975,19360
4976,5762
4976,6047
4976,6102
4976,6991
4976,7720
4976,7735
4976,13921
4977,10620
4977,11419
4977,13267
4977,18373
4978,5939
4978,6413
4978,7476
4978,10992
4978,18978
4979,6555
4979,10803
4979,11508
4979,14204
4979,15139
4979,16099
4979,16225
4979,16851
4980,5320
4980,14987
4980,17370
4981,8188
4981,9281
4981,10655
4982,5261
4982,7924
4982,8292
4982,9899
4982,9941
4982,10042
4982,10608
4982,11460
4982,12170
4982,13046
4982,13304
4982,14875
4982,15215
4982,16886
4982,17433
4982,18200
4982,18457
4982,18929
4983,6528
4983,6704
4983,7870
4983,8811
4983,11793
4983,17494
4983,19620
4984,8777
4984,9008
4984,15774
4985,5210
4985,6623
4985,7095
4985,10567
4985,12508
4985,12679
4985,15033
4985,17657
4985,19367
4986,16836
4986,19920
4987,8050
4988,5420
4988,5631
4988,6206
4988,7260
4988,9412
4988,11807
4988,16463
4988,17820
4988,18477
4989,6798
4989,9087
4989,9574
4989,11602
4989,12731
4989,15971
4989,16180
4989,18395
4989,18901
4990,6852
4990,17287
4991,6556
4991,16126
4991,18386
4992,5460
4992,5681
4992,5799
4992,7059
4992,7537
4992,8064
4992,8580
4992,9047
4992,9093
4992,10535
4992,11155
4992,13491
4992,15322
4992,17788
4992,18599
4992,18894
4993,14450
4993,15105
4993,15273
4993,17789
4994,5298
4994,8511
4994,10320
4994,18798
4995,6870
4995,8020
4995,9410
4995,11733
4995,14594
4995,16837
4995,17177
4995,18994
4996,12176
4997,5868
4997,7081
4997,7303
4997,8129
4997,10622
4997,16253
4998,12178
4999,6190
4999,6556
4999,11232
4999,13330
5000,8040
5000,9022
5000,11189
5000,15959
5000,19387
5001,5469
5001,6202
5001,7791
5001,7919
5001,8187
5001,8632
5001,10372
5001,11091
5001,15563
5003,6727
5003,12293
5003,13656
5004,6177
5004,6669
5004,7064
5004,7333
5005,6011
5005,8556
5005,12676
5005,15153
5005,15512
5005,15645
5006,6272
5006,6939
5006,7443
5006,9445
5006,10784
5006,11541
5006,14225
5006,15880
5006,19161
5007,6866
5007,13831
5007,16674
5008,5201
5008,8082
5008,10991
5008,11387
5008,16916
5009,5455
5009,7967
5009,9329
5009,10228
5009,11574
5009,16201
5009,17042
5010,12796
5010,17536
5011,5026
5011,7202
5011,7240
5011,11731
5011,14558
5011,15097
5012,5288
5012,5802
5012,7198
5012,8619
5012,10564
5012,13767
5012,15955
5012,18585
5013,10686
5013,14640
5013,18054
5014,5832
5014,6939
5014,7164
5014,8522
5014,15200
5014,17150
5016,13958
5016,18172
5017,5464
5017,5801
5017,6592
5017,7059
5017,12453
5017,13871
5018,14674
5020,8277
5020,8850
5020,10159
5020,10670
5020,10774
5020,11772
5020,17046
5020,17913
5021,14123
5022,5209
5022,6832
5022,10757
5023,14111
5023,16634
5024,6219
5024,8612
5024,15659
5024,17617
5025,6545
5025,8489
5025,9276
5025,12367
5026,16908
5026,18631
5027,5384
5027,7171
5027,10274
5027,12041
5027,13693
5027,15188
5027,15344
5027,17050
5027,17534
5028,15824
5029,5736
5029,9169
5029,12317
5030,5446
5030,11178
5030,18918
5031,5332
5031,6203
5031,8465
5031,8546
5031,11017
5031,11617
5031,13953
5032,5901
5032,7730
5032,11202
5032,19366
5033,15970
5033,17090
5033,17298
5034,6941
5034,7801
5034,8512
5034,13026
5034,14840
5034,16845
5035,6222
5035,10744
5035,15688
5035,15825
5035,19577
5036,9758
5036,10470
5036,11263
5036,14848
5037,9750
5037,12707
5037,13216
5037,18516
5038,5072
5038,5303
5038,7757
5038,10496
5038,14008
5038,15011
5038,15731
5038,17768
5038,19110
5039,6427
5039,9201
5039,15623
5040,9968
5040,15601
5040,15895
5040,16531
5041,5289
5041,5675
5041,14197
5041,19654
5042,5461
5042,6967
5042,8599
5042,11017
5042,11187
5042,17059
5042,17574
5042,19734
5043,6767
5043,10122
5043,18522
5044,8351
5044,10521
5044,11518
5044,11983
5044,13777
5044,14908
5044,15593
5044,17125
5044,18650
5045,9315
5045,10462
5045,11677
5045,13758
5045,19187
5045,19511
5046,11076
5046,11374
5046,16473
5046,17503
5047,5740
5047,7497
5047,15124
5047,16737
5047,19157
5047,19701
5048,10059
5048,10196
5048,11006
5048,14646
5048,17914
5049,6769
5049,8647
5049,8946
5049,17307
5049,18672
5050,6664
5050,9685
5050,19588
5051,6057
5051,6133
5051,6546
5051,8442
5051,9700
5051,10148
5051,10488
5051,14632
5051,16210
5051,19681
5052,13035
5052,16824
5053,5773
5053,7044
5053,7243
5053,11876
5053,12657
5053,12961
5053,14147
5053,14596
5053,18268
5054,6807
5054,7493
5054,15509
5055,6279
5055,8112
5055,8749
5055,9370
5055,12289
5055,14744
5055,15359
5055,16901
5056,7385
5056,10996
5056,12281
5056,13272
5056,17778
5057,7323
5057,7583
5057,9337
5057,9659
5057,14655
5057,15815
5058,8635
5058,9110
5059,8021
5059,11994
5059,15405
5060,7849
5060,8520
5060,11450
5060,14908
5060,17232
5061,5339
5061,5886
5061,10069
5061,10133
5061,13968
5061,13969
5061,15010
5061,16105
5061,16915
5061,19465
5062,7393
5062,10017
5062,11976
5062,13187
5062,15624
5062,18359
5063,5354
5063,5599
5063,9579
5063,16076
5063,17743
5064,13016
5065,9097
5065,9484
5066,5098
5066,5764
5066,8021
5066,8432
5066,10861
5066,14836
5066,16357
5067,6374
5067,7238
5067,11722
5068,8295
5068,9095
5068,10276
5068,11966
5068,12954
5068,14486
5068,17374
5069,7464
5069,16012
5070,16633
5070,18965
5071,9853
5071,18292
5072,6420
5072,6428
5072,7570
5072,8552
5072,9680
5072,11182
5072,14130
5072,14394
5072,15267
5072,16092
5072,18957
5073,6032
5073,7840
5073,7920
5073,9445
5073,16304
5073,17514
5074,8438
5074,10664
5075,6586
5075,9358
5075,9938
5075,11559
5075,19572
5076,8149
5076,8264
5076,10315
5076,19428
5077,6252
5077,7252
5077,7994
5077,9530
5077,12232
5077,15931
5077,18643
5078,8261
5078,10604
5079,6080
5080,5878
5080,8280
5080,9505
5080,10798
5080,11062
5080,14120
5081,6717
5081,7625
5082,5619
5082,7258
5082,8148
5082,9226
5082,11771
5082,13293
5082,15205
5083,7431
5083,8833
5084,5133
5084,5749
5084,6065
5084,7223
5084,13512
5084,15698
5084,15875
5084,18425
5085,11224
5085,11825
5085,16363
5086,6653
5086,8196
5086,10852
5086,13971
5086,15229
5086,17778
5087,6115
5087,7245
5087,9622
5087,13508
5087,14005
5088,12050
5088,12151
5088,13027
5088,14005
5088,14578
5088,15223
5089,7642
5089,12654
5089,16993
5089,17118
5090,7502
5090,9380
5090,9555
5090,9925
5090,11796
5090,12670
5090,17002
5090,19369
5091,8148
5091,15666
5092,5481
5092,8426
5092,11244
5092,13435
5093,5130
5093,5504
5093,6235
5093,12578
5093,12679
5093,14593
5094,5558
5094,6877
5094,7169
5094,8115
5094,8899
5094,9200
5094,9402
5094,12086
5094,14447
5094,15117
5094,16937
5095,5852
5096,12064
5096,15327
5097,5705
5097,7025
5097,18038
5098,15429
5099,5499
5099,5880
5099,9394
5099,10805
5099,16386
5099,18255
5100,9818
5100,11771
5100,17473
5101,9608
5101,9956
5101,10023
5101,19048
5102,7079
5102,7998
5102,10718
5102,11176
5102,12562
5102,13355
5102,18709
5103,6239
5103,6524
5103,6902
5103,8067
5103,11834
5104,5303
5104,10561
5104,11885
5104,12903
5104,17871
5105,6513
5105,7206
5105,10012
5105,14240
5107,6997
5107,16186
5107,17716
5107,19275
5108,8601
5108,8906
5108,10784
5108,11445
5108,13082
5108,15868
5108,16154
5108,16195
5108,16235
5108,16371
5108,16676
5108,17297
5108,18266
5108,19490
5109,5623
5109,5853
5109,6168
5109,9603
5109,10551
5109,13734
5109,16819
5110,6033
5110,7586
5110,12081
5111,5423
5111,6191
5111,6915
5111,18557
5112,5420
5112,9555
5112,11362
5112,12935
5112,14353
5112,15972
5114,6828
5114,7187
5114,15787
5115,6694
5115,7215
5115,7697
5115,8075
5115,9508
5115,11479
5115,17530
5115,18926
5115,19063
5117,5499
5117,5624
5117,9954
5117,12402
5117,13569
5117,14404
5117,14953
5118,18566
5119,8149
5119,16620
5120,10030
5121,5227
5121,10554
5121,10887
5121,14286
5121,18175
5122,5676
5122,6893
5122,9398
5122,11914
5122,12014
5122,13491
5122,14424
5122,14692
5122,16776
5122,17011
5122,17722
5123,7505
5123,8051
5123,8143
5123,8804
5123,16339
5123,18102
5124,5882
5124,8941
5124,13373
5124,13696
5124,15316
5124,18616
5125,8993
5126,6046
5126,6918
5126,8145
5126,9822
5126,13720
5126,14770
5126,15402
5126,15901
5126,19202
5127,6325
5127,7882
5127,8879
5127,9204
5127,11561
5127,11829
5127,15686
5128,6316
5128,7445
5128,10336
5128,14081
5128,15232
5129,6871
5129,7634
5129,7738
5129,7818
5129,8403
5129,8632
5129,9433
5129,9581
5129,13470
5129,14727
5129,16292
5129,17832
5130,5700
5130,10713
5130,12300
5130,14295
5130,14995
5130,15477
5131,6306
5131,6722
5131,10097
5131,10242
5131,10456
5131,11215
5131,12304
5132,6493
5132,17421
5132,17561
5133,8735
5133,9421
5133,10187
5133,12404
5134,6391
5134,8501
5134,10127
5134,11823
5134,13582
5134,13760
5134,13775
5134,17663
5135,8054
5135,10691
5135,11286
5135,16703
5136,6661
5136,7556
5137,5368
5137,9030
5137,9405
5137,11904
5137,17047
5138,5570
5138,10460
5138,12091
5138,15029
5139,8307
5139,9565
5139,15004
5139,19519
5140,13060
5140,13582
5140,15365
5140,18874
5141,13561
5141,19541
5142,6899
5142,13837
5142,16994
5143,6202
5143,8615
5143,8794
5143,13939
5143,13986
5144,7078
5144,8912
5144,9080
5144,9524
5144,11821
5144,14184
5145,5431
5145,5617
5145,7255
5145,11034
5146,7292
5146,9033
5146,9422
5146,18054
5147,12381
5147,12901
5147,12940
5147,15718
5147,18209
5148,12317
5148,12516
5149,15456
5150,7648
5150,14966
5150,17485
5150,18310
5151,11760
5151,14242
5151,15891
5151,16265
5151,19112
5151,19531
5151,19882
5152,15119
5152,15513
5152,15732
5153,5382
5153,5616
5153,17425
5154,7448
5154,7454
5154,7911
5154,9174
5154,9203
5154,12244
5154,12818
5154,14849
5154,17087
5155,5846
5155,9636
5155,15189
5155,16276
5156,8643
5156,9932
5156,12398
5156,14603
5156,15816
5156,16307
5158,5881
5158,7472
5158,7509
5158,11372
5158,11517
5158,13225
5158,18672
5159,5261
5159,7372
5159,8076
5159,12510
5160,6154
5160,8880
5160,8981
5160,10931
5160,11838
5160,13637
5160,18950
5161,15354
5162,5169
5162,7156
5163,9352
5163,16380
5164,6413
5164,12334
5164,13850
5164,14023
5164,17483
5164,18158
5164,18763
5165,6523
5165,8010
5165,10125
5165,10375
5165,11623
5165,15879
5165,16817
5166,12172
5166,19105
5167,6272
5167,8240
5167,8305
5167,9032
5167,11998
5167,16174
5167,17005
5167,17332
5167,17400
5168,7623
5168,13687
5168,14026
5168,16707
5168,17375
5169,5634
5169,8946
5169,9400
5169,12037
5169,12931
5169,13693
5170,5500
5170,6354
5170,9073
5170,9588
5170,12519
5170,18784
5170,19422
5171,17016
5171,17395
5172,5620
5172,9866
5172,13272
5172,15162
5173,5576
5173,7845
5173,9932
5173,14395
5173,17643
5173,18931
5173,19814
5174,5207
5174,8262
5174,11586
5174,12094
5174,12401
5174,15657
5174,17859
5174,19990
5175,9652
5175,17766
5176,6201
5176,8300
5176,10054
5176,10613
5177,10096
5177,10151
5177,12943
5177,15047
5177,16461
5177,16722
5177,19122
5178,6648
5179,6059
5179,11037
5179,11714
5179,19593
5180,5804
5180,7207
5180,9949
5180,11062
5180,13507
5180,14900
5181,7990
5181,11786
5181,15551
5181,17320
5181,19837
5182,5666
5182,9105
5182,9255
5182,13381
5183,7514
5183,7785
5183,8712
5183,9907
5183,12388
5183,12951
5184,6748
5184,6912
5184,7991
5184,16953
5184,18199
5184,19390
5185,7549
5185,8304
5185,16262
5185,18559
5186,13407
5186,16958
5186,17472
5186,19480
5187,6649
5187,6861
5187,7135
5187,7259
5187,9389
5187,13326
5187,13658
5187,14969
5187,15163
5187,19428
5188,7735
5189,5280
5189,5823
5189,7160
5189,7571
5189,8626
5189,15307
5189,17092
5189,18175
5190,10234
5190,10631
5190,12337
5191,5714
5192,11257
5193,9054
5193,9096
5193,13955
5193,18145
5194,8496
5194,10051
5195,9465
5195,12859
5195,19773
5196,9826
5196,9964
5196,19822
5197,5257
5197,6141
5197,7479
5197,8866
5197,9014
5197,9234
5197,10663
5197,10815
5197,16380
5197,19856
5198,9747
5198,9878
5198,11233
5198,12354
5198,19639
5199,5936
5199,8056
5199,8216
5199,10492
5199,14739
5199,17595
5199,18039
5199,18695
5200,6312
5200,7582
5200,14157
5201,6756
5201,9064
5201,12283
5201,18391
5201,19987
5202,7626
5202,8698
5202,9815
5202,10727
5202,12025
5202,17870
5202,17932
5202,19690
5203,5300
5203,6232
5203,9585
5203,13827
5203,15015
5203,18436
5204,5234
5204,6290
5204,8187
5204,9788
5204,10368
5204,10463
5204,12892
5204,14567
5204,14793
5204,16469
5205,6875
5205,8626
5205,9401
5205,19410
5206,5620
5206,6854
5206,9736
5206,9834
5206,10292
5206,11997
5206,14057
5206,15230
5206,16895
5207,6052
5207,11238
5207,11846
5207,12822
5207,14269
5207,15410
5207,19785
5208,17540
5209,5456
5209,5971
5209,6748
5209,7028
5209,7222
5209,7285
5209,8227
5209,9044
5209,9724
5209,14477
5209,14555
5209,15575
5210,10223
5210,11372
5210,17236
5210,19425
5211,12689
5211,12772
5212,8389
5212,11055
5212,11281
5212,16380
5212,19764
5213,5887
5213,6889
5213,9296
5214,15057
5215,7514
5215,9911
5215,11712
5215,11715
5215,12789
5215,12854
5215,15508
5215,16990
5215,19758
5216,7529
5216,9745
5216,16609
5216,16666
5216,18884
5217,5861
5217,12160
5217,12472
5217,17493
5217,19337
5218,6574
5218,12928
5218,15622
5219,7174
5219,9011
5219,9308
5219,11309
5219,17393
5219,17535
5219,17680
5219,18284
5219,19223
5219,19628
5220,7561
5220,9827
5220,12598
5221,9436
5221,10143
5221,10212
5221,10414
5221,19847
5222,5676
5222,6041
5222,8001
5222,10047
5222,11054
5222,11153
5222,12054
5223,8478
5223,13628
5223,15906
5223,18149
5224,7304
5224,7924
5224,10367
5224,10721
5224,14456
5224,16619
5224,16849
5224,19760
5225,6369
5225,6580
5226,6091
5226,8136
5226,9752
5226,10623
5226,10931
5226,15640
5226,18788
5227,6574
5227,9773
5227,11747
5227,15635
5227,15930
5227,17322
5228,6259
5228,13453
5228,19730
5229,8017
5229,10276
5229,14488
5229,18375
5229,19117
5230,7875
5230,12357
5231,6040
5231,6700
5232,7274
5232,9121
5232,10560
5232,14809
5232,16146
5232,17757
5233,5267
5233,7712
5233,7889
5233,8791
5233,10997
5233,11545
5233,12319
5234,12945
5234,14098
5234,16153
5235,6570
5235,10097
5235,11095
5235,14504
5235,15986
5236,5305
5236,5429
5236,7076
5236,7122
5236,9778
5236,10714
5236,12614
5236,13260
5236,13462
5236,17594
5237,6338
5237,7101
5237,9080
5237,11935
5238,12098
5238,12468
5238,13687
5239,8442
5239,10922
5239,11609
5239,13829
5239,14946
5239,15302
5239,17275
5240,8006
5240,15455
5240,16086
5240,16594
5240,17046
5240,17440
5241,8344
5241,15844
5241,16020
5242,9373
5242,12957
5242,14232
5242,18996
5243,7922
5244,6841
5244,7368
5244,8242
5244,10981
5244,16923
5244,19418
5244,19644
5245,6024
5245,16894
5246,5782
5246,7017
5246,14271
5246,15798
5247,7481
5247,11922
5247,17949
5247,19294
5248,6451
5249,10894
5249,13219
5249,18084
5249,18897
5250,6064
5250,6649
5250,7689
5250,10698
5250,12842
5250,13739
5250,14798
5250,14802
5250,16810
5250,16876
5250,17601
5251,7671
5251,9454
5251,10533
5252,5891
5252,7716
5252,9668
5252,11702
5252,12626
5252,15082
5252,18649
5253,6920
5253,7164
5253,8042
5253,9347
5254,5383
5254,13779
5255,7216
5255,14887
5256,5391
5256,8944
5256,9810
5257,6819
5257,7741
5257,18805
5258,6112
5258,15922
5258,17391
5258,19082
5259,6785
5259,8227
5259,9144
5259,9953
5259,13014
5259,17406
5260,10859
5260,17682
5261,5396
5261,7703
5261,10302
5261,11539
5262,7273
5262,9213
5263,9171
5263,19648
5264,7154
5264,7218
5264,7288
5264,8112
5264,8542
5264,9732
5264,11195
5264,13460
5264,14567
5264,18119
5265,8885
5265,10133
5265,13082
5265,13824
5266,8473
5266,10879
5266,11795
5267,5787
5267,6482
5267,6746
5267,6764
5267,7226
5267,11655
5267,12710
5267,13686
5267,13722
5267,14630
5267,16765
5267,17186
5267,18911
5268,7048
5268,10444
5268,13347
5268,13883
5268,15731
5269,19116
5271,7175
5271,10255
5271,13483
5271,13981
5271,16143
5271,17707
5271,19647
5272,8684
5272,9489
5272,10866
5272,13797
5273,6095
5273,6959
5273,10184
5273,14693
5273,18437
5273,19524
5273,19977
5274,7774
5274,16743
5275,5740
5275,5899
5275,7063
5275,9182
5275,11001
5275,13251
5275,13637
5276,6332
5276,8219
5276,8342
5276,8461
5276,11754
5276,14702
5276,15162
5276,15843
5276,16756
5276,19222
5277,8227
5277,10310
5277,10541
5277,12190
5277,16866
5277,18900
5278,8084
5278,9570
5278,11883
5278,12756
5278,17615
5279,5320
5279,6051
5279,6742
5279,7168
5279,9176
5279,9551
5279,10151
5279,11030
5279,11394
5279,11614
5279,11839
5279,15350
5279,15614
5279,16361
5279,16378
5279,16851
5279,19895
5279,19911
5280,6563
5280,7027
5280,7980
5280,9975
5280,13388
5280,14480
5280,15283
5280,16596
5281,7890
5281,9040
5281,16287
5281,16321
5282,8640
5282,14470
5282,14729
5282,15856
5282,18237
5283,5477
5283,5952
5283,6733
5283,8697
5283,8700
5283,8731
5283,9882
5283,10337
5283,13423
5283,14682
5283,18693
5283,18804
5284,9434
5284,10212
5284,12237
5284,19158
5285,7126
5285,7602
5285,9078
5285,11892
5285,12732
5285,16779
5286,6986
5286,7793
5286,10853
5286,11245
5286,18530
5287,19210
5288,5529
5288,9997
5288,14675
5288,16841
5288,19539
5288,19595
5289,6418
5289,12757
5289,12871
5290,6434
5290,6975
5290,8035
5290,8072
5290,10201
5290,11069
5290,11588
5290,12800
5290,12864
5290,14407
5290,15878
5290,17756
5290,19471
5291,10053
5291,15018
5291,15336
5291,17720
5292,10720
5293,8315
5293,11123
5293,11670
5293,12540
5293,17027
5293,17741
5293,19705
5294,5466
5294,5869
5294,9711
5295,6199
5295,11429
5295,12499
5295,13393
5296,5830
5296,7244
5296,11360
5296,14924
5296,17010
5296,17499
5296,18457
5296,19165
5297,5404
5297,12557
5298,5889
5298,17224
5299,8134
5299,8767
5299,12136
5299,18158
5300,10904
5301,7018
5301,19635
5302,5462
5302,5534
5302,5720
5302,6106
5302,8416
5302,13440
5302,16178
5303,5569
5303,7889
5303,12883
5303,15225
5303,16530
5303,17155
5303,18221
5304,5592
5304,9705
5304,10203
5304,14364
5305,5668
5305,10678
5305,12305
5305,12405
5305,14738
5305,15370
5305,16105
5305,17484
5305,19936
5306,5983
5306,6302
5306,7061
5306,9237
5306,14388
5306,16372
5306,18410
5307,5700
5307,6361
5307,7100
5307,8125
5307,17950
5307,18409
5308,6106
5308,15365
5308,17792
5309,11507
5310,5564
5310,5735
5310,6052
5310,6671
5310,8034
5310,9038
5310,10995
5310,14697
5311,6955
5311,7523
5311,8767
5311,9529
5311,9655
5311,9948
5311,12542
5311,15457
5311,16440
5311,17502
5312,6118
5312,6181
5312,7800
5312,8129
5312,8733
5313,7954
5313,12349
5313,16304
5314,6241
5314,6378
5314,16468
5315,5873
5315,6277
5315,7183
5315,7772
5315,8483
5315,9058
5315,9291
5315,10522
5315,12272
5315,15670
5315,18753
5316,5792
5316,6053
5316,7698
5316,9206
5316,9364
5316,13064
5316,14208
5316,17086
5316,17608
5316,18474
5317,18812
5318,11133
5318,12887
5318,13791
5318,13855
5318,14107
5318,16075
5318,16333
5319,6655
5319,11369
5319,12628
5319,17072
5320,16483
5320,18123
5321,6289
5321,8505
5321,9050
5321,9470
5321,10090
5321,11549
5321,14827
5321,17237
5321,18162
5322,8078
5322,10271
5322,11081
5322,18070
5323,7301
5323,10673
5323,13007
5323,14606
5323,15652
5323,17372
5323,18000
5324,5376
5324,5755
5324,6400
5324,7977
5324,10726
5324,11511
5325,5573
5325,6280
5325,6310
5325,9758
5325,13510
5325,13898
5325,18487
5325,19093
5325,19568
5326,12771
5326,13509
5326,15738
5326,17261
5327,7330
5327,10458
5327,11323
5327,12084
5327,12951
5327,15742
5328,7976
5329,7110
5329,8143
5329,10657
5329,19596
5330,11588
5331,6894
5331,7936
5331,10873
5331,11588
5331,17057
5332,5942
5332,8422
5332,11414
5332,18406
5333,5831
5333,9618
5333,19895
5334,5406
5334,7057
5334,7859
5334,8746
5334,11755
5334,12498
5335,5445
5335,5516
5335,6701
5335,7804
5335,9458
5335,10191
5335,14629
5335,14991
5335,17133
5335,19398
5335,19597
5336,6303
5336,6612
5336,6635
5336,7055
5336,7287
5336,7609
5336,7799
5336,17331
5336,18087
5336,18340
5337,7270
5337,9182
5337,11864
5337,16540
5337,19271
5338,5559
5338,6062
5338,8583
5338,10593
5338,13813
5338,18424
5339,5452
5339,6650
5339,7478
5339,9213
5339,10816
5339,13814
5339,14019
5339,15244
5339,18208
5340,6499
5340,8130
5340,8292
5340,11827
5341,6313
5341,7347
5341,7493
5341,8436
5341,10773
5341,10873
5341,10907
5341,18031
5342,8369
5342,11460
5342,18487
5343,9380
5343,9887
5343,15548
5343,19043
5344,11864
5344,17460
5345,5354
5345,9511
5346,18977
5347,7394
5347,8297
5347,9297
5347,9309
5347,13801
5347,13824
5347,15455
5347,19686
5348,17706
5348,18117
5349,9578
5349,13121
5349,13604
5349,18197
5350,9724
5350,11180
5350,11539
5350,16112
5351,6894
5351,9390
5351,10185
5351,11630
5351,17526
5352,6772
5352,6827
5352,10093
5352,12012
5352,17167
5353,6766
5353,6843
5353,11426
5353,12091
5353,17623
5353,18238
5354,12187
5354,13099
5354,14801
5354,17465
5355,5702
5355,5853
5355,11924
5355,19629
5356,5815
5356,6075
5356,11087
5356,13959
5356,16680
5356,18435
5357,8176
5357,9056
5357,16810
5358,6479
5358,9084
5359,5546
5359,6970
5360,11816
5360,14641
5360,15218
5360,16438
5361,6007
5361,7292
5361,13049
5361,14829
5361,16590
5362,7129
5362,7453
5362,8088
5362,9769
5362,10045
5362,10083
5362,11159
5362,11562
5362,11912
5362,12665
5362,15482
5362,19851
5363,7091
5363,8455
5363,8753
5363,10148
5363,11918
5363,12768
5363,17306
5364,11911
5364,12391
5364,12999
5364,14244
5364,17116
5365,9736
5365,14011
5365,15828
5366,11369
5367,16254
5368,6521
5368,6891
5368,7456
5368,11107
5368,14284
5368,15263
5368,16622
5368,18176
5369,7950
5369,9450
5369,13059
5369,13876
5369,15978
5369,17056
5369,17173
5369,18945
5369,19946
5370,7988
5370,8787
5370,11927
5370,14896
5370,15030
5370,16537
5372,12640
5373,6283
5373,7774
5373,11053
5373,14552
5373,18326
5374,10019
5374,14754
5374,15518
5374,19745
5374,19912
5375,5751
5375,7263
5375,9459
5375,10565
5375,12107
5375,12131
5375,12857
5375,13812
5375,19104
5376,7989
5376,9275
5376,11720
5376,13495
5376,13799
5376,14340
5376,16327
5376,17058
5377,8314
5377,13806
5377,13952
5377,17644
5377,17714
5378,10555
5379,10935
5379,11594
5379,16659
5380,5461
5380,13196
5381,7118
5381,7283
5381,15961
5382,6115
5382,7928
5382,9715
5382,14956
5382,15937
5382,16935
5382,17024
5383,5903
5383,7747
5383,15486
5384,9741
5384,14723
5385,6897
5385,7146
5385,7222
5385,7381
5385,16518
5386,8739
5386,11994
5386,14329
5387,5482
5387,5790
5387,6638
5387,7528
5387,8327
5387,8526
5387,10820
5388,5414
5388,6632
5388,8459
5389,6255
5389,7239
5389,9052
5389,13035
5390,9640
5391,6344
5391,8396
5391,10443
5391,10684
5391,12023
5391,12622
5391,13207
5391,15506
5391,19184
5391,19407
5392,7670
5392,9724
5392,11484
5392,12526
5392,13246
5392,17465
5392,19018
5392,19221
5393,5544
5393,8219
5393,9718
5393,10308
5393,10691
5393,11641
5393,13025
5393,14318
5393,16742
5393,17427
5393,18067
5394,7908
5394,12812
5395,6976
5395,7751
5395,14070
5395,15886
5396,6930
5396,8711
5396,9051
5396,9828
5396,11635
5396,11735
5396,18426
5397,5934
5397,9145
5398,9889
5398,19801
5399,14595
5400,6169
5400,7405
5400,7612
5400,9448
5400,9848
5400,10901
5400,12045
5401,5443
5401,16504
5402,12615
5402,18857
5402,18991
5402,19997
5403,9762
5403,18756
5404,5677
5404,6178
5404,6327
5404,8573
5404,8861
5404,11570
5404,13912
5404,13977
5404,14512
5404,14951
5404,15383
5405,5548
5405,6043
5405,7323
5405,7750
5405,8598
5405,9595
5405,10613
5405,10952
5405,11207
5405,12589
5405,12984
5405,13732
5405,15351
5405,15563
5406,5434
5406,8447
5406,18518
5406,18736
5406,18847
5407,5958
5407,7536
5407,8416
5407,8627
5407,11985
5407,15932
5408,7721
5408,8496
5408,9721
5408,10878
5408,12365
5408,13428
5408,15378
5408,16437
5408,17248
5409,9992
5409,10487
5410,11061
5410,11416
5410,19985
5411,12558
5411,13906
5411,14260
5411,16791
5411,17557
5412,7338
5412,7826
5412,10886
5412,15283
5412,17556
5413,5559
5413,7734
5414,6625
5414,10510
5414,13370
5414,13675
5414,14184
5415,6546
5415,7440
5415,14340
5416,7590
5416,9090
5416,11465
5416,14229
5416,16441
5417,8371
5417,15468
5417,17322
5418,6542
5418,8420
5419,9050
5420,8745
5420,9046
5420,9323
5420,9727
5420,11491
5420,16154
5420,17628
5421,6636
5421,13686
5421,16101
5421,17724
5422,6077
5422,8057
5422,8206
5422,10725
5422,10808
5424,6992
5424,13796
5424,16642
5425,7254
5425,10075
5425,12211
5425,12874
5425,15258
5425,16137
5426,5852
5426,7930
5426,9441
5426,11431
5426,16084
5426,16859
5426,18475
5426,18757
5427,8164
5427,8270
5427,9541
5427,10645
5427,13495
5429,7094
5429,11602
5430,8135
5430,8141
5431,5638
5431,7184
5431,7760
5431,10817
5431,11022
5431,11257
5431,11810
5431,13566
5431,13695
5431,15370
5431,15425
5431,17384
5431,18924
5432,10165
5432,10742
5432,12279
5433,6137
5433,10453
5433,11623
5433,14588
5433,17628
5433,19480
5434,9892
5434,11029
5434,12021
5434,12225
5434,12941
5434,13015
5434,13736
5434,16499
5434,16695
5434,16706
5434,18612
5435,9845
5435,11445
5435,14325
5435,16979
5435,17933
5436,5527
5436,6896
5436,8756
5436,8871
5436,10468
5436,10951
5436,11626
5436,11874
5436,12629
5436,12845
5436,18703
5437,7539
5437,15491
5438,7961
5438,9432
5438,9602
5438,13664
5438,17703
5438,19291
5439,8043
5439,12903
5439,16858
5439,18490
5440,6324
5440,7288
5440,9926
5440,10344
5440,15812
5440,17488
5440,19088
5441,9843
5442,8959
5442,9301
5442,10639
5442,11262
5442,12969
5442,15105
5443,6253
5443,6984
5443,9518
5443,10465
5443,10717
5444,10665
5444,10840
5444,18973
5444,19100
5445,7188
5445,11716
5445,13729
5445,19568
5446,6383
5446,10849
5446,11196
5446,11546
5446,16185
5446,16835
5447,12232
5447,13777
5447,15424
5448,6851
5448,8222
5448,9249
5448,9384
5448,17334
5448,17580
5449,6462
5449,10083
5449,12505
5449,12783
5449,16787
5449,18585
5450,5651
5450,6352
5450,11350
5450,11770
5450,16414
5450,18150
5450,19235
5450,19743
5451,7582
5451,7815
5451,11782
5451,14630
5451,17613
5451,18360
5452,9251
5452,9962
5452,11176
5452,12012
5452,18192
5453,7593
5453,13152
5455,6315
5455,13190
5455,15588
5456,7768
5456,10648
5456,14238
5456,15389
5457,7864
5457,11460
5457,13500
5457,14445
5457,18861
5458,6873
5458,9183
5458,10443
5458,12310
5458,13160
5458,16754
5458,18747
5459,6031
5459,8674
5459,14536
5460,8600
5460,17268
5461,9205
5461,9709
5461,17861
5462,5844
5462,9378
5462,9939
5462,14411
5462,16314
5463,5774
5463,10307
5463,10835
5463,11468
5463,13488
5464,6932
5464,9200
5464,10056
5464,10215
5464,18849
5465,6450
5465,7639
5466,7083
5466,10016
5466,14840
5466,16185
5466,18752
5467,7133
5467,16278
5467,17295
5468,7261
5468,10961
5468,15335
5468,16013
5468,19214
5469,7984
5469,13212
5470,8179
5470,9683
5471,6271
5471,8992
5471,9101
5471,10199
5471,11811
5471,12906
5471,13893
5471,14861
5471,14943
5471,15063
5471,16879
5472,6732
5472,8625
5472,8874
5472,10660
5472,13302
5472,16370
5472,17604
5472,18744
5473,9306
5473,11616
5473,13590
5473,13628
5473,14677
5473,17269
5474,14243
5474,15793
5475,7062
5475,8399
5475,10161
5476,11433
5477,8036
5477,16415
5478,5689
5478,7389
5478,12777
5478,13007
5478,13022
5478,13147
5478,17320
5478,19576
5479,8581
5479,8942
5479,14953
5479,17348
5479,18347
5480,5522
5480,12316
5480,16986
5480,17225
5481,7408
5481,9578
5481,11051
5482,5870
5482,7684
5482,11519
5482,12016
5482,12267
5482,16019
5482,18415
5483,5640
5483,6171
5483,6596
5483,14876
5483,16248
5483,19599
5484,6610
5484,10527
5484,11157
5484,12068
5484,12297
5484,12422
5484,15692
5484,17008
5484,17380
5484,18727
5485,11045
5485,12459
5485,13045
5485,14127
5486,8845
5486,11783
5486,13013
5487,8433
5487,8598
5487,19245
5487,19626
5488,7782
5488,12807
5488,13468
5489,5879
5489,8064
5489,8754
5489,10807
5489,13733
5489,14232
5490,6919
5490,8481
5490,9750
5490,18645
5491,7752
5491,8493
5491,10988
5491,16457
5491,19185
5492,6472
5492,10443
5493,6815
5493,7333
5493,8235
5493,10235
5493,10423
5493,11610
5493,16805
5494,6776
5494,6965
5494,9603
5494,11069
5494,12075
5494,15816
5495,6343
5495,18208
5496,7526
5496,15833
5496,18006
5496,18663
5497,6710
5497,14830
5497,15680
5497,18695
5498,6290
5498,7717
5498,9276
5498,12703
5498,13127
5498,14260
5498,16013
5498,17474
5499,13225
5499,19400
5500,6657
5500,9291
5500,13765
5500,17968
5501,7059
5501,11130
5501,12554
5501,12811
5501,15167
5501,17654
5502,7269
5502,18329
5503,11853
5503,14952
5503,15755
5504,8082
5504,9214
5504,9699
5504,11097
5504,11262
5504,11799
5504,18091
5504,18097
5504,19805
5505,9888
5505,15907
5505,19293
5505,19878
5506,12675
5506,12892
5506,13518
5506,14875
5507,8687
5507,9527
5507,10475
5507,11454
5508,6998
5508,8939
5508,12025
5508,12041
5508,13186
5508,14062
5509,7401
5509,7940
5509,8685
5509,13302
5509,18385
5510,5836
5510,9340
5510,9402
5510,13939
5511,11084
5512,5807
5512,5913
5512,6483
5512,7248
5512,11063
5512,14203
5512,18527
5512,19167
5513,5651
5513,11657
5513,11716
5513,11719
5514,6129
5514,6568
5514,13751
5514,14791
5515,13753
5515,14066
5515,16037
5515,19617
5516,9468
5516,9851
5516,10270
5516,10591
5516,10908
5516,10991
5516,11227
5516,12799
5516,12963
5516,13583
5517,8032
5517,9380
5517,15524
5517,17638
5517,17710
5517,17855
5518,5601
5518,13903
5518,14435
5519,15476
5520,6726
5520,7903
5520,9106
5520,10373
5520,14606
5520,16995
5520,17854
5520,19902
5521,8980
5521,11940
5521,12187
5521,17983
5522,6911
5522,8020
5522,8482
5522,8507
5523,5680
5523,6059
5523,6394
5523,14480
5524,13254
5524,14424
5525,5556
5525,9917
5525,11252
5525,14716
5526,10878
5526,11315
5527,6026
5527,6707
5527,6875
5527,9378
5527,12170
5527,15008
5527,16267
5527,16914
5528,7010
5528,9029
5528,11166
5528,14082
5528,15504
5528,16901
5529,6186
5529,6876
5529,11193
5529,14856
5529,16290
5529,18306
5530,6902
5531,11550
5531,11951
5531,17349
5532,7825
5532,11442
5532,17828
5532,18138
5532,19912
5533,5842
5533,11000
5533,14776
5533,18374
5534,10320
5534,15241
5534,17535
5535,6954
5535,9395
5535,14633
5536,7583
5536,9812
5536,9860
5536,10493
5536,11502
5537,18562
5538,6145
5538,6740
5538,6834
5538,8128
5538,15974
5538,17835
5538,18882
5538,19457
5539,7729
5539,10402
5539,15344
5540,7022
5540,10629
5540,10839
5540,13514
5540,18536
5541,7100
5541,9480
5542,10839
5542,13198
5542,17886
5543,7951
5543,8106
5543,9337
5543,10336
5544,5969
5544,7006
5544,8704
5544,10234
5544,11127
5544,11592
5544,13336
5544,18955
5545,10332
5545,19724
5546,6467
5546,7021
5546,8829
5546,9717
5546,10986
5546,12187
5546,15396
5547,6654
5547,7491
5547,7541
5547,16233
5547,19385
5548,13602
5549,10991
5549,15859
5549,19774
5550,5670
5550,7363
5550,7489
5550,8694
5550,9786
5550,11405
5550,13152
5550,14444
5550,16318
5551,6808
5551,8875
5551,9487
5551,9936
5551,15000
5551,17992
5552,5555
5552,8717
5552,12296
5552,13842
5552,14863
5553,8339
5553,10473
5553,14300
5553,15832
5553,19830
5554,6940
5554,10292
5554,17154
5554,18276
5555,6052
5555,6769
5555,10613
5556,7532
5556,18434
5557,6080
5558,13397
5559,5995
5559,6002
5559,6479
5559,7833
5559,9816
5559,10517
5559,13382
5559,17035
5559,17328
5559,17563
5559,18205
5559,18366
5560,7653
5560,11562
5560,14268
5560,15590
5561,6844
5561,8395
5561,10997
5561,16786
5562,6112
5562,8271
5562,18196
5562,19035
5563,5726
5563,7672
5563,11902
5563,15239
5564,12699
5564,14781
5564,19781
5564,19965
5565,6872
5565,7706
5565,10418
5565,13626
5565,17121
5565,17414
5566,6809
5566,9694
5566,12489
5566,15880
5566,17583
5566,19022
5567,6359
5567,7109
5567,8545
5567,8787
5567,8811
5567,9400
5567,11764
5567,11824
5567,15139
5568,6392
5568,13879
5569,5698
5569,6487
5569,8979
5569,9860
5570,6944
5570,7719
5570,10382
5570,14417
5570,16475
5570,17937
5571,6733
5571,11303
5571,15035
5571,15837
5571,17684
5571,17775
5571,18398
5572,5860
5572,6211
5572,19198
5573,6198
5573,8133
5573,9392
5573,14462
5573,15243
5574,10056
5575,5912
5575,8993
5575,10492
5575,15115
5575,15819
5576,10533
5576,13841
5576,16482
5576,18029
5577,6006
5577,6365
5577,12422
5577,12505
5577,17300
5577,18502
5578,9400
5578,12948
5578,16313
5579,5775
5579,6683
5579,11841
5579,16853
5580,6310
5580,6808
5580,7624
5580,8525
5580,9247
5580,9423
5580,14067
5580,16374
5581,5763
5581,12221
5582,5632
5582,5665
5582,6484
5582,8116
5582,9276
5582,10096
5582,10524
5582,12134
5582,18480
5582,18887
5583,18612
5584,7557
5584,9475
5584,11056
5584,11440
5584,19180
5584,19182
5585,8555
5585,9240
5585,11239
5585,13159
5585,13318
5586,6514
5586,6633
5586,13439
5586,14922
5587,10689
5587,15294
5587,15619
5588,6900
5588,8770
5588,10370
5588,12775
5588,13321
5588,17333
5588,17579
5588,19464
5589,5647
5589,7542
5589,8053
5589,8059
5589,8123
5589,8816
5589,12280
5589,12948
5590,10440
5590,13137
5590,13235
5590,17629
5590,19147
5591,7308
5591,11043
5591,14657
5591,18977
5592,10221
5592,11609
5592,17451
5593,6281
5593,7013
5593,8383
5593,8667
5593,10564
5593,12272
5593,13897
5593,14898
5593,15953
5593,16751
5593,16811
5593,19378
5594,5838
5594,6688
5594,8663
5594,9118
5594,10461
5594,10508
5594,11325
5594,13822
5594,16033
5594,17919
5594,18338
5595,11302
5595,14772
5595,15071
5596,6463
5596,7474
5596,8649
5596,9575
5596,10807
5596,12451
5596,19607
5597,13764
5597,14430
5597,16536
5597,18631
5598,7112
5598,7566
5598,10004
5598,10175
5598,10845
5600,6954
5600,9464
5600,12712
5601,9601
5601,15931
5601,18517
5602,7991
5602,8172
5602,10017
5602,10579
5602,15846
5602,17554
5602,19453
5603,6742
5603,8082
5603,8805
5603,15757
5604,9101
5604,13010
5604,14346
5604,14664
5604,15322
5604,16147
5604,17611
5605,8325
5605,14890
5605,17175
5606,6830
5606,8824
5607,12531
5607,14091
5607,17705
5607,18862
5608,7863
5608,8753
5608,10786
5608,19023
5609,6475
5609,14818
5609,15633
5610,8242
5611,6003
5611,6683
5611,7943
5611,11153
5611,11379
5611,12771
5611,17309
5612,6975
5612,9539
5612,10771
5612,17145
5612,18910
5613,6106
5613,6605
5613,6608
5613,7412
5613,8624
5613,11739
5613,13700
5613,15433
5613,18480
5613,18839
5614,6991
5614,9015
5614,10814
5614,13508
5615,5697
5615,5920
5615,14886
5615,17815
5616,6093
5616,16139
5617,5729
5617,7744
5617,10347
5617,10908
5617,12305
5617,12436
5617,14664
5617,16796
5617,18424
5618,6141
5618,16874
5619,7905
5619,12683
5619,13554
5620,7176
5620,17064
5620,19309
5621,6758
5621,7108
5621,7414
5621,10755
5621,12255
5621,16376
5622,9465
5622,10928
5622,11930
5622,12546
5623,5656
5623,8026
5623,16884
5623,18551
5624,5957
5624,9478
5624,10803
5624,14260
5624,14428
5624,17990
5625,5715
5625,7200
5625,13512
5625,16131
5625,19021
5626,8684
5626,10382
5626,11104
5626,11782
5627,13489
5627,13754
5628,6093
5628,9335
5628,15014
5628,16688
5628,18639
5629,6567
5629,6775
5629,14161
5629,16580
5629,17999
5630,7540
5630,7637
5630,8468
5630,9620
5630,12978
5630,13151
5630,14558
5630,16551
5630,17327
5630,17528
5631,5781
5631,7264
5631,7575
5631,15262
5632,7320
5632,12336
5632,13017
5632,14198
5632,15389
5632,15638
5633,7140
5633,7821
5633,8307
5633,15213
5633,16326
5633,16867
5633,17893
5633,18073
5634,5771
5634,6519
5635,12099
5635,14865
5635,15655
5635,15762
5636,9388
5636,14271
5636,14276
5637,6013
5637,18338
5638,7008
5638,11696
5638,12974
5638,14957
5639,7571
5639,9319
5639,13425
5639,18954
5639,19881
5640,6357
5640,6371
5640,9740
5640,13382
5641,11734
5641,12070
5641,13030
5641,14002
5641,14384
5641,16728
5642,9628
5642,10162
5642,12707
5643,9504
5644,6434
5644,6599
5644,13758
5644,14351
5644,14986
5644,17474
5646,7505
5646,9093
5646,13669
5646,15981
5646,17128
5646,17812
5647,11270
5647,14133
5647,19188
5648,6523
5648,7381
5648,9610
5648,10740
5648,14207
5648,15300
5648,17783
5648,19380
5648,19780
5649,10785
5649,12233
5649,19868
5650,7910
5650,8060
5650,10446
5650,10878
5650,11059
5650,14942
5650,16739
5650,17182
5651,11070
5651,13346
5652,8226
5652,9778
5652,14746
5652,16276
5654,7875
5654,10911
5654,13474
5654,17244
5655,6215
5655,7410
5655,8955
5655,9024
5655,10709
5655,16000
5656,9858
5656,13288
5657,7348
5657,9707
5657,11289
5658,7440
5658,12658
5659,7080
5659,9082
5659,13270
5659,14285
5660,6812
5660,7837
5660,8570
5660,13437
5660,13469
5661,11508
5661,12509
5662,7675
5664,8958
5664,8959
5664,11446
5665,6344
5665,8299
5665,8301
5665,9429
5665,11704
5665,12993
5665,14343
5665,15107
5665,16340
5666,5884
5666,9758
5666,9876
5667,8974
5667,9922
5667,9995
5667,10354
5667,12611
5667,14126
5668,6296
5668,8903
5668,9808
5668,14657
5668,19592
5669,8137
5669,10288
5669,10585
5669,10621
5669,10856
5669,10920
5669,12140
5669,19105
5669,19735
5670,6747
5670,7951
5670,8416
5670,8656
5670,12289
5670,18696
5671,7351
5671,8248
5671,8263
5671,10571
5671,11612
5671,11736
5671,14823
5671,14888
5672,7863
5672,10694
5672,16432
5672,17744
5673,6455
5673,7172
5674,5825
5674,6569
5674,7382
5674,9353
5674,10076
5674,16667
5674,16760
5674,17994
5675,6738
5675,12959
5675,19003
5675,19448
5676,8315
5676,9821
5676,10597
5676,11977
5676,12346
5676,13329
5677,6940
5677,7791
5677,9537
5677,9882
5677,10630
5677,13138
5677,15808
5677,19528
5678,7356
5678,8329
5678,10705
5678,11418
5678,12897
5678,13708
5680,7787
5680,8945
5680,9145
5680,12154
5680,14765
5681,5770
5681,8103
5681,9592
5681,11481
5681,13454
5681,14670
5681,15137
5681,18676
5682,6535
5682,8321
5682,8648
5682,12021
5682,12598
5682,12982
5682,14047
5682,15561
5682,16677
5683,15830
5683,19151
5684,16652
5684,19016
5685,8755
5685,10484
5685,13480
5686,5830
5686,5909
5686,5970
5686,6380
5686,7129
5686,8280
5686,8513
5686,10203
5686,10701
5686,11056
5686,11992
5686,12137
5686,12273
5686,13506
5687,11400
5687,11715
5687,14098
5687,15525
5687,19399
5688,6116
5688,6959
5688,9274
5688,9536
5688,13014
5689,6480
5689,6857
5689,9617
5689,9711
5689,15963
5689,16793
5690,13960
5690,15626
5690,17012
5690,19431
5691,6926
5691,7261
5691,10074
5691,14279
5691,15549
5691,17969
5692,8871
5692,10888
5692,11408
5693,6127
5693,8538
5693,9776
5693,11099
5694,8422
5694,8984
5694,14553
5694,14963
5695,6779
5695,11763
5695,12358
5695,13078
5695,14373
5696,5724
5696,6123
5696,7326
5696,15762
5697,9763
5697,18744
5698,8034
5698,8448
5698,8658
5698,8808
5698,9307
5698,10194
5698,11813
5698,13596
5698,14414
5698,15096
5698,16360
5698,17802
5698,19933
5699,8007
5699,12730
5699,13041
5699,15768
5699,16520
5699,19092
5700,7533
5700,9269
5700,9442
5700,9974
5700,11026
5700,11740
5700,12435
5700,13743
5700,15333
5700,19696
5701,6972
5701,7984
5701,10594
5701,18970
5702,10857
5703,7407
5703,10273
5703,12530
5703,14475
5703,15012
5703,15193
5704,6657
5704,10562
5704,12209
5704,15183
5704,17168
5705,6088
5705,6969
5705,10806
5705,14821
5706,7540
5706,14679
5707,6531
5707,6587
5707,8024
5707,13573
5708,6833
5708,8187
5708,9330
5708,10409
5708,10567
5708,14870
5708,15526
5709,8177
5709,10003
5709,10538
5709,11135
5709,11522
5710,8064
5710,10175
5710,15984
5710,18274
5710,19177
5711,7601
5711,8150
5711,14270
5711,14803
5711,15914
5711,19445
5712,8046
5712,12326
5712,13542
5712,14447
5712,14959
5712,18420
5713,15312
5713,16947
5713,18891
5713,19940
5714,9175
5714,14782
5715,8339
5715,8725
5715,11856
5715,12017
5715,14203
5715,16183
5715,19305
5716,5756
5716,7251
5716,8949
5717,7111
5717,8631
5717,9752
5717,10023
5717,13685
5717,17982
5718,6672
5718,6986
5718,8034
5718,10020
5718,11605
5718,14161
5718,15521
5719,8529
5719,12688
5719,12897
5719,14206
5719,14331
5719,15507
5719,17051
5719,18878
5720,10541
5720,18163
5721,6389
5721,9010
5721,9158
5721,16186
5721,18969
5721,19337
5722,8306
5722,16448
5723,15385
5724,5938
5724,8383
5724,9381
5724,13018
5724,13429
5724,15370
5724,17635
5724,18592
5724,19761
5725,6178
5725,6781
5725,16958
5725,17000
5725,17747
5726,6206
5726,7394
5726,10090
5726,13974
5726,14075
5727,8486
5727,19023
5728,9576
5729,8892
5729,9343
5729,14567
5729,19532
5730,5806
5730,5996
5730,6238
5730,6695
5730,6873
5730,7570
5730,13266
5730,14146
5730,15471
5730,17858
5730,19343
5731,9451
5731,13889
5732,6518
5732,9339
5732,17339
5733,6641
5733,9696
5733,18389
5733,18583
5734,5808
5734,6350
5734,8429
5734,8927
5734,10515
5734,11076
5734,17447
5734,18470
5735,13066
5737,8975
5737,10080
5737,13424
5737,14401
5737,15975
5737,16716
5738,7996
5738,11385
5738,19880
5739,5790
5739,7565
5739,7713
5739,8187
5739,9606
5739,10140
5739,11453
5739,12195
5739,12350
5739,15575
5739,16064
5739,17738
5740,7661
5740,9928
5740,12932
5740,14541
5741,7430
5741,8923
5741,10324
5741,10426
5741,10752
5741,16308
5742,8785
5742,8879
5742,9246
5742,10581
5742,12804
5742,12894
5742,16415
5742,16812
5742,16921
5742,19850
5743,6074
5743,9738
5743,10696
5743,11298
5743,13750
5743,16172
5743,16409
5743,16452
5743,17029
5743,17778
5743,17930
5743,18070
5744,9525
5744,11569
5744,14320
5744,17132
5745,13961
5745,15119
5745,15918
5745,16125
5745,19614
5745,19737
5746,11835
5746,12076
5746,13042
5746,15992
5746,17047
5747,10042
5747,12778
5747,15359
5748,5936
5748,9896
5748,14591
5748,18173
5748,18289
5749,9079
5749,10872
5749,13063
5749,13502
5749,15977
5749,16499
5749,17012
5750,12379
5750,13809
5750,14247
5750,17441
5751,5793
5751,6477
5751,9026
5751,12340
5751,17682
5753,5807
5753,6225
5753,8791
5753,10033
5753,10186
5753,12863
5753,13815
5753,13915
5753,16792
5753,17106
5754,11444
5755,12080
5755,14156
5755,14710
5755,15450
5756,6128
5756,8265
5756,9987
5756,10846
5756,13561
5756,14441
5756,14659
5756,15167
5756,16053
5756,18964
5757,7412
5757,12327
5757,15213
5758,7909
5758,8214
5758,8338
5758,9183
5758,10193
5758,11936
5758,12522
5758,12779
5758,12941
5758,18095
5758,19981
5759,9758
5759,11280
5760,10204
5760,10687
5760,12812
5760,16960
5760,19544
5761,6864
5761,6930
5761,10149
5761,10500
5761,10733
5761,11642
5761,12495
5761,15311
5761,15554
5761,16879
5761,18796
5762,6185
5762,6980
5762,10390
5763,9583
5764,8829
5764,14862
5764,17621
5765,7887
5765,11537
5765,12992
5765,18360
5766,10307
5766,11167
5767,5854
5767,9698
5767,10442
5767,13679
5767,15020
5768,6679
5768,6988
5768,15137
5768,15734
5768,15862
5769,11475
5770,8019
5770,11683
5770,11802
5770,16227
5771,7142
5771,7695
5771,12515
5772,6096
5772,9182
5772,10773
5772,14250
5772,15094
5772,17867
5774,16427
5774,18425
5774,18844
5775,6069
5775,7988
5775,11073
5775,15679
5775,17908
5775,18415
5776,6398
5776,8224
5776,8817
5776,13136
5776,18754
5777,9190
5777,15804
5777,17412
5777,19709
5778,7090
5778,8570
5778,9626
5778,11510
5779,15186
5780,9964
5781,6815
5781,10489
5781,13171
5781,16529
5781,16802
5782,6755
5782,7481
5782,7732
5782,14798
5782,15258
5782,15526
5782,19642
5783,11999
5783,12373
5783,12798
5783,13949
5783,17573
5783,17634
5784,6118
5784,7052
5784,10285
5784,13551
5784,14111
5784,18888
5785,8848
5785,9488
5785,9900
5786,17649
5787,8918
5787,13106
5787,13859
5787,16503
5787,17605
5788,14100
5788,18982
5789,8690
5789,19850
5790,6757
5790,9037
5790,11380
5790,17003
5790,17512
5791,8608
5791,12007
5791,12523
5791,12585
5791,13412
5791,16042
5791,16149
5792,6822
5792,11412
5792,12770
5792,13092
5792,15131
5792,15264
5793,7184
5793,7991
5793,13550
5794,9441
5794,18550
5795,6092
5795,6614
5795,16429
5795,16844
5796,6476
5796,9163
5796,9357
5796,12329
5797,6175
5797,11309
5797,12280
5797,12789
5797,13251
5799,12337
5799,14736
5799,18455
5799,19995
5800,9604
5800,13393
5800,14952
5800,16350
5801,6806
5801,7874
5801,7914
5801,9689
5801,18884
5801,19816
5802,7488
5802,8423
5802,11840
5802,13650
5803,5878
5803,9148
5803,13844
5804,8068
5804,9656
5804,14325
5804,18428
5804,19259
5804,19837
5805,11677
5805,14741
5805,14745
5806,6588
5806,6833
5806,7720
5807,9794
5808,7081
5808,12151
5808,12239
5808,12380
5808,19119
5808,19192
5809,5919
5809,7264
5809,7356
5809,7641
5809,9465
5809,10302
5809,10829
5809,16938
5809,19815
5810,7609
5810,11822
5811,9575
5812,7841
5812,10620
5812,12891
5812,13273
5812,15043
5812,15334
5812,16537
5813,5969
5813,6168
5813,7246
5813,11061
5813,15363
5813,19680
5814,6513
5814,7930
5814,14887
5814,17191
5814,19656
5815,16854
5815,17317
5816,9532
5816,17704
5817,6732
5817,8355
5817,8477
5817,10492
5817,14477
5817,18225
5818,5948
5818,10081
5819,7320
5819,8370
5819,8424
5819,12441
5819,14734
5819,17679
5819,18514
5820,8874
5820,10063
5820,11742
5820,19413
5821,9466
5821,10265
5821,10294
5821,10966
5821,13032
5822,6747
5822,18872
5823,6606
5823,8267
5823,10514
5823,10964
5824,18943
5825,6469
5825,12282
5825,15624
5826,6571
5826,7487
5826,12807
5826,15066
5827,6102
5827,10170
5827,10683
5827,11435
5827,11792
5827,13312
5827,18405
5827,18780
5827,19479
5828,17066
5829,10035
5829,13719
5829,18084
5829,18278
5830,7685
5830,11011
5830,13443
5831,7200
5831,9715
5831,9717
5831,13286
5832,6562
5832,12528
5832,14569
5832,16755
5832,17073
5833,6274
5833,6412
5833,6647
5833,11023
5833,14835
5833,18724
5834,14575
5836,7142
5836,7462
5836,7610
5836,7784
5836,11528
5836,11682
5837,7932
5837,11553
5837,13571
5837,16808
5837,17830
5837,17950
5838,13300
5838,16455
5838,16603
5839,7000
5839,7175
5839,7603
5839,8921
5839,11663
5839,12675
5839,13871
5839,14392
5839,14603
5839,16303
5839,16448
5839,18426
5839,19627
5840,11388
5840,11779
5841,7602
5841,8881
5841,9911
5841,10641
5841,10883
5841,14478
5841,16861
5841,17023
5842,7386
5842,7841
5842,10427
5842,11600
5842,12777
5842,13681
5842,14677
5842,15798
5842,17057
5842,17819
5842,17863
5842,18271
5842,19990
5843,8869
5843,12661
5843,15555
5843,18202
5844,6294
5844,14321
5844,19105
5845,6271
5845,8706
5845,11321
5845,12690
5845,13439
5845,16409
5845,18207
5845,18346
5846,6973
5846,11687
5846,12187
5846,13181
5846,15696
5846,16052
5846,17402
5846,19487
5847,6157
5847,8014
5847,9558
5847,10294
5847,12331
5847,12393
5847,13108
5847,14321
5847,16215
5847,18459
5848,5931
5848,15081
5848,15485
5848,17896
5848,18781
5849,9144
5849,9873
5849,13227
5849,13528
5849,17826
5850,7763
5850,8148
5850,9856
5850,12761
5850,18401
5850,18871
5851,11011
5851,11078
5851,14331
5851,15194
5852,5895
5852,6864
5852,15542
5853,12291
5853,12996
5853,17072
5853,17334
5853,17965
5854,13028
5854,13223
5855,5896
5855,6460
5855,9786
5855,10421
5855,10531
5855,11948
5855,12748
5855,13326
5855,15710
5855,18468
5855,19104
5856,9023
5856,9555
5856,11455
5856,12427
5856,13227
5856,19611
5857,8890
5857,10004
5857,11017
5857,15077
5857,17090
5858,6067
5858,11381
5858,16021
5859,10470
5859,11761
5859,13076
5859,14721
5859,19698
5860,6166
5860,7993
5860,8190
5860,8386
5860,9574
5860,11020
5860,11527
5860,11542
5860,14139
5860,14317
5860,16323
5861,6461
5861,6788
5861,7947
5861,8007
5861,16621
5861,19353
5861,19391
5861,19405
5862,10366
5862,12564
5862,16785
5862,17674
5862,18436
5862,19399
5863,11071
5863,13610
5863,16876
5863,17091
5864,8355
5864,8902
5864,9883
5865,10193
5865,15196
5865,15541
5866,6760
5866,7085
5866,12732
5866,13180
5867,6638
5867,7735
5867,8058
5867,10194
5867,15853
5868,6669
5868,8378
5868,9154
5868,16787
5868,19028
5869,7400
5869,9796
5869,10903
5869,14897
5870,11696
5871,5890
5871,8894
5871,12114
5871,18589
5872,6128
5872,6468
5872,7881
5872,9503
5872,10361
5872,13581
5872,17365
5872,17397
5872,17656
5872,19006
5873,7492
5873,8703
5873,10793
5873,11623
5873,11746
5873,12355
5874,7013
5874,9177
5874,10141
5874,12730
5874,14684
5874,18803
5874,19400
5875,6012
5875,15456
5875,15913
5875,18882
5876,15658
5877,8737
5877,10775
5877,11439
5878,6424
5878,16156
5879,6888
5879,7243
5879,9431
5879,9533
5879,12490
5879,18566
5880,8354
5880,8594
5880,13989
5880,18269
5881,6027
5881,7345
5882,10084
5882,13175
5882,14743
5882,18820
5883,14612
5883,14967
5883,15314
5883,18424
5885,7014
5885,11457
5885,16676
5885,16852
5885,18182
5886,15432
5887,7803
5887,8651
5887,9292
5887,9311
5887,9651
5887,9753
5887,10192
5887,11575
5887,13318
5887,15354
5887,16007
5887,18111
5888,6045
5888,10098
5888,10245
5888,10280
5888,16530
5888,17845
5889,8112
5889,8506
5890,11617
5891,8888
5891,10422
5891,11319
5892,7568
5892,7611
5892,12960
5892,18034
5893,8220
5893,8549
5893,8856
5893,13867
5893,15642
5893,16005
5894,8069
5894,8442
5894,13771
5894,15286
5895,7408
5895,15495
5896,6602
5896,7778
5896,9160
5896,15020
5896,17540
5896,18984
5897,7256
5897,8539
5897,10826
5897,10855
5897,12675
5897,12914
5897,19383
5898,6435
5898,9791
5899,7470
5899,14716
5900,6292
5900,8415
5900,10087
5900,10953
5900,13549
5901,7814
5901,10086
5901,12726
5901,18539
5902,6960
5902,7317
5902,7546
5902,8543
5902,10139
5902,12630
5902,16006
5904,8945
5904,11315
5904,16538
5905,8745
5905,10207
5905,11531
5905,18579
5906,10546
5906,17311
5906,17589
5906,18313
5908,6098
5908,7462
5908,8386
5908,13234
5908,19262
5908,19971
5909,7650
5910,9473
5910,13404
5910,14135
5910,14193
5910,14526
5910,19795
5911,13205
5911,16277
5912,8581
5912,9685
5912,12480
5912,18353
5912,19285
5913,6670
5913,14369
5914,9138
5914,10019
5914,11693
5914,11878
5914,11906
5914,14026
5914,15090
5914,15145
5914,16248
5915,12529
5915,13132
5915,16317
5916,9388
5916,9872
5916,9883
5916,12033
5917,12875
5918,7248
5920,10156
5921,9360
5921,11410
5921,12812
5921,14068
5921,18329
5922,7194
5922,7655
5922,13655
5922,15076
5922,18195
5923,11516
5923,11551
5923,15483
5923,17056
5924,8178
5924,9432
5924,15039
5925,12457
5925,12579
5925,12731
5925,14965
5925,15337
5925,16461
5926,7577
5926,11153
5926,15589
5927,8080
5928,8298
5928,10316
5928,12554
5928,19339
5929,8052
5929,8375
5929,10526
5929,19929
5930,8261
5930,9158
5930,9189
5930,11459
5931,6583
5931,13928
5931,14866
5931,17160
5932,9890
5932,11666
5932,13033
5932,15215
5933,7433
5933,9519
5933,11067
5933,11076
5933,12432
5933,15714
5935,10706
5936,14574
5937,6210
5937,8160
5937,13936
5937,17001
5938,17063
5939,6646
5939,13091
5940,10348
5940,13515
5940,15512
5940,15571
5940,19541
5941,11026
5941,16102
5941,18992
5942,7720
5942,10969
5942,12829
5942,16819
5943,6480
5943,9766
5943,17891
5943,18248
5943,19224
5944,8854
5944,9063
5944,9286
5944,9341
5944,9791
5944,9957
5944,10279
5944,11634
5944,19691
5945,7464
5945,7503
5945,13606
5946,13691
5947,8939
5947,10239
5947,13985
5947,18302
5948,8366
5948,12955
5948,14717
5949,6620
5949,7243
5949,14562
5949,18737
5950,8489
5950,9342
5950,13437
5950,17486
5951,8481
5951,9598
5951,12983
5951,16165
5951,16621
5951,17844
5951,19564
5951,19988
5952,7027
5952,7237
5952,7701
5952,7883
5952,10119
5952,15568
5952,18711
5953,8859
5953,9923
5953,11881
5953,13375
5953,15105
5953,19235
5954,9694
5954,10607
5955,7131
5955,8512
5955,19204
5956,13180
5956,17757
5958,11734
5958,13695
5958,15531
5959,6485
5959,8141
5959,10659
5959,11900
5959,12125
5959,13829
5959,19586
5960,6578
5960,12287
5960,13722
5960,16079
5960,16534
5960,18652
5961,7178
5961,13988
5961,17528
5962,6151
5962,10256
5962,11745
5962,12805
5962,15438
5962,16100
5962,17406
5962,19135
5962,19360
5963,11359
5963,11647
5963,15902
5963,16016
5963,17521
5963,18674
5964,8484
5964,15880
5964,16154
5964,18001
5965,9405
5965,9434
5965,12675
5965,15879
5966,7151
5966,9854
5966,9993
5966,13273
5966,14009
5966,17383
5967,6506
5967,9202
5967,9324
5967,12033
5967,17201
5968,6250
5968,6553
5968,6900
5968,7253
5968,7469
5968,7764
5968,8532
5968,12089
5968,15035
5968,16480
5968,18237
5968,18461
5968,19198
5969,8326
5969,9620
5969,10318
5969,11428
5969,17020
5971,8715
5971,19216
5972,6318
5972,9679
5972,11471
5972,14281
5972,14536
5972,14553
5973,6400
5973,7553
5973,16885
5973,19377
5974,10750
5975,6438
5975,8748
5975,11920
5975,12281
5975,14365
5976,13914
5976,18768
5977,6142
5977,7759
5977,15114
5977,16629
5978,8473
5978,10373
5978,13659
5978,17619
5979,12515
5980,6461
5980,7258
5980,8451
5980,11466
5980,12294
5981,7485
5981,9872
5981,14414
5982,6114
5982,7137
5982,7556
5982,8674
5982,9435
5982,10833
5982,11896
5982,12369
5983,9325
5983,11856
5983,17570
5983,18204
5983,18344
5984,7264
5984,12530
5984,16066
5984,16696
5984,18701
5985,7185
5985,8972
5985,14409
5985,17006
5986,7498
5986,7856
5986,11573
5986,12173
5986,15041
5986,16871
5986,18371
5987,11282
5989,7054
5989,8665
5989,17152
5990,6690
5990,7360
5990,9634
5990,11976
5991,6856
5991,13207
5991,15959
5992,8029
5992,11945
5993,7580
5993,8483
5993,12642
5993,13309
5993,13335
5993,16106
5994,6960
5994,10366
5994,19709
5995,8635
5998,19363
5999,6165
5999,7106
5999,7913
5999,9350
5999,13410
5999,16346
6000,6506
6000,6752
6000,12633
6000,13253
6001,7244
6001,11407
6001,13203
6002,6961
6002,8983
6002,9348
6002,12808
6002,15038
6002,15231
6002,18440
6002,19380
6003,9324
6003,10722
6004,6352
6004,7755
6004,8035
6004,8892
6004,10532
6004,10899
6004,13808
6004,17426
6004,17498
6004,18578
6004,18712
6004,19156
6005,7737
6005,8908
6005,10197
6005,12237
6005,13674
6005,15052
6005,17079
6006,6786
6006,6956
6006,7675
6006,9078
6006,10665
6006,14720
6006,15300
6006,18628
6007,6464
6007,9127
6007,9291
6007,10924
6007,11037
6007,12421
6007,17544
6007,18672
6007,19492
6008,6390
6008,8597
6008,11567
6008,11576
6008,14305
6008,14363
6008,15210
6008,15337
6008,16578
6008,18513
6008,19215
6008,19761
6009,12962
6009,14855
6010,7383
6010,10934
6010,11355
6010,12343
6010,15958
6010,16541
6010,18047
6010,19003
6011,10550
6011,17656
6012,12126
6012,19234
6013,8925
6013,12227
6014,6249
6014,6512
6014,7618
6014,7972
6014,9742
6014,14315
6014,15029
6014,16496
6015,6432
6015,7649
6015,7734
6015,8294
6015,8841
6015,9195
6015,10506
6015,13548
6015,18492
6015,18537
6016,6706
6016,9556
6016,9912
6016,13248
6016,16427
6017,9288
6017,12643
6017,13356
6018,6449
6018,9683
6018,10072
6018,13310
6018,18843
6019,6704
6019,16035
6020,6645
6020,12706
6020,18998
6021,8218
6021,8431
6021,11580
6021,19152
6022,8465
6022,11030
6022,11738
6022,11872
6022,13148
6022,16631
6022,17055
6022,17146
6023,11459
6023,12981
6025,14978
6025,17043
6026,8579
6026,8662
6026,12018
6026,19155
6027,7321
6027,14506
6027,17548
6028,8543
6028,9731
6028,15472
6029,6127
6029,6982
6029,7197
6029,8055
6029,8522
6029,11056
6029,12861
6029,14649
6029,15257
6029,19369
6032,6230
6032,6746
6032,8377
6032,16370
6032,18748
6033,9539
6033,9797
6033,12159
6033,15517
6034,6496
6034,6743
6034,10337
6034,12502
6034,15952
6034,17410
6035,7170
6035,7341
6035,11057
6035,14861
6035,17044
6035,19326
6036,10626
6036,11159
6036,11971
6036,12212
6036,14426
6036,19755
6037,7796
6037,8257
6037,8869
6037,12004
6037,12518
6038,10075
6038,10377
6038,10400
6038,12264
6038,15541
6038,18593
6039,15636
6040,6520
6040,6833
6040,7738
6040,8800
6040,10383
6040,12751
6040,16551
6040,19821
6041,7386
6041,12695
6041,18111
6042,6213
6042,9898
6042,17017
6042,18198
6043,6780
6043,6798
6043,7040
6043,7728
6043,11833
6043,15473
6043,16828
6044,6265
6044,7836
6044,8822
6044,9964
6044,12007
6044,13186
6044,13374
6044,16004
6044,18532
6045,6254
6045,6289
6045,6349
6045,6422
6045,6833
6045,9074
6045,9173
6045,9881
6045,11336
6045,12179
6045,12710
6045,13006
6045,16780
6045,19042
6045,19183
6045,19239
6046,7948
6046,7951
6046,13211
6047,7696
6047,7765
6047,8936
6047,11777
6047,15296
6047,16472
6047,16805
6047,18826
6048,7326
6048,7537
6048,14087
6048,15106
6049,8338
6049,10638
6049,11062
6049,11747
6049,11795
6049,14537
6049,17676
6049,19395
6050,9945
6050,11387
6050,11388
6050,17650
6051,7257
6051,12811
6051,15145
6051,16709
6051,17818
6051,18704
6053,6643
6053,7168
6053,7449
6053,8308
6053,9802
6053,10899
6053,11284
6053,11870
6053,14934
6053,15103
6053,19034
6054,6991
6054,7016
6054,13725
6055,14941
6055,18688
6056,8319
6056,13074
6057,8260
6057,13451
6057,15657
6057,16175
6058,9745
6058,10248
6058,13089
6058,13242
6058,14942
6059,8655
6059,9027
6059,9844
6059,13379
6059,14413
6059,15800
6060,6685
6060,7449
6060,12005
6060,14236
6060,15888
6060,18209
6060,18636
6061,9255
6061,9346
6061,15059
6062,11615
6063,6345
6063,7676
6063,8557
6064,9957
6064,12803
6064,14268
6064,14462
6064,19657
6066,11868
6066,13849
6066,19456
6067,7630
6067,19078
6067,19557
6068,8810
6068,13082
6068,15232
6068,16433
6068,18551
6069,9556
6069,10302
6069,11612
6069,11703
6069,14768
6070,7801
6071,11047
6071,11138
6071,15150
6071,18018
6071,19907
6072,6463
6072,9124
6072,15271
6073,7558
6073,7601
6073,11513
6073,11759
6073,17204
6074,7070
6074,8421
6074,10733
6074,13131
6075,8176
6075,17379
6075,19772
6076,7849
6076,8759
6076,10868
6076,13058
6076,13274
6077,6551
6077,7045
6077,7069
6077,7685
6077,8216
6077,9923
6077,10686
6077,12798
6077,13209
6077,14128
6077,16337
6078,6100
6078,7940
6078,9036
6079,6785
6079,15653
6079,18234
6079,18697
6080,11329
6080,12208
6080,14009
6080,14160
6081,15698
6082,18811
6083,9324
6083,11825
6083,13114
6083,14777
6083,17726
6083,18136
6083,19150
6084,10708
6085,6172
6085,9550
6085,10956
6085,11351
6085,16988
6085,17786
6086,6590
6086,6794
6086,9553
6087,6473
6087,10997
6087,14301
6088,8535
6088,10813
6088,16883
6088,19933
6090,7587
6090,12950
6091,10962
6091,15688
6091,19562
6092,12512
6092,19007
6093,6266
6093,6369
6093,7223
6093,14622
6093,18191
6094,15173
6094,16820
6094,18083
6095,10566
6095,11370
6095,12047
6095,12677
6095,13461
6095,18782
6096,7615
6096,9902
6096,9920
6096,10264
6096,16425
6096,18705
6096,19928
6097,6211
6097,6751
6097,8872
6097,9737
6097,10972
6097,11585
6097,13575
6097,13765
6097,15682
6097,17404
6098,6557
6098,12871
6098,13859
6098,14391
6098,15794
6098,17271
6098,19357
6098,19716
6099,8002
6100,10056
6100,11602
6100,15055
6101,13324
6102,12042
6102,13988
6102,14574
6102,16206
6102,17288
6102,18881
6102,18960
6102,19315
6103,13228
6103,13898
6103,18527
6103,19711
6104,6434
6104,14232
6105,8504
6105,10776
6105,12852
6105,13783
6105,14031
6105,16076
6105,17481
6105,19913
6106,9052
6106,9234
6106,13393
6106,15980
6107,6406
6108,7642
6108,8096
6108,9415
6108,9910
6108,13587
6108,15112
6108,16338
6108,17251
6108,18576
6109,17519
6109,17686
6109,18077
6109,18128
6111,14149
6111,14663
6112,7642
6112,13681
6112,15074
6112,19584
6113,13044
6114,8688
6114,12484
6114,13058
6114,16775
6114,17060
6115,7525
6115,7710
6115,8758
6115,9490
6115,9881
6115,9907
6115,11167
6115,13073
6115,19438
6116,12409
6116,17542
6117,9764
6117,12173
6117,12724
6118,6481
6118,15876
6118,16653
6118,18022
6119,10451
6119,16392
6120,11106
6120,11791
6121,12212
6121,12237
6121,16714
6121,17024
6121,19697
6122,7340
6122,12898
6123,9441
6123,9584
6123,11031
6123,15337
6123,16422
6123,18322
6124,8268
6124,8447
6124,10110
6124,14032
6124,16238
6125,8545
6126,8362
6126,10572
6127,6280
6127,6504
6127,6689
6127,8768
6127,8964
6127,14493
6128,6234
6128,9218
6128,11572
6129,6468
6129,7217
6129,7483
6129,8300
6129,11406
6129,13211
6129,16488
6129,16502
6129,17551
6129,18771
6129,19066
6129,19325
6130,7717
6130,8314
6130,8531
6130,13387
6130,13845
6130,14328
6130,18507
6131,6787
6131,13121
6131,16412
6131,17581
6131,18857
6132,9091
6132,10691
6132,18790
6133,7157
6133,8669
6133,12440
6133,13442
6133,13580
6133,14379
6133,15538
6133,18493
6134,11004
6134,13730
6134,18776
6135,7323
6135,7612
6135,8049
6135,11695
6135,15569
6135,15987
6135,19127
6136,6197
6136,14841
6136,15900
6137,18826
6137,19758
6138,7548
6138,8746
6138,10414
6139,9007
6139,16642
6139,17027
6140,6231
6140,6682
6140,6993
6140,7700
6140,7899
6140,10762
6140,12831
6140,13924
6140,15071
6141,14685
6141,15141
6141,16602
6142,8740
6142,9145
6142,9504
6142,9865
6142,11125
6142,13129
6142,13341
6142,14248
6144,7266
6144,7399
6144,7552
6144,10098
6144,14467
6145,11334
6145,12475
6146,18533
6146,19909
6147,9859
6147,17506
6148,6604
6148,6712
6148,7208
6148,7229
6148,7963
6148,8029
6148,8817
6148,9523
6148,9739
6148,13874
6148,14574
6148,14962
6148,15680
6149,6245
6149,7359
6149,9965
6149,10354
6149,11107
6150,14544
6151,8266
6151,8524
6151,10322
6151,11216
6151,13787
6151,15439
6152,8058
6152,9269
6152,16198
6153,13313
6153,13661
6153,18301
6154,11088
6154,18219
6154,18840
6155,6632
6155,7697
6155,8670
6155,11059
6155,13874
6155,14993
6155,17418
6155,18787
6156,8309
6156,10046
6156,10395
6156,12100
6156,13800
6157,8146
6157,14311
6157,17698
6158,13259
6158,17788
6158,19783
6159,6770
6159,9560
6159,10944
6160,6698
6160,19747
6161,7415
6161,17186
6162,7809
6162,9302
6162,16085
6162,16582
6162,17212
6163,9669
6163,10191
6163,10748
6163,12132
6163,12939
6163,13678
6163,17661
6164,7569
6164,8379
6164,9658
6164,10308
6164,14165
6164,16050
6164,17880
6164,18181
6165,6674
6165,8757
6165,9846
6165,10434
6165,10527
6165,13936
6166,6407
6166,7658
6166,16097
6167,18834
6168,7628
6168,7656
6168,13213
6168,18704
6169,6955
6169,10519
6169,12013
6169,12910
6169,14969
6170,10559
6170,14334
6170,15412
6171,6921
6171,7756
6171,11303
6171,14283
6172,11136
6172,14600
6172,15597
6172,17567
6172,19839
6173,7765
6173,9286
6173,9609
6173,14127
6173,14715
6173,17983
6173,19378
6174,8510
6174,10819
6174,18531
6175,11378
6175,16955
6175,17475
6176,7188
6176,9098
6176,12242
6177,6610
6177,10652
6177,11497
6177,13139
6177,18790
6178,6346
6178,6691
6178,7295
6178,7953
6178,8036
6178,8451
6178,8772
6178,11709
6178,19987
6179,11765
6179,12455
6179,13135
6179,15537
6179,18491
6180,6351
6180,7002
6180,8111
6180,12845
6180,16931
6180,18639
6181,7583
6181,9756
6181,13587
6181,14506
6181,14776
6181,15086
6181,15192
6182,12924
6182,13825
6183,6271
6183,15564
6183,15931
6184,6421
6184,12638
6184,13822
6184,16558
6185,8012
6185,8400
6185,8676
6185,14552
6186,6554
6186,6973
6186,12898
6186,17761
6186,19619
6187,7564
6187,16509
6187,18400
6188,9830
6188,13831
6188,14914
6188,15981
6189,7959
6189,9067
6189,10288
6189,16976
6189,17751
6189,18962
6190,7567
6190,7709
6190,9515
6190,14837
6190,15611
6191,6715
6191,15566
6191,19209
6191,19985
6192,8862
6192,11430
6192,13399
6192,19494
6193,7047
6193,9527
6193,10869
6193,11667
6193,12530
6193,14453
6193,16560
6193,16660
6194,14077
6195,10050
6195,13882
6195,14249
6195,16999
6196,7468
6196,7982
6196,10689
6196,15026
6196,17414
6196,19117
6196,19590
6197,6248
6197,14452
6197,18211
6198,9021
6198,11168
6198,18184
6199,6861
6199,6947
6199,8191
6199,10108
6199,11555
6199,13508
6199,18179
6200,8896
6201,6780
6201,12831
6201,19764
6202,6542
6202,6655
6202,17908
6203,9980
6203,14432
6203,14628
6203,16947
6204,7862
6204,17899
6204,19704
6205,8467
6205,8484
6205,8493
6205,8892
6205,13847
6205,16479
6206,6415
6206,9023
6206,11284
6206,13447
6206,14516
6206,15240
6206,17970
6207,10016
6208,9206
6208,17416
6209,6260
6209,7728
6209,10080
6209,10554
6209,11606
6209,17609
6210,8178
6210,8619
6210,11125
6211,7726
6211,13289
6211,15938
6211,17056
6212,14395
6212,14537
6212,16220
6213,16010
6213,18094
6214,10359
6214,17416
6215,7939
6215,8234
6215,8945
6215,9839
6215,13425
6215,14036
6215,19781
6216,6805
6216,7040
6216,7482
6216,11399
6216,13910
6216,17158
6217,10764
6217,12591
6217,13274
6217,16521
6217,18925
6217,19369
6218,8647
6218,12442
6219,6268
6219,12237
6219,18189
6220,7091
6220,15582
6220,19140
6221,8274
6221,9194
6221,10814
6221,14259
6221,16841
6221,17066
6222,6741
6222,8424
6222,15566
6222,15610
6222,18077
6222,19966
6223,7760
6224,8303
6224,8611
6224,10413
6224,11464
6224,16964
6224,17954
6225,9173
6225,9782
6226,11768
6227,7882
6227,7989
6227,11351
6227,15391
6228,6508
6228,6592
6228,6983
6228,9572
6228,11874
6228,12060
6228,18056
6228,18610
6229,10606
6229,14156
6230,17812
6231,6289
6231,11420
6231,15111
6233,10172
6233,10926
6233,13432
6233,13889
6233,15418
6233,18420
6234,13956
6234,14345
6235,6378
6235,10279
6235,14637
6235,19117
6236,6405
6236,7513
6236,11538
6236,11672
6236,13972
6236,14673
6236,19555
6237,14395
6237,15292
6238,10312
6239,9260
6239,9867
6239,10398
6239,11447
6239,18563
6239,19970
6240,19695
6241,9013
6241,9044
6241,14226
6241,15895
6243,7944
6243,18532
6244,18802
6245,8721
6245,18072
6246,6905
6246,6997
6246,7060
6246,7403
6246,11528
6246,14459
6246,16891
6247,6286
6247,8331
6247,11965
6247,12273
6247,13690
6247,15163
6247,16647
6247,16992
6248,7263
6248,16856
6249,9960
6249,10579
6249,10895
6249,11356
6249,13603
6249,17842
6250,18698
6251,10525
6251,11038
6251,12900
6251,14357
6251,14855
6252,7347
6252,7501
6252,7816
6252,11833
6252,11846
6252,15091
6252,18550
6253,9087
6253,9465
6253,10032
6253,11511
6253,11976
6253,17472
6254,7415
6254,7725
6254,8432
6254,8839
6254,10456
6254,11164
6254,19147
6255,9871
6255,11105
6255,14338
6255,18372
6256,11984
6256,14041
6256,16213
6256,18577
6257,6889
6257,9700
6257,12254
6257,13574
6258,7075
6258,13224
6258,18573
6259,10781
6260,11133
6260,11417
6261,10303
6261,10527
6261,15147
6261,19254
6262,8562
6262,15014
6262,16782
6263,6454
6263,8020
6263,9339
6263,14715
6263,15503
6263,15869
6264,7104
6264,8863
6264,10857
6264,11634
6264,12453
6264,14160
6264,14178
6264,14727
6264,15936
6264,17252
6265,11708
6265,15280
6265,18404
6265,18679
6265,19692
6267,6614
6267,6869
6267,9327
6267,10355
6267,12491
6267,15388
6268,7335
6268,15118
6268,19527
6269,6443
6269,11450
6269,14254
6270,9220
6270,10260
6270,10852
6270,13139
6271,8663
6271,12179
6271,12718
6271,15082
6271,17659
6271,18188
6271,18329
6272,7856
6272,10017
6272,10459
6272,10571
6273,6548
6273,9970
6273,10581
6273,12638
6273,14249
6273,17823
6273,18922
6274,6320
6274,12524
6274,17349
6275,10526
6275,12721
6275,12892
6275,16034
6275,16766
6276,6451
6276,13824
6276,15675
6277,13484
6277,13581
6278,7397
6278,8003
6278,11306
6278,14805
6279,6743
6279,8331
6279,17156
6280,15333
6280,15566
6280,16409
6281,6852
6281,7279
6281,8124
6281,9654
6281,10031
6281,12234
6281,19415
6282,6742
6282,8959
6282,10291
6282,12617
6282,13822
6285,6876
6285,7398
6285,7622
6285,10155
6285,11587
6285,18838
6286,9685
6286,10165
6287,10603
6287,16430
6287,17556
6287,19290
6288,18720
6289,7556
6289,7903
6289,8671
6289,8909
6289,11143
6289,15886
6289,16635
6289,17739
6290,12980
6290,19566
6291,7102
6291,11458
6291,13154
6291,13237
6291,17842
6292,10417
6292,15977
6293,7183
6293,13844
6293,14561
6295,9062
6295,12014
6296,6999
6296,7232
6296,7326
6296,10415
6296,11230
6296,11705
6296,15149
6296,15697
6296,16924
6297,9233
6297,12545
6297,13112
6298,9422
6298,9997
6298,11979
6298,14827
6299,9449
6299,13828
6299,16084
6300,7806
6300,10585
6300,11580
6301,11569
6301,11798
6301,15029
6301,16936
6301,17813
6302,7136
6302,7419
6302,7486
6302,10645
6302,10853
6302,14945
6302,15919
6304,13620
6304,15248
6304,16061
6304,17696
6304,18120
6305,7529
6305,19174
6306,7914
6306,11434
6306,12524
6306,13179
6306,16593
6307,7031
6309,7417
6309,10502
6309,15748
6310,10643
6310,17435
6310,18698
6311,7022
6311,10391
6311,17288
6312,10183
6312,10437
6312,16622
6313,10545
6313,12905
6313,19563
6314,7143
6314,7362
6314,8984
6314,9542
6314,9557
6314,10101
6314,12843
6315,7545
6315,11389
6315,16297
6315,16857
6315,18601
6316,11384
6317,16783
6318,7207
6318,7614
6318,8170
6318,10121
6318,18943
6319,7759
6319,19934
6320,11470
6321,8094
6321,10570
6321,10657
6321,13317
6321,14498
6321,16214
6321,18221
6321,19669
6322,6490
6322,7085
6322,8503
6322,8572
6322,12478
6322,13126
6322,15813
6322,16878
6322,19658
6322,19750
6323,7652
6323,9304
6323,9861
6323,14049
6323,19947
6324,6854
6324,9526
6324,11741
6324,14018
6324,16865
6325,10700
6325,12165
6325,15532
6325,18631
6325,19388
6326,11685
6326,18512
6326,18699
6327,7277
6327,9040
6327,10243
6327,11587
6327,11794
6327,11995
6327,13127
6327,14448
6327,16546
6327,17725
6328,8901
6328,12834
6328,13426
6329,6882
6329,8379
6329,11143
6329,14833
6329,16788
6330,9130
6330,15353
6330,15537
6330,17325
6330,19233
6331,8389
6331,9004
6331,9397
6331,18192
6332,7211
6332,14615
6333,6755
6333,7971
6333,18353
6333,19861
6334,6498
6334,7208
6334,7329
6334,7335
6334,8306
6334,10093
6334,10731
6334,11502
6334,12577
6334,15636
6334,16662
6334,17032
6335,9468
6336,7976
6336,10365
6336,11753
6336,13135
6337,7209
6337,8220
6337,9665
6338,13599
6339,9647
6339,12567
6339,17149
6339,19698
6340,7313
6340,7958
6340,10032
6340,18763
6341,6919
6341,10847
6342,10346
6342,16067
6342,18862
6343,6543
6343,13643
6343,17497
6344,10358
6345,7152
6345,8906
6345,9914
6345,9915
6345,10927
6345,14309
6346,14071
6347,9118
6347,12701
6347,12934
6347,13616
6348,8470
6348,11783
6348,16840
6348,19904
6349,9924
6349,12635
6350,14017
6350,15283
6350,17817
6351,6525
6351,9007
6353,12937
6354,8733
6354,10107
6354,13461
6354,15454
6354,17669
6354,19771
6355,10129
6355,11111
6355,12908
6355,17105
6356,8876
6356,11964
6356,12050
6356,14223
6357,9064
6357,10023
6357,10218
6357,12120
6357,12692
6357,13914
6358,10659
6358,11191
6358,13000
6358,13485
6358,13547
6358,14469
6358,16251
6358,19166
6359,16383
6359,18172
6360,10012
6361,18844
6362,13877
6362,16571
6362,17701
6363,17821
6364,12883
6365,10707
6366,6588
6366,11254
6366,12145
6367,7310
6367,9722
6368,8245
6368,9323
6368,10809
6369,7390
6369,14928
6370,11545
6370,17870
6370,19625
6371,7624
6371,18198
6371,18582
6372,6742
6372,13699
6373,7443
6373,7716
6373,15140
6374,7123
6374,7159
6374,7235
6374,8228
6374,8437
6374,9121
6374,10350
6374,14051
6375,6449
6375,10380
6375,19150
6375,19273
6376,17546
6377,7456
6377,7628
6377,13054
6378,6616
6378,7486
6378,9718
6378,12168
6379,9633
6379,9860
6379,10822
6379,12435
6379,15621
6380,6880
6380,7951
6380,15549
6380,16906
6381,11597
6382,19214
6383,12682
6383,15274
6383,18178
6384,11175
6384,13663
6384,16140
6385,7176
6385,8651
6385,10019
6385,11199
6385,12729
6385,13029
6385,13653
6385,17793
6385,19386
6386,7147
6386,11559
6386,13092
6386,17714
6386,19905
6387,13177
6388,6670
6389,8138
6389,18009
6390,11863
6390,12385
6390,18842
6391,7668
6391,18324
6392,11916
6392,12767
6392,13348
6392,14034
6392,18466
6393,7983
6393,8119
6393,8486
6393,8648
6393,9899
6393,10614
6393,12201
6393,13042
6393,13204
6393,15222
6393,15246
6393,15452
6393,17697
6393,18525
6393,18911
6394,9671
6395,10617
6395,10963
6395,19244
6396,6458
6396,7296
6396,7965
6396,8953
6396,8956
6396,10451
6396,11532
6396,11806
6396,12494
6396,13097
6396,13443
6396,15502
6396,16276
6396,16368
6396,17524
6396,17525
6396,18470
6396,18760
6397,12749
6397,13063
6397,14879
6397,19382
6398,7155
6398,7159
6398,7442
6398,9371
6398,15534
6399,11295
6400,10373
6400,11209
6400,17652
6400,17719
6400,19578
6401,18938
6401,18965
6402,8243
6402,8517
6402,10701
6402,11074
6402,11923
6402,12648
6402,13091
6402,13737
6402,18889
6403,7825
6403,8922
6403,10729
6403,12123
6404,7399
6404,7784
6404,10430
6404,11925
6404,16101
6405,9260
6405,12083
6405,14812
6407,13093
6407,18519
6407,18649
6408,8384
6408,10399
6408,10749
6408,14035
6408,14333
6408,19742
6409,8803
6409,17266
6409,17545
6410,10189
6410,11717
6411,7641
6411,8781
6411,9525
6411,10054
6411,12500
6411,17824
6411,17865
6412,6697
6412,7172
6412,7353
6412,7553
6412,7854
6412,8241
6412,8282
6412,16606
6412,18019
6413,7038
6413,9009
6413,10710
6413,16948
6413,18089
6413,19681
6414,6631
6414,7906
6414,8930
6414,11367
6414,12871
6414,13219
6415,7298
6415,9472
6415,14142
6415,19195
6416,6831
6416,9878
6416,10724
6416,12582
6416,12670
6416,13098
6417,16301
6417,16575
6417,17878
6417,18671
6417,18771
6417,19618
6418,11226
6418,15530
6419,6598
6419,9156
6419,9199
6419,9675
6419,13390
6419,15513
6419,16235
6419,19641
6419,19971
6420,7970
6420,8023
6420,10776
6420,19414
6422,9941
6422,14937
6422,16836
6423,6982
6423,7552
6423,8847
6423,18339
6424,7589
6424,8926
6424,9265
6424,12775
6424,13590
6424,15639
6425,12133
6426,12893
6426,15655
6426,16792
6427,6788
6427,8249
6427,8278
6427,9833
6427,18182
6428,9362
6428,10053
6428,10387
6428,10449
6428,10673
6428,11065
6428,11416
6428,12026
6428,12595
6428,14030
6428,14466
6428,15416
6428,16445
6429,17812
6430,6526
6430,9163
6430,9984
6430,13380
6430,16957
6431,6890
6431,9405
6431,16852
6432,8106
6432,8116
6432,8267
6432,9066
6432,9471
6432,12320
6432,19170
6433,12691
6433,13236
6433,16757
6434,9428
6434,9702
6434,15976
6434,17833
6435,8436
6435,10551
6435,10881
6435,12710
6435,15652
6436,16769
6436,19089
6437,11826
6437,13752
6437,14799
6437,17440
6437,18342
6437,19411
6438,8063
6438,8539
6438,9149
6438,11487
6438,12480
6438,13062
6438,15021
6439,7897
6439,8534
6439,10754
6439,10894
6439,11246
6439,15532
6439,15592
6439,17729
6439,17734
6439,18240
6440,7687
6440,7835
6440,8950
6440,13512
6440,16462
6441,7693
6441,7911
6441,8154
6441,9244
6441,10971
6441,15539
6442,14419
6442,16508
6442,18209
6443,8686
6443,14165
6444,11794
6444,11806
6444,12999
6444,16989
6444,17153
6444,18140
6445,6967
6445,8248
6445,10830
6445,12884
6445,13035
6445,14430
6446,6795
6446,12420
6446,16420
6446,19434
6447,7783
6447,8944
6447,13582
6447,14354
6448,9608
6449,7988
6449,10397
6449,16306
6450,8751
6450,9292
6450,9665
6450,11317
6450,14201
6450,16399
6450,18380
6451,12690
6451,13227
6451,15578
6451,15896
6451,16211
6451,18283
6452,7643
6452,7959
6452,8439
6452,8492
6452,11111
6452,12389
6452,16134
6452,19335
6452,19590
6453,6714
6453,8319
6453,11010
6453,11311
6453,12897
6454,7780
6454,8173
6454,17218
6454,17662
6454,18112
6454,18135
6454,18629
6455,7080
6455,9158
6455,10437
6455,14505
6455,18667
6456,6601
6456,7692
6456,19021
6457,11725
6457,17235
6457,18162
6458,8242
6459,8103
6459,8334
6459,18010
6459,18469
6460,6893
6460,9871
6460,15309
6460,19394
6461,7145
6461,7569
6461,10770
6461,12445
6461,14169
6461,15833
6461,16062
6461,16310
6462,7165
6462,7705
6462,10019
6462,11199
6462,18460
6462,19047
6463,6643
6463,7237
6463,10037
6463,13577
6463,16410
6463,17928
6464,6708
6464,10262
6464,14825
6465,10314
6465,10848
6465,12606
6465,16064
6466,6564
6466,16941
6467,9711
6467,19308
6467,19588
6468,7892
6468,8375
6468,11020
6469,12305
6470,9519
6470,12323
6470,14576
6472,8380
6472,9901
6472,10346
6472,14279
6473,6910
6473,10917
6473,13836
6473,14821
6473,19457
6474,12586
6474,15270
6474,18878
6474,19477
6475,10678
6475,13821
6475,17050
6475,17082
6475,17445
6475,19180
6476,6901
6476,8065
6476,11880
6476,13615
6476,15253
6476,16831
6476,17850
6477,9107
6477,18296
6477,18683
6477,19108
6478,15296
6479,8180
6479,16710
6480,6813
6480,13486
6480,15247
6480,16194
6481,6528
6481,10986
6481,12280
6481,12726
6481,16011
6481,19200
6482,8036
6482,9737
6483,19092
6484,6839
6484,10397
6484,11211
6484,19112
6485,8986
6485,9540
6485,9580
6485,10224
6485,15810
6485,17300
6486,6778
6486,7483
6486,8998
6486,10871
6486,11097
6486,13112
6486,18611
6487,16324
6488,9393
6488,10905
6488,13494
6488,13779
6490,6771
6490,7697
6490,8360
6490,11579
6491,8422
6491,10200
6491,12718
6491,15557
6491,16459
6491,17309
6491,18682
6492,6933
6492,9858
6492,11138
6494,7417
6494,8189
6494,12277
6494,17768
6495,6510
6495,7100
6495,8547
6495,14324
6496,9365
6496,12836
6496,14300
6496,15805
6496,19175
6497,7753
6497,8145
6497,11192
6497,11362
6497,13924
6498,9822
6498,15749
6498,16962
6498,17278
6498,19833
6499,6725
6499,9356
6499,12783
6499,18966
6500,7972
6500,8709
6500,9644
6500,14586
6500,15724
6501,8061
6501,10801
6502,10572
6502,15545
6503,10138
6503,12045
6503,14944
6503,15471
6504,6800
6504,6994
6504,15091
6505,7423
6505,8325
6505,9848
6505,11471
6505,17098
6506,6772
6506,8111
6506,9311
6506,10158
6506,10810
6506,10969
6506,11190
6506,11493
6506,11641
6506,11978
6506,14333
6506,14518
6506,14910
6506,16040
6506,16086
6506,16774
6506,17043
6508,8276
6508,12412
6508,14312
6508,17653
6509,15595
6509,15638
6509,16113
6509,17348
6509,18033
6510,7313
6510,7723
6510,8205
6510,9296
6510,10345
6510,16772
6511,7629
6511,8391
6511,9552
6511,10231
6511,11353
6511,11723
6511,15159
6511,17967
6511,18218
6512,10743
6512,10847
6512,11645
6512,11667
6512,13541
6513,7065
6513,9157
6513,15554
6514,7202
6514,8375
6514,8548
6514,9441
6514,10184
6514,11716
6514,12397
6514,12485
6514,13341
6514,14201
6514,15393
6514,15759
6514,15874
6514,18711
6515,8851
6515,15449
6515,17659
6515,18026
6516,8720
6516,10385
6517,7032
6517,7638
6517,9351
6517,12762
6517,16040
6517,16352
6517,16680
6517,17547
6517,17698
6518,7598
6518,12542
6519,7971
6519,10397
6519,17339
6520,7131
6520,11720
6521,6738
6521,18000
6522,10501
6523,13064
6524,13530
6524,15761
6526,8755
6527,8154
6528,6561
6528,9771
6528,9924
6528,11812
6528,11946
6528,12765
6528,15843
6529,9493
6529,10142
6529,12787
6529,13504
6529,13758
6529,14259
6529,17997
6530,8683
6530,10618
6530,16894
6530,17139
6531,11005
6532,8694
6532,10665
6532,10734
6532,13130
6532,13768
6534,9310
6534,10153
6535,14546
6535,15294
6535,19264
6536,8918
6537,7668
6537,7994
6537,10477
6537,17572
6537,17902
6538,6767
6538,17293
6539,14595
6539,14915
6540,7370
6540,8730
6540,10668
6540,13662
6541,7985
6541,8919
6541,10843
6541,10995
6541,18009
6542,7829
6542,11822
6542,15126
6542,15682
6542,16456
6543,9195
6543,13185
6543,17631
6544,6608
6544,13586
6545,7761
6545,11291
6545,13101
6546,10912
6546,12735
6547,14360
6547,17949
6548,12249
6548,16533
6548,19368
6549,7167
6549,15130
6549,18262
6550,8254
6550,13747
6550,17464
6551,7820
6551,8596
6551,8929
6551,13499
6551,14662
6551,14969
6551,19014
6552,8131
6552,8518
6552,10003
6552,10419
6552,15003
6552,18269
6553,8239
6553,9620
6553,10805
6553,13451
6553,15198
6554,7667
6554,7807
6554,9054
6554,9976
6554,18715
6554,19514
6554,19587
6554,19662
6555,8411
6555,10263
6555,11827
6555,13664
6555,14770
6555,16381
6555,16641
6555,17440
6555,17598
6556,7248
6556,9182
6556,10071
6556,11267
6556,11941
6556,15990
6556,17268
6556,19427
6557,12040
6557,15176
6558,13248
6559,7750
6559,8722
6559,12143
6559,19504
6560,7311
6561,9037
6561,10164
6561,10396
6561,10665
6561,15873
6562,7239
6562,10267
6563,6714
6563,9279
6563,13945
6563,14843
6563,19098
6564,6864
6564,7154
6564,9936
6564,11396
6564,11686
6565,8190
6565,8322
6565,11101
6565,12553
6565,15484
6565,18481
6566,7845
6566,15213
6567,8458
6568,7924
6568,17497
6569,7391
6570,10601
6571,7214
6571,10877
6572,9660
6572,10142
6572,14278
6573,8066
6573,9111
6573,9305
6573,18401
6574,11979
6574,14215
6574,14917
6574,16335
6575,7129
6575,8728
6575,9434
6575,9764
6575,9825
6575,13928
6575,14300
6575,15684
6575,17199
6576,10204
6576,10757
6577,8440
6579,18676
6580,8881
6580,8972
6580,9322
6580,14681
6581,8965
6581,15493
6581,18497
6582,10093
6582,17746
6583,11876
6583,12691
6583,15199
6583,19574
6583,19953
6584,10010
6584,11276
6585,6817
6585,8758
6585,16478
6585,18288
6586,7993
6586,9097
6587,11071
6587,12511
6587,18972
6588,10375
6588,13146
6588,17710
6588,19121
6588,19543
6589,7012
6589,7101
6589,11709
6589,14766
6589,17301
6589,18292
6589,18768
6590,6995
6590,8070
6590,8306
6590,9598
6590,11494
6590,12139
6590,12375
6590,19426
6591,9419
6591,14828
6591,15279
6591,16366
6592,9478
6592,13064
6593,7077
6593,8065
6593,14950
6593,18561
6594,8398
6594,10940
6594,12520
6594,14272
6595,9372
6595,13831
6596,8577
6597,6840
6597,9882
6597,11650
6597,12418
6597,15917
6597,19230
6597,19572
6598,13541
6598,17485
6599,10524
6600,7596
6600,19450
6601,9467
6601,9720
6601,12917
6601,17487
6602,6652
6602,8073
6602,11621
6603,7062
6603,7763
6603,8222
6603,8308
6603,9838
6603,15099
6603,19351
6604,6906
6604,9363
6604,14364
6604,16021
6604,16038
6605,10825
6605,19702
6606,11427
6606,11504
6606,12260
6606,13057
6606,13203
6606,13365
6606,13490
6606,14293
6607,8925
6607,9575
6608,6739
6608,7886
6608,9265
6608,13705
6608,19018
6609,6711
6610,9835
6610,9934
6610,18664
6610,19965
6611,16785
6612,9653
6613,9157
6613,10821
6613,18051
6614,11214
6614,12629
6614,13619
6614,16129
6614,16583
6615,10838
6615,11266
6615,14446
6615,14664
6616,8361
6616,8499
6616,18433
6617,16203
6617,17629
6618,7987
6618,9316
6618,11682
6618,15299
6618,16391
6618,16967
6620,11067
6620,12320
6620,19493
6621,9190
6621,13021
6621,13184
6622,8124
6622,10685
6622,11476
6622,11972
6622,15342
6622,16864
6622,16963
6623,6844
6623,14477
6623,16786
6624,7077
6625,11811
6625,15182
6625,17730
6626,6966
6626,7388
6626,9900
6626,11434
6626,12633
6626,14548
6626,16971
6626,18357
6627,12572
6627,12804
6628,6716
6629,17479
6630,7318
6630,9879
6630,10818
6630,15485
6630,17577
6630,18437
6631,9416
6631,11207
6631,14835
6631,15204
6631,17935
6632,9223
6632,12016
6632,12392
6633,9813
6633,13959
6634,7802
6634,9634
6635,8930
6635,10821
6635,11169
6635,12447
6635,13496
6635,17097
6635,17856
6636,8909
6636,10026
6637,8333
6637,10076
6637,11120
6637,12733
6637,15995
6638,12986
6638,13796
6638,14567
6639,7878
6639,8405
6639,10124
6639,10254
6639,11560
6639,11869
6639,12695
6639,16367
6640,7637
6640,9693
6640,12210
6640,14275
6640,19419
6641,12653
6641,16454
6642,10617
6643,14903
6644,7189
6644,7294
6644,7500
6644,7925
6644,8207
6644,12074
6644,14099
6645,11154
6645,12841
6646,7532
6647,11646
6649,10979
6649,11768
6650,9339
6650,11374
6651,6898
6651,9423
6651,11399
6651,13051
6651,14039
6651,17315
6651,17453
6651,19299
6652,6763
6652,8093
6652,9147
6652,9254
6652,11469
6652,12246
6652,18578
6653,9039
6653,9346
6653,9431
6653,12788
6653,18764
6654,12061
6655,12188
6656,7260
6656,7605
6656,13928
6656,19527
6657,11697
6657,12409
6658,9624
6658,12842
6658,18638
6659,6948
6659,10432
6659,13158
6659,19038
6660,8373
6660,15196
6661,7643
6661,9802
6661,10469
6661,10938
6661,11302
6661,13232
6662,10755
6662,11486
6662,12418
6662,15775
6662,18801
6663,11933
6663,14045
6663,16421
6664,8072
6664,9375
6664,15591
6664,17143
6665,7207
6665,7562
6665,7968
6665,10392
6665,17117
6666,7394
6666,11402
6666,14720
6666,18453
6666,18498
6667,8964
6667,10914
6667,14784
6667,17563
6667,18374
6668,8272
6668,9481
6668,14780
6668,17159
6669,8800
6669,10513
6669,11682
6669,12161
6669,14566
6669,15607
6669,15798
6670,6936
6671,15010
6672,7550
6672,10194
6672,11991
6672,18305
6673,12166
6673,16258
6673,17539
6674,11814
6674,14849
6674,17488
6674,19937
6675,7086
6675,11981
6675,12696
6675,15479
6675,16089
6675,18571
6675,18651
6676,9625
6676,19467
6677,6743
6678,6680
6678,14493
6678,16230
6679,6829
6679,9583
6679,9816
6680,9972
6680,11165
6680,13381
6680,13810
6680,17211
6681,19043
6682,12759
6682,19153
6684,10580
6685,11990
6685,14712
6687,10682
6687,11359
6687,18110
6688,9161
6688,9840
6688,10933
6688,11749
6688,14936
6689,7424
6689,8733
6689,9930
6689,10128
6689,14243
6689,15037
6689,15984
6689,16497
6690,19143
6691,10764
6691,11985
6691,12465
6691,17840
6692,19640
6693,9126
6693,12552
6693,15562
6693,15855
6693,16342
6695,7081
6695,15565
6695,15581
6695,16996
6695,18288
6695,18350
6695,19905
6696,7093
6696,9510
6696,10185
6696,10374
6696,10757
6696,13269
6696,14179
6696,15005
6696,15229
6696,15995
6696,16063
6696,16222
6696,17976
6696,18565
6698,7374
6698,8570
6698,9675
6698,12283
6698,13150
6698,18107
6698,19543
6699,8186
6699,8373
6699,9385
6699,12449
6699,12922
6699,13377
6699,18056
6700,15749
6700,17434
6701,7685
6701,10776
6701,16283
6701,18507
6701,19442
6702,10863
6702,15155
6702,18065
6703,15397
6703,15830
6704,6810
6704,9644
6704,10634
6704,15550
6704,15817
6704,17814
6704,18082
6705,7198
6705,10332
6705,12253
6705,12901
6705,13503
6705,16684
6705,18076
6706,8660
6706,13589
6706,13843
6706,16122
6706,17618
6706,17932
6706,19660
6708,8938
6708,9251
6708,9305
6708,9600
6708,11833
6708,11894
6708,12478
6708,12886
6708,13883
6708,14410
6708,17330
6708,17716
6709,14354
6709,15584
6709,17344
6709,17800
6710,12571
6710,15007
6710,16744
6711,7748
6711,11445
6711,12260
6711,13802
6712,13054
6712,17579
6712,19473
6713,6734
6713,11393
6713,13509
6713,14836
6714,18021
6714,18025
6715,7134
6715,7431
6715,7521
6715,8169
6715,9772
6717,6978
6717,9925
6718,13006
6719,8327
6719,9823
6720,6944
6720,7282
6720,9751
6720,10448
6720,14752
6720,15205
6720,18601
6721,12684
6722,7626
6722,8528
6722,11489
6722,19857
6723,11217
6723,19815
6724,11090
6725,10999
6725,15309
6727,7850
6728,7201
6729,11474
6730,7872
6730,11065
6730,14339
6730,17441
6730,18656
6731,7236
6731,9096
6731,12980
6731,14778
6731,16914
6731,18509
6732,7574
6732,8364
6732,16684
6732,19070
6733,7625
6733,7837
6733,13101
6733,13644
6733,14133
6733,16827
6733,18596
6733,19123
6733,19203
6734,7390
6734,8765
6734,10729
6734,10971
6734,14440
6735,14227
6735,14375
6735,19506
6736,7786
6736,9115
6736,12960
6736,14328
6736,19318
6737,7187
6737,7719
6737,8461
6737,10245
6737,11175
6737,14725
6737,15148
6737,16138
6738,15788
6740,11525
6741,16442
6742,13377
6742,13378
6743,6776
6743,7035
6743,10950
6743,13384
6743,15241
6743,16286
6743,18361
6743,18438
6745,7519
6745,13243
6746,15650
6747,7715
6747,11201
6748,16043
6749,8612
6749,13358
6750,9054
6750,11335
6750,15110
6750,16157
6751,6931
6752,7080
6753,7819
6753,13225
6753,14604
6753,15617
6753,16142
6753,19511
6754,8210
6754,9839
6754,19147
6755,8163
6756,7408
6756,12666
6756,14526
6756,16065
6756,19754
6757,11287
6758,10738
6759,9642
6759,12123
6759,16435
6759,17914
6759,17965
6759,18158
6760,9424
6761,7740
6761,9003
6761,16961
6762,8580
6762,8916
6762,9454
6762,9590
6762,9946
6762,11663
6762,12489
6762,12972
6762,15437
6762,15861
6762,18964
6762,19782
6763,7459
6763,11923
6763,13975
6763,15181
6763,18552
6764,7590
6764,7636
6764,10943
6764,11595
6764,11866
6764,14658
6764,15858
6765,9615
6765,15953
6765,17238
6765,17964
6766,6906
6766,10094
6766,10420
6767,7706
6767,8663
6767,8690
6767,10267
6768,11844
6768,18717
6769,8868
6769,17888
6769,19385
6770,7970
6770,14856
6770,17545
6771,9918
6771,11410
6771,12671
6771,13014
6771,18397
6771,19548
6772,6959
6772,12039
6772,12266
6772,14275
6772,17687
6772,19951
6772,19972
6773,7921
6773,14508
6773,14523
6773,14889
6773,16039
6773,18518
6773,18549
6774,12781
6774,14895
6774,19356
6775,7439
6775,8739
6775,11442
6775,15773
6775,18104
6775,18687
6775,19280
6776,12281
6776,13929
6777,13624
6777,13737
6777,16514
6778,6892
6778,9891
6778,10068
6778,10239
6778,12015
6778,16634
6778,17736
6779,7375
6779,15908
6781,7755
6781,9298
6781,11481
6781,16649
6781,17516
6781,18799
6782,10973
6782,16869
6782,17954
6783,8351
6783,8858
6783,13244
6784,7910
6784,11616
6786,6946
6786,17183
6787,9477
6787,10436
6787,11264
6787,16453
6787,19884
6788,8328
6788,12253
6788,12737
6788,16282
6789,7962
6789,8405
6789,13206
6789,18339
6789,19518
6790,12481
6790,14288
6791,8704
6791,11183
6791,16439
6791,17872
6791,18120
6792,8029
6792,8798
6792,12778
6794,15102
6794,17973
6794,18135
6795,7746
6795,9837
6795,13405
6795,13923
6795,14287
6795,14554
6795,16995
6795,17550
6796,17028
6797,8279
6797,16464
6798,10360
6798,12837
6798,14432
6798,14882
6799,18782
6800,7764
6800,7776
6800,18018
6801,7690
6803,11188
6803,19183
6804,10432
6804,11588
6805,8128
6805,9244
6805,12175
6805,13087
6805,13989
6805,14055
6805,17693
6805,19456
6806,10893
6807,11201
6808,10381
6808,11400
6808,15209
6809,10037
6809,10416
6809,10484
6809,10977
6809,12763
6809,14021
6809,17909
6810,7882
6810,16063
6811,8176
6811,13819
6811,14236
6811,14790
6812,7263
6812,7290
6812,7904
6812,8056
6812,8951
6812,11150
6812,12652
6812,16035
6813,12479
6813,14010
6813,16653
6813,17947
6814,7671
6814,18647
6815,8009
6815,19096
6816,19248
6817,11872
6817,12010
6817,16725
6818,12600
6818,12821
6818,15180
6818,19309
6819,9994
6819,11115
6819,14386
6819,14563
6819,16692
6820,7140
6820,13470
6821,16188
6822,7184
6822,8247
6822,9101
6822,14777
6822,15422
6823,7539
6823,12034
6824,18024
6825,15486
6826,12896
6826,15420
6826,15956
6826,17085
6826,18291
6827,18396
6828,9536
6829,10087
6829,15401
6830,7197
6830,16823
6830,19758
6831,8231
6831,8390
6831,8440
6831,8584
6831,9406
6831,10859
6831,11784
6831,14587
6831,18799
6832,8320
6832,8705
6832,11560
6832,17536
6833,8158
6833,9782
6833,17165
6834,7087
6834,7481
6834,8230
6834,8665
6834,9375
6834,16747
6835,8090
6835,16131
6836,7814
6836,9180
6836,11837
6836,12573
6836,16647
6837,6916
6837,9311
6837,14883
6837,19656
6838,13070
6838,17864
6839,13308
6839,18866
6840,8898
6840,11308
6840,15071
6840,16563
6842,7617
6842,13786
6843,7964
6843,16953
6844,8754
6844,13207
6844,15716
6844,15868
6845,8849
6845,8995
6845,9153
6845,9675
6845,11165
6845,15623
6845,17728
6845,19127
6846,11818
6846,15183
6846,19487
6846,19836
6847,12142
6847,15344
6847,18394
6848,8111
6848,16721
6848,19176
6849,7203
6849,13316
6849,15552
6849,16706
6850,7714
6850,11279
6850,11821
6850,12160
6850,15483
6850,16702
6850,18711
6851,10318
6851,15052
6852,7702
6852,8864
6852,9992
6852,12904
6852,13837
6852,14211
6852,15246
6853,7038
6853,16118
6854,9943
6854,11131
6854,11653
6854,13848
6855,7931
6855,8179
6855,11101
6855,11396
6855,16878
6856,8719
6856,9639
6858,7788
6858,7890
6858,7893
6858,15405
6858,18340
6860,6952
6860,6956
6860,8966
6860,10493
6860,10957
6860,11633
6860,12390
6860,13526
6860,14201
6861,14860
6861,17780
6861,17925
6862,11147
6862,11577
6862,12364
6862,14462
6862,17614
6862,18466
6863,8970
6863,8981
6863,14433
6863,19136
6864,11505
6864,18230
6865,10246
6865,13190
6865,13723
6865,13729
6865,13753
6865,14057
6865,14175
6865,18275
6866,8206
6866,8404
6866,8928
6866,12019
6866,13768
6866,18177
6866,18791
6866,18932
6866,19215
6867,6963
6867,9505
6867,10822
6867,11156
6867,12768
6867,15323
6867,17480
6868,9493
6868,10637
6868,13118
6868,15612
6868,17603
6868,19701
6869,8273
6869,10412
6869,14029
6869,15167
6869,19523
6870,14234
6870,16269
6870,19671
6871,8534
6871,10582
6871,10709
6871,11897
6871,13858
6871,19886
6872,10025
6872,10129
6872,12434
6873,9718
6873,9805
6873,10844
6873,12696
6873,12774
6873,14137
6874,9193
6874,9589
6874,10301
6874,16207
6874,16366
6874,17831
6875,6983
6875,12213
6875,15382
6875,16576
6875,19229
6875,19662
6876,12854
6876,17226
6876,18260
6877,14581
6877,16717
6878,8145
6879,7289
6879,9577
6879,12001
6879,12703
6879,13112
6879,13990
6879,18860
6879,19405
6880,8256
6880,8590
6880,11471
6880,11985
6880,12551
6880,18561
6880,18624
6881,11414
6881,11609
6881,12048
6882,7764
6882,10875
6882,13971
6882,14663
6882,15909
6882,16251
6883,14421
6884,11520
6884,11723
6885,8289
6885,8546
6885,14439
6885,18616
6887,13199
6887,14748
6887,14813
6887,16345
6888,14498
6889,7471
6889,10408
6889,10970
6889,14049
6890,7006
6890,9554
6890,9890
6890,10053
6890,13641
6890,15208
6890,18739
6891,8356
6891,9604
6891,13946
6891,15222
6892,8607
6892,8860
6892,10572
6892,15567
6892,17671
6893,6898
6893,9310
6893,9408
6893,18082
6893,18985
6894,7869
6894,8746
6894,14979
6894,16570
6895,14402
6895,14689
6895,17538
6895,17781
6896,12078
6896,15961
6896,16565
6897,8841
6897,10810
6897,10847
6897,11229
6897,11571
6897,13119
6898,8362
6899,19542
6901,8027
6901,8957
6901,12262
6901,14123
6901,15814
6901,16672
6902,7529
6902,7640
6902,8357
6902,9991
6902,12455
6902,13781
6902,15113
6902,15419
6902,19116
6903,8691
6903,9356
6903,9876
6903,9996
6903,13663
6903,15064
6903,18618
6904,9282
6904,10108
6904,12115
6905,8426
6905,10615
6905,19104
6905,19605
6906,7107
6906,7465
6906,8382
6906,8446
6906,9022
6906,10616
6906,11852
6906,15178
6906,17325
6907,16671
6909,10416
6910,7407
6910,11405
6910,11542
6910,12411
6910,18047
6911,7097
6912,12401
6912,15764
6912,18156
6912,19224
6913,13178
6914,7177
6914,9988
6914,10025
6915,8185
6915,10290
6915,13504
6915,18678
6916,10981
6916,15445
6916,19692
6917,8768
6917,10818
6917,13895
6917,17553
6918,7344
6918,11300
6918,12441
6918,17762
6919,12502
6920,7818
6920,9155
6920,10444
6921,7557
6921,7938
6921,8326
6921,9271
6921,9695
6921,14332
6921,17705
6922,16396
6923,8315
6923,8362
6923,9652
6923,10858
6923,12780
6923,14444
6923,14900
6923,17910
6924,11022
6924,14543
6924,15920
6924,16911
6924,19650
6925,8495
6925,9793
6926,8312
6927,9213
6927,10330
6927,13770
6927,18520
6928,16177
6929,8496
6929,9229
6929,11556
6930,8077
6930,13031
6930,15113
6930,15765
6930,19864
6931,17313
6931,17742
6931,18419
6931,18956
6932,13666
6932,17065
6933,12302
6933,12381
6933,12766
6933,13442
6933,14497
6934,11199
6934,11338
6934,16899
6935,8614
6935,10946
6935,16412
6938,7173
6938,11764
6938,16344
6938,18190
6939,7064
6939,8830
6939,11344
6939,12425
6940,9317
6940,12383
6940,15324
6940,15521
6940,19678
6941,7524
6941,8952
6941,9001
6941,19319
6942,8026
6943,7112
6943,9085
6943,10229
6943,13379
6943,13623
6943,18559
6944,10699
6945,13595
6946,7981
6946,9125
6946,9710
6946,11387
6946,12851
6946,13403
6946,15292
6946,16016
6946,17298
6946,19364
6948,10000
6948,10749
6949,7300
6949,9569
6949,9706
6949,13391
6949,19367
6950,10601
6950,10809
6951,15804
6951,18946
6952,11345
6952,12141
6952,15523
6953,10580
6953,13667
6953,15163
6953,18235
6954,16030
6955,7527
6955,8259
6955,15097
6955,17630
6956,7933
6956,8561
6956,19339
6957,9551
6957,15413
6959,7615
6959,10767
6959,13906
6959,16768
6960,8206
6960,8354
6960,9522
6960,10092
6960,14345
6960,15126
6960,17042
6960,19048
6961,7809
6961,9274
6961,11431
6961,11683
6961,14652
6962,7081
6962,12072
6962,18246
6963,7161
6963,8172
6963,8189
6963,8327
6963,9786
6963,11051
6963,13176
6964,10234
6964,14242
6964,16455
6965,7279
6965,9460
6965,12404
6965,13306
6965,15285
6965,17076
6965,18340
6966,9492
6966,10528
6966,11599
6966,18371
6966,18448
6967,10843
6967,19343
6967,19384
6967,19433
6968,16419
6968,16956
6969,18207
6969,19537
6970,11967
6970,19501
6971,7311
6971,7604
6971,11126
6971,12028
6971,13081
6971,14799
6971,15259
6971,16044
6972,9773
6975,9534
6975,9727
6975,15551
6975,15654
6975,18669
6975,19851
6976,7907
6976,8037
6976,8838
6976,11023
6976,13213
6976,15230
6976,17146
6976,18689
6977,14216
6977,19867
6978,8807
6978,9541
6978,14385
6979,9193
6979,10716
6980,10903
6980,15421
6980,16530
6980,18189
6981,8188
6981,8414
6981,10017
6981,13411
6981,15883
6983,9847
6983,11978
6983,17140
6984,19811
6986,9476
6986,11965
6986,15522
6987,10374
6987,15523
6988,7053
6988,14615
6988,15369
6989,8890
6989,19218
6990,8298
6990,8705
6990,9275
6990,11704
6990,13502
6990,14656
6990,15008
6990,18602
6990,19058
6991,8724
6991,9130
6991,11230
6991,11740
6991,15118
6991,17034
6992,13655
6992,14181
6992,14436
6992,16535
6992,16646
6992,17944
6992,19771
6993,8180
6993,10103
6993,12009
6993,12015
6993,14354
6994,9261
6994,19868
6995,10180
6995,13771
6995,19744
6995,19928
6996,9597
6996,13969
6996,14984
6996,18580
6997,12203
6997,19242
6997,19467
6998,7735
6998,19550
6999,7535
6999,7605
6999,8142
6999,13168
6999,18813
6999,19710
7000,9201
7000,16962
7001,7477
7001,9478
7001,11393
7001,17674
7002,8977
7002,13812
7002,18228
7003,7156
7003,7178
7003,17987
7003,19648
7004,9703
7004,16729
7004,17200
7005,10792
7005,11381
7005,11786
7006,14100
7007,10246
7007,12930
7007,12944
7007,13336
7007,13712
7007,13904
7007,14963
7009,15795
7010,7036
7011,7305
7011,13609
7012,7822
7012,9268
7012,11628
7012,16510
7013,10084
7013,10707
7013,11080
7013,11674
7013,12704
7013,15050
7013,16227
7014,7095
7014,11998
7014,12367
7015,7958
7015,9521
7015,10688
7015,14452
7015,14469
7016,10437
7016,11579
7016,15760
7016,17471
7017,7022
7017,8696
7017,15845
7017,17351
7017,17695
7018,7510
7018,8067
7019,7099
7019,7551
7019,7872
7019,11581
7019,14060
7019,14265
7019,15698
7019,16568
7019,18118
7020,8649
7020,9795
7020,11772
7020,11781
7020,13933
7020,19672
7021,7762
7022,9552
7022,10165
7022,11804
7022,13966
7022,15645
7022,17156
7022,18578
7023,9272
7023,9452
7023,10489
7023,11484
7023,13090
7023,13608
7023,13902
7024,7061
7024,9357
7025,7394
7025,13233
7025,15638
7026,10095
7026,11079
7026,11474
7026,14427
7026,15462
7027,8358
7027,11856
7027,13056
7027,15161
7027,16533
7028,14520
7028,16360
7028,17228
7030,8272
7030,9176
7030,11938
7031,8917
7031,19554
7031,19764
7032,14280
7032,14549
7032,15709
7033,8104
7033,9578
7033,10760
7033,12684
7033,14133
7033,14906
7033,16135
7034,7698
7035,7158
7035,10875
7035,14518
7035,19430
7036,15357
7036,16673
7037,7152
7037,15946
7039,7448
7039,11342
7039,15745
7040,11826
7040,12519
7040,14410
7040,16050
7041,7793
7042,7804
7042,16916
7042,17993
7042,18586
7043,9145
7043,9348
7043,10255
7043,11434
7043,12498
7043,17692
7044,8584
7044,11415
7044,14460
7044,14921
7044,17907
7045,8223
7045,13793
7046,14280
7046,18464
7047,12957
7047,18856
7048,8016
7049,10916
7049,16371
7049,17872
7050,10873
7050,16960
7050,18879
7050,19297
7052,7275
7052,8913
7052,11639
7052,14277
7052,14674
7052,14913
7052,19675
7053,7574
7053,8434
7053,12703
7053,12825
7053,18325
7054,8326
7054,10038
7054,11881
7055,7391
7055,7609
7055,11289
7055,11912
7056,10530
7057,11554
7057,11896
7057,19995
7058,14315
7058,14669
7058,16219
7059,8168
7059,10531
7059,10550
7059,11052
7059,11547
7059,14684
7059,16976
7059,19388
7060,7602
7060,11423
7060,18793
7061,10618
7061,11793
7061,12333
7061,13188
7061,14129
7061,17877
7062,8997
7062,10454
7062,14529
7062,15950
7063,8730
7064,10471
7065,7346
7065,11088
7065,11389
7065,13851
7065,18526
7066,8221
7066,9569
7066,13683
7066,16906
7066,19376
7067,10481
7067,11014
7067,14982
7067,18503
7067,19365
7067,19519
7068,7668
7069,7919
7070,8511
7070,8650
7070,10163
7070,11010
7071,9568
7071,10134
7071,11067
7071,14855
7071,18153
7071,18286
7072,8929
7072,11563
7072,16766
7074,8023
7074,19525
7075,14339
7076,18687
7077,9021
7077,10469
7077,11170
7077,16465
7077,17854
7077,17928
7077,18148
7078,12020
7078,18366
7079,8070
7079,12345
7079,15779
7079,16291
7079,18611
7080,7757
7080,9996
7080,12635
7080,14814
7081,9578
7081,10737
7081,15937
7081,16613
7081,16757
7082,17986
7082,19047
7083,11436
7083,11942
7083,15243
7084,8150
7084,14515
7084,17425
7084,18581
7085,9103
7085,12156
7085,12611
7085,13672
7085,17561
7086,7790
7086,9090
7086,9321
7086,10424
7086,10565
7086,16634
7086,19853
7087,8021
7087,15912
7088,12985
7089,10849
7089,11640
7089,13265
7089,14884
7089,15595
7090,11915
7090,11982
7090,17409
7090,18651
7091,11858
7091,19225
7092,9174
7092,12843
7092,16289
7092,19686
7093,7832
7093,7988
7093,17993
7094,8113
7094,9618
7094,17453
7095,15781
7096,11066
7096,11150
7097,7978
7097,8131
7097,9251
7097,14597
7097,19673
7098,8876
7098,18660
7098,19610
7099,11348
7100,13913
7101,7117
7101,9688
7102,7140
7102,11341
7102,13042
7102,13884
7102,18808
7103,7800
7104,11179
7104,15576
7104,17126
7105,7764
7105,7901
7105,8316
7105,13237
7106,7957
7106,9437
7106,15502
7106,15736
7107,7294
7107,13455
7108,8097
7108,13665
7109,8118
7109,12598
7109,13143
7109,14436
7109,14557
7109,15221
7109,15962
7109,16056
7110,7540
7110,10755
7110,15436
7110,15658
7110,16258
7110,18310
7111,13674
7111,16183
7111,17559
7112,7441
7112,13469
7112,16753
7113,16128
7113,17380
7114,14124
7114,16023
7115,15785
7116,14683
7116,16745
7117,7905
7117,10778
7117,10886
7117,16143
7118,7707
7118,8205
7118,8530
7118,10311
7118,15018
7118,17397
7120,14079
7122,7561
7122,9179
7122,10790
7122,14094
7122,14190
7122,19860
7123,15267
7123,15605
7123,18245
7124,11324
7124,16268
7124,17781
7126,8412
7126,9303
7126,10568
7126,10880
7126,15505
7126,17016
7126,17952
7127,8457
7127,12188
7127,18932
7127,19316
7128,13564
7128,18713
7129,7606
7129,16120
7130,13642
7130,16405
7130,16660
7130,17300
7130,18804
7131,10137
7131,10426
7131,10934
7131,11647
7131,12260
7131,13568
7131,14907
7131,15867
7131,17864
7132,8091
7133,12137
7134,8703
7134,19911
7135,7918
7135,13470
7136,8861
7136,9964
7136,10599
7136,13974
7136,14200
7136,14274
7136,18228
7136,19862
7136,19893
7137,10218
7137,14324
7137,16752
7137,16796
7138,15405
7138,15576
7138,18122
7139,7285
7139,9609
7139,12637
7139,14074
7139,16759
7139,18047
7139,18902
7140,8247
7140,10521
7140,13648
7140,19096
7142,11758
7142,12115
7142,12249
7143,19254
7145,16855
7147,16091
7148,7869
7148,9975
7148,13941
7149,11407
7149,13190
7149,16212
7150,13527
7151,7229
7152,9133
7152,10979
7152,14263
7152,14587
7152,16463
7153,7324
7153,10753
7153,14739
7153,16771
7154,18995
7155,10145
7155,12508
7156,11855
7157,8591
7157,9840
7158,9076
7158,19807
7160,10825
7160,11492
7160,17217
7160,19627
7161,13896
7162,7626
7162,10256
7162,19742
7163,9776
7163,11897
7163,14277
7164,8875
7164,9866
7164,12669
7165,8405
7165,8808
7165,9996
7165,11095
7165,14893
7165,15556
7165,16128
7165,16301
7165,16335
7165,18129
7166,8138
7166,9137
7166,14989
7166,16570
7166,16706
7167,15511
7167,15906
7167,16872
7167,19334
7168,7193
7168,10674
7168,11482
7168,11521
7168,11976
7169,7970
7169,9196
7169,12945
7169,15849
7169,18938
7169,19426
7170,16120
7170,17544
7171,9983
7171,12612
7171,13705
7171,17507
7171,18139
7172,7863
7172,9095
7172,17070
7173,7527
7173,7850
7173,9986
7173,11683
7173,15844
7174,11398
7174,12695
7174,14885
7174,17332
7176,9166
7176,19022
7177,11952
7178,8456
7178,11375
7178,12272
7179,10397
7179,14334
7180,7698
7180,13672
7180,14021
7180,16948
7181,9627
7181,11280
7181,11814
7181,19651
7182,15552
7183,12175
7183,13382
7184,9744
7184,13647
7184,15218
7184,15278
7184,15697
7185,7263
7185,7877
7185,10064
7185,19201
7187,9254
7188,7755
7188,13924
7188,14240
7188,14870
7188,16014
7189,14607
7189,16015
7189,18106
7190,7596
7190,16987
7190,17103
7191,17658
7192,8152
7192,12309
7192,14000
7192,15746
7192,17002
7192,17904
7193,14679
7194,17444
7194,17772
7194,18216
7195,7405
7195,8756
7195,8984
7195,13147
7195,15004
7195,19603
7196,12275
7197,10136
7197,11465
7197,17078
7197,18767
7198,19137
7199,9097
7199,11489
7199,17787
7199,18692
7199,19104
7200,18536
7202,9463
7203,9701
7203,14140
7203,14795
7203,15440
7203,16624
7204,7979
7204,8662
7204,13917
7205,11320
7205,16887
7205,19618
7206,10915
7206,16454
7207,10146
7207,18681
7208,11572
7208,19373
7209,8424
7210,8473
7210,9476
7210,14040
7211,11728
7212,10603
7212,10898
7212,15739
7212,18504
7213,13222
7214,8551
7214,18298
7214,18428
7215,8705
7215,8835
7215,9764
7215,9904
7215,10137
7215,11890
7215,12164
7215,12442
7215,16521
7216,14619
7217,8272
7217,13386
7217,15022
7217,15103
7217,19845
7219,15860
7220,10042
7220,12400
7220,15265
7220,15669
7220,16344
7220,17198
7220,17459
7220,18112
7221,7975
7221,9463
7221,10793
7221,13446
7221,18772
7222,10253
7223,7811
7223,11170
7223,15496
7224,8336
7224,9291
7224,13362
7224,14389
7225,8659
7226,7789
7226,10833
7226,13213
7226,15968
7226,17398
7227,9108
7227,13005
7227,13681
7227,15652
7227,18390
7228,10073
7229,12643
7229,13198
7229,17058
7229,17073
7229,17663
7229,17903
7229,17944
7229,19483
7230,17441
7231,12616
7231,15398
7231,19891
7232,12762
7232,12980
7233,9046
7233,12035
7234,8671
7234,10491
7234,10646
7234,13179
7235,7445
7235,7855
7235,12667
7235,16830
7236,17299
7237,8132
7237,8272
7237,8509
7237,12127
7237,12698
7237,14028
7237,15326
7237,16683
7238,12743
7238,14129
7238,16549
7238,17276
7239,8753
7239,11804
7239,12891
7239,13033
7239,15028
7239,15317
7239,15858
7239,17428
7239,19515
7240,7898
7240,10055
7240,12514
7240,18871
7242,7457
7242,10225
7242,10587
7242,13708
7242,13857
7242,19244
7243,19188
7244,10236
7244,12395
7245,8836
7245,9704
7245,19950
7246,8237
7246,12578
7246,14782
7246,14872
7246,19051
7247,8908
7247,9831
7247,14178
7247,18948
7248,9520
7248,13411
7248,13478
7249,9047
7249,16248
7249,16852
7250,10086
7250,12158
7250,14299
7250,15429
7251,9805
7251,13815
7251,14602
7251,15610
7251,16462
7251,16691
7252,10324
7252,13983
7253,15302
7253,19315
7254,8068
7256,14536
7257,7442
7257,9321
7257,10438
7257,16118
7257,19611
7258,7503
7258,7691
7258,10574
7259,9670
7259,12962
7259,14635
7259,16005
7259,18681
7260,12647
7261,19468
7262,8720
7262,10119
7262,11321
7262,17667
7263,9797
7264,10418
7264,15783
7265,8288
7265,9903
7265,10770
7265,14870
7265,17164
7266,8185
7266,8955
7266,9765
7266,11582
7266,14844
7266,15576
7266,19005
7267,9586
7268,9253
7270,7647
7270,8720
7270,15995
7270,17560
7271,8367
7271,10378
7271,11892
7271,13551
7271,18845
7272,9490
7272,11320
7272,13903
7272,16374
7273,10209
7273,12874
7273,13533
7273,14011
7273,14243
7273,16453
7273,17194
7273,17536
7273,19246
7274,10880
7274,18785
7275,16961
7276,7960
7276,8249
7276,11848
7276,12889
7276,15696
7277,7393
7277,19866
7278,7975
7278,11738
7278,13964
7279,11329
7280,8560
7280,11331
7280,11710
7280,11888
7280,11925
7280,12348
7280,15341
7280,16520
7280,17588
7280,18124
7281,7826
7281,8795
7281,14713
7282,11501
7282,11978
7282,12754
7282,14078
7282,14373
7282,15702
7282,17180
7282,19030
7283,7447
7283,10563
7283,11219
7283,15313
7283,19913
7284,7307
7284,8246
7284,10435
7284,11482
7284,15679
7285,7796
7285,11060
7285,17433
7285,17633
7286,8659
7286,9795
7287,7559
7287,9194
7287,18812
7288,11292
7288,17107
7289,10843
7289,17557
7290,11885
7291,9698
7291,16784
7292,12177
7292,13239
7293,8028
7293,13905
7293,14121
7294,7714
7294,9175
7294,11438
7294,11457
7294,12941
7294,14347
7295,19955
7296,8045
7296,10562
7296,14510
7297,15694
7297,16322
7298,11833
7298,12373
7299,12079
7299,15752
7299,16485
7300,9214
7300,9641
7300,17312
7300,19607
7302,9413
7302,12396
7302,13982
7303,12453
7303,15799
7304,18081
7305,9074
7305,10178
7305,10361
7305,11540
7305,12909
7305,14540
7305,17280
7306,9645
7306,10872
7306,17516
7307,10236
7307,13299
7308,9203
7308,15894
7309,7509
7309,8336
7309,15776
7309,18283
7309,19180
7310,12527
7310,14922
7310,16817
7310,19931
7311,7664
7311,11944
7311,11981
7311,13745
7312,12171
7313,7784
7313,8058
7313,8657
7313,9605
7313,10599
7313,10830
7313,13309
7313,14704
7313,16224
7313,17373
7313,19815
7314,9235
7314,10168
7314,11524
7314,18356
7315,14066
7315,15242
7315,15826
7315,16053
7315,17981
7316,7743
7316,13994
7317,7359
7317,7816
7317,9250
7317,9767
7318,8004
7318,8438
7319,10670
7319,16588
7319,16994
7320,7583
7321,18327
7322,8952
7322,16743
7323,9795
7323,11116
7323,13488
7324,14008
7324,18412
7325,8566
7326,7563
7326,8671
7326,11911
7326,16654
7326,17101
7326,19414
7327,9520
7327,9995
7327,10647
7327,11428
7327,15117
7327,15385
7327,15451
7328,10831
7329,10734
7329,11576
7329,13954
7329,14447
7330,8742
7330,9667
7330,18233
7331,8244
7331,11183
7331,13498
7332,11212
7333,7842
7333,8285
7333,8401
7333,9159
7333,10733
7333,13420
7333,13892
7333,17025
7333,17709
7333,18828
7334,7506
7334,7684
7334,8062
7334,8260
7334,11492
7334,19845
7335,8719
7335,11020
7335,13599
7335,13627
7335,13719
7335,15020
7335,18916
7335,19322
7335,19606
7335,19843
7336,10718
7336,17836
7337,7895
7337,7956
7337,8853
7337,11914
7338,8038
7338,12986
7338,13423
7338,14090
7338,14161
7338,17715
7339,8414
7339,9807
7340,7687
7340,9378
7340,14830
7341,8638
7341,8889
7341,19380
7342,8923
7342,11556
7342,11578
7342,11690
7343,13315
7343,15251
7343,18737
7344,15035
7345,11872
7345,12419
7345,15516
7345,16288
7346,9289
7346,10053
7346,10524
7346,13371
7346,15127
7346,16279
7347,7456
7347,11667
7347,15744
7347,15930
7348,9300
7348,9560
7348,9726
7348,9865
7348,9895
7348,10263
7348,14061
7348,15772
7348,16181
7348,19218
7349,7963
7349,10523
7349,14934
7349,15143
7349,15291
7349,15808
7350,9881
7350,13534
7351,7973
7351,8412
7351,13959
7351,18509
7352,12612
7353,7522
7353,16899
7355,7625
7356,15969
7358,7803
7358,10448
7358,18121
7358,18456
7359,8528
7359,8652
7359,13962
7360,7409
7361,13597
7362,11452
7362,12839
7362,19337
7363,7482
7363,9103
7363,11129
7363,16650
7364,13535
7364,16071
7365,7874
7365,13936
7365,15943
7365,18338
7365,19050
7367,14140
7367,17266
7368,9719
7369,9448
7370,7939
7370,8336
7370,13279
7372,9773
7372,11955
7372,18706
7372,19224
7372,19566
7372,19932
7373,9417
7373,12475
7373,17927
7373,18471
7374,12295
7374,18008
7376,8230
7376,10126
7376,11936
7376,12075
7377,9340
7377,12353
7377,13574
7378,13413
7378,14697
7378,16370
7378,17883
7378,19285
7379,8458
7379,11999
7379,15641
7379,16162
7380,9447
7380,9901
7380,15113
7380,19725
7381,7672
7381,8514
7381,10036
7381,11343
7381,11990
7382,8045
7382,10596
7382,13515
7382,13690
7383,8756
7383,19625
7384,8089
7384,16863
7386,7877
7386,8537
7386,8936
7386,11067
7386,11364
7386,15395
7386,15884
7386,18467
7387,14443
7388,17653
7389,9034
7389,9395
7389,13175
7390,12325
7390,14288
7391,9446
7391,9482
7391,10739
7391,12671
7391,14695
7391,19598
7392,8383
7392,8889
7392,16848
7393,7659
7393,12100
7393,15520
7393,15803
7393,16533
7394,10918
7394,16038
7395,7438
7395,13218
7395,14488
7395,17797
7396,9060
7396,15355
7396,18223
7396,19359
7397,9194
7397,9852
7397,17245
7398,13673
7398,15708
7398,18003
7398,19736
7399,9507
7399,13009
7399,16475
7399,17080
7400,7674
7400,9302
7400,10202
7400,10574
7400,10811
7400,14412
7400,15317
7400,15468
7400,16071
7400,16980
7400,19869
7401,7554
7401,9455
7401,10233
7401,10558
7401,13255
7401,16267
7401,16699
7402,11342
7402,12023
7402,12137
7403,9184
7403,10031
7403,11015
7403,13529
7403,16515
7403,18272
7404,12559
7404,13892
7404,17197
7405,7493
7405,10141
7405,10435
7405,11098
7405,17571
7406,9165
7406,9501
7406,11800
7406,18126
7406,18151
7407,11334
7408,11563
7408,18347
7409,7743
7409,16419
7409,19627
7410,9004
7410,10576
7410,14821
7411,17075
7412,14500
7412,14926
7412,18302
7412,18333
7412,18431
7413,10744
7413,18537
7414,15212
7414,15938
7415,8510
7415,14636
7416,9711
7416,15355
7416,16189
7416,19039
7416,19877
7417,7672
7417,9088
7417,10400
7418,15007
7418,16167
7419,10976
7419,11241
7420,8309
7420,11181
7420,12528
7420,13152
7420,14292
7421,8173
7421,11685
7421,12313
7421,14012
7424,14275
7425,10499
7425,11882
7425,17881
7426,13862
7426,16237
7426,17451
7427,8762
7427,9055
7427,11931
7427,13864
7427,15385
7427,16904
7427,18045
7428,7430
7428,13113
7428,14634
7428,16272
7428,17262
7429,8425
7429,11036
7429,11849
7429,17172
7429,19438
7430,12704
7431,7927
7431,8353
7431,8924
7431,11397
7431,13250
7431,13990
7432,12941
7433,9343
7433,9630
7433,10627
7433,16319
7433,19733
7434,8175
7435,16727
7435,19615
7436,13244
7437,11261
7437,13471
7438,14705
7439,10638
7440,12153
7440,15760
7441,15821
7442,14849
7442,17927
7443,7494
7443,10671
7443,19079
7444,8265
7444,11714
7444,15307
7444,17448
7444,18349
7444,18585
7445,7537
7445,7636
7445,11189
7445,11415
7445,12748
7445,16895
7446,7552
7446,9073
7447,14463
7448,7499
7448,9133
7448,10561
7448,11084
7448,17244
7449,9649
7449,12299
7450,15706
7451,15378
7452,8099
7452,16807
7453,8807
7453,18430
7454,10468
7454,13782
7454,17473
7455,12224
7455,16145
7456,9833
7456,15363
7456,17362
7456,18182
7456,19099
7457,8557
7458,9381
7459,11724
7459,12915
7459,14217
7459,17267
7460,9233
7460,10470
7460,14759
7462,12596
7462,14172
7465,10060
7466,11790
7466,14022
7466,14282
7466,17229
7466,18258
7466,19302
7467,9058
7467,18731
7468,15211
7468,17491
7469,8967
7469,9891
7469,10502
7469,12512
7469,14214
7469,15816
7470,12189
7471,14269
7471,17537
7472,10321
7472,10476
7472,10646
7472,12826
7472,15627
7472,17977
7473,9826
7473,13855
7473,15346
7473,15354
7473,16081
7473,16924
7473,18656
7474,8825
7474,11072
7475,7614
7475,8318
7475,16568
7476,7839
7476,11087
7476,14055
7476,15093
7476,18018
7477,16297
7477,16641
7478,8691
7478,9902
7478,14491
7478,17149
7479,14485
7479,19437
7480,9300
7480,11091
7480,12100
7480,13092
7480,14134
7480,14702
7480,18796
7480,19934
7481,7615
7481,7666
7481,7941
7481,8201
7481,8623
7481,8821
7481,9451
7481,10195
7481,10816
7481,11257
7481,11417
7481,11607
7481,11699
7481,11748
7481,13583
7482,10365
7482,14287
7483,8568
7483,12918
7483,13176
7484,7722
7484,8075
7484,8410
7484,9399
7484,17523
7485,8125
7486,9561
7486,12862
7487,8788
7487,14670
7487,19157
7488,9591
7488,9899
7488,11368
7488,11626
7488,12352
7488,18274
7490,11902
7490,16176
7490,18285
7491,13872
7491,16765
7492,13447
7492,14718
7493,13155
7493,16774
7494,11248
7494,11557
7494,14680
7494,16307
7494,19374
7495,8138
7495,14183
7495,14653
7496,7534
7497,8454
7497,9392
7497,10044
7497,10531
7497,12333
7497,12776
7497,13809
7497,13992
7497,14700
7497,15696
7497,16514
7497,17832
7498,10775
7498,18322
7499,16202
7499,17583
7500,8971
7501,8933
7501,16494
7502,14109
7502,17529
7503,8368
7503,12968
7503,19504
7504,10527
7504,10656
7504,11440
7504,12136
7504,12656
7504,13108
7504,16691
7505,7621
7505,7871
7505,8626
7505,10256
7505,11506
7505,15360
7506,15691
7506,19435
7507,12383
7507,12466
7507,17769
7509,10867
7509,12695
7510,8585
7510,10283
7511,8238
7511,13757
7511,14590
7511,15022
7511,19349
7513,14621
7514,7522
7514,8497
7514,12815
7514,13575
7514,16873
7514,17693
7514,19836
7515,10915
7516,9859
7516,9949
7516,16486
7516,16791
7516,17326
7519,7888
7519,17326
7519,18258
7520,8766
7522,12813
7523,18791
7525,7959
7525,13638
7525,15821
7526,9971
7526,14072
7527,8707
7527,10599
7527,12597
7527,18249
7527,18604
7528,16438
7528,16984
7529,10008
7529,12922
7529,15666
7529,16119
7529,18411
7530,11709
7530,12098
7530,19194
7531,12400
7531,13185
7531,14465
7532,7580
7532,12588
7534,13754
7534,15669
7534,17667
7534,18135
7534,19210
7534,19556
7535,8087
7535,9748
7535,14500
7535,18792
7536,17908
7537,9824
7537,10518
7537,11016
7537,11019
7537,11881
7537,12795
7537,15879
7537,18415
7537,19790
7538,9267
7538,11235
7538,17289
7539,10428
7539,12001
7539,14236
7540,9599
7540,15501
7541,8897
7541,9946
7541,11666
7541,12522
7541,16052
7541,19402
7542,7914
7542,12259
7542,15395
7542,17292
7542,18698
7543,8975
7543,10198
7543,10540
7544,9492
7544,10519
7544,11060
7545,9121
7545,9199
7545,10136
7545,10909
7546,7627
7546,14396
7546,14956
7547,10607
7547,13419
7547,16144
7547,16911
7547,19110
7547,19199
7548,10461
7548,11004
7548,11459
7548,13949
7548,14073
7548,17109
7549,19384
7550,11817
7550,18916
7551,8405
7551,15954
7551,17041
7551,17325
7552,9219
7552,11044
7552,12568
7553,7828
7553,9682
7553,12888
7553,15231
7554,11316
7554,11450
7554,13081
7555,7943
7555,14756
7557,8935
7557,9884
7557,10710
7558,11940
7558,12903
7558,18520
7559,8101
7559,17209
7561,8434
7561,8523
7561,11152
7561,16453
7561,17115
7562,8583
7562,9582
7562,9836
7562,10347
7562,14645
7564,10408
7564,10689
7565,7965
7565,13846
7565,17594
7566,7691
7566,12218
7566,14974
7566,15723
7567,8037
7567,11870
7567,17621
7567,17779
7568,13741
7568,13755
7569,10009
7569,15250
7570,7709
7570,9505
7570,10589
7570,17582
7570,18729
7570,19448
7571,7622
7571,10984
7571,11373
7571,14909
7571,19197
7571,19288
7573,9704
7573,16155
7576,13241
7577,7619
7577,7900
7577,7934
7577,8274
7577,8658
7577,12790
7577,14951
7578,9464
7578,9499
7578,16265
7578,16638
7578,18323
7578,18978
7579,12590
7580,7681
7580,14182
7580,17882
7580,18761
7580,19583
7580,19884
7582,13788
7583,13406
7583,16526
7584,8230
7584,10517
7584,15873
7585,11283
7585,11681
7585,12470
7585,16898
7586,11906
7588,8667
7588,10785
7588,14351
7588,17324
7588,19665
7589,8167
7589,8552
7590,8731
7590,12198
7590,19477
7591,8666
7591,9262
7591,18079
7592,9342
7592,14577
7592,15060
7593,7719
7593,9623
7594,8487
7594,8894
7594,11027
7594,12678
7594,13384
7594,13683
7594,13689
7594,14472
7594,17415
7594,18018
7594,19068
7594,19536
7596,8586
7596,15045
7596,15248
7597,9085
7597,13385
7597,13484
7597,17756
7598,10538
7598,17232
7600,10584
7600,14310
7600,19794
7601,7692
7601,9574
7601,11258
7601,13615
7601,19446
7602,10598
7602,11813
7602,17841
7602,17868
7603,7635
7603,8011
7603,9389
7603,14746
7603,15457
7603,16714
7603,18751
7603,19628
7604,10219
7605,8903
7605,9115
7605,9485
7605,11483
7605,16966
7606,7948
7606,10295
7606,15111
7606,17507
7607,7985
7607,10522
7607,12750
7607,14664
7608,11335
7608,12581
7608,13311
7609,11091
7609,16556
7610,8054
7611,8291
7611,8912
7611,9322
7611,11333
7611,13434
7611,13797
7611,14635
7611,16477
7612,13560
7613,8626
7613,10339
7613,10618
7613,18171
7614,12562
7614,14624
7614,18646
7614,19722
7614,19915
7616,9963
7616,14404
7616,18996
7616,19710
7617,8121
7617,10812
7618,9663
7618,14729
7618,19932
7619,8526
7619,9318
7619,10491
7619,10742
7619,14480
7619,18496
7620,8222
7620,10058
7620,16228
7620,19101
7621,10293
7622,15708
7622,16032
7622,17097
7622,18032
7623,11197
7623,12320
7623,16416
7623,17102
7623,17823
7624,8694
7624,13833
7624,15009
7624,17011
7624,17065
7624,18249
7625,7770
7625,7881
7625,8299
7626,16364
7626,18490
7627,15097
7627,15807
7628,7646
7628,8032
7628,13480
7628,17103
7629,12887
7629,13190
7630,18061
7631,13046
7631,18855
7632,10230
7632,10576
7632,13455
7632,13748
7632,16154
7633,11298
7633,13458
7633,14058
7633,14576
7633,15458
7633,17283
7633,19303
7634,15120
7635,14633
7636,9379
7636,17921
7636,18464
7637,12258
7638,9283
7638,16056
7639,9704
7639,16032
7640,10377
7641,7710
7641,9452
7641,11552
7641,11914
7641,13446
7641,16801
7641,17792
7641,18470
7642,8678
7643,13094
7643,16514
7644,9794
7644,15859
7645,9497
7645,11793
7645,12956
7645,14107
7645,19772
7646,11377
7646,12037
7646,12483
7646,12693
7646,14186
7646,15595
7646,16633
7647,11751
7648,8978
7648,14983
7648,15629
7648,19179
7649,12335
7649,14654
7650,8431
7650,11170
7650,18522
7651,9900
7651,12607
7651,16411
7651,18994
7652,14786
7652,15578
7652,19478
7652,19991
7653,10197
7653,19996
7654,10961
7654,13807
7654,17107
7655,8121
7655,11831
7655,12725
7655,13128
7655,14925
7655,15811
7655,16408
7655,16643
7656,7817
7657,7758
7658,10506
7658,16897
7658,17496
7658,19759
7659,7677
7659,7791
7659,7809
7659,10152
7659,10711
7659,15108
7659,15397
7659,19317
7660,11564
7660,15562
7660,17093
7661,8960
7661,9354
7661,12220
7661,12465
7661,17707
7662,9004
7662,13162
7663,9718
7663,14988
7663,15367
7663,18084
7663,18999
7663,19659
7665,9183
7665,11665
7665,14688
7665,18275
7666,8589
7666,9645
7666,13520
7666,15735
7667,14835
7667,16591
7668,13543
7669,9817
7669,9961
7669,9966
7669,10415
7669,17386
7669,18197
7670,18661
7671,15466
7672,12370
7672,15083
7672,19690
7673,7949
7673,12631
7673,15695
7674,12880
7674,13105
7675,8935
7675,17010
7676,10050
7676,12898
7676,12966
7676,13789
7676,16700
7677,18798
7678,7935
7678,10887
7678,13011
7678,15063
7679,7977
7679,9203
7679,12861
7680,9106
7680,9662
7682,9894
7682,11503
7682,17108
7683,18608
7683,19268
7684,8800
7684,13113
7684,13985
7685,7993
7685,13946
7685,18552
7686,17556
7687,14032
7687,14252
7688,8226
7688,8271
7688,8593
7688,10979
7688,12605
7688,15312
7688,19812
7689,13502
7689,14213
7689,14873
7691,12207
7691,17721
7692,9625
7692,11348
7692,13442
7692,13918
7692,14790
7692,17240
7693,13181
7693,16243
7693,17381
7694,9775
7695,14702
7695,15505
7696,9701
7696,15634
7696,16519
7696,19122
7696,19187
7697,8356
7697,8727
7697,9859
7697,11939
7697,15282
7698,8909
7698,9729
7698,12633
7698,12869
7698,13458
7698,15430
7698,16462
7699,7931
7699,14012
7699,15974
7699,17401
7700,10320
7701,12265
7701,14210
7701,14273
7701,17136
7701,19924
7702,8805
7702,13177
7703,9781
7703,10601
7703,13612
7703,14305
7703,14735
7703,19910
7704,8411
7704,17558
7705,12572
7705,13102
7705,13349
7705,13725
7705,14836
7705,14874
7705,16681
7706,8578
7706,14496
7707,8473
7707,8840
7707,11433
7707,11802
7707,19463
7708,12367
7708,12794
7708,14103
7708,15883
7709,8746
7709,9968
7709,13313
7709,15969
7709,16291
7709,17170
7711,9783
7711,10057
7711,10822
7711,12862
7711,13433
7711,15949
7711,16875
7712,9192
7712,11266
7712,11497
7712,13158
7712,19211
7713,12777
7714,9695
7715,10003
7715,10236
7716,15157
7716,17319
7717,15078
7717,15622
7718,11690
7718,13900
7718,15847
7719,14585
7719,15323
7719,19887
7720,8535
7720,8668
7720,11264
7720,13545
7720,13782
7720,15940
7720,15984
7720,17923
7722,11522
7722,12663
7722,13192
7722,13365
7722,19061
7723,15356
7723,16907
7724,9293
7724,9471
7724,13046
7724,19585
7724,19688
7725,14148
7725,16568
7726,9916
7726,14234
7727,8901
7727,10040
7727,10614
7727,14709
7727,15671
7727,15814
7727,18220
7727,18945
7727,19385
7729,11550
7729,18944
7731,8904
7731,9840
7731,13240
7731,16127
7731,17675
7731,18741
7731,19258
7731,19332
7732,8530
7732,8665
7732,19810
7732,19842
7732,19918
7733,8516
7733,13297
7733,15201
7734,9885
7734,13588
7734,15647
7735,9480
7735,11120
7735,13403
7735,16907
7735,17528
7736,8766
7736,11513
7736,15006
7736,17291
7737,12356
7737,13770
7737,19046
7738,8312
7738,8648
7738,13490
7738,14392
7738,15257
7739,10594
7739,11167
7739,16375
7739,17033
7740,13420
7740,15023
7741,8552
7741,10447
7741,10542
7741,12150
7741,14779
7741,16902
7741,18111
7742,9068
7742,9241
7742,9475
7742,12979
7742,14832
7742,14833
7742,15873
7742,16117
7743,9979
7743,11074
7744,14852
7745,13979
7746,10664
7746,11878
7746,14881
7746,16306
7747,9287
7747,14226
7747,17818
7748,9642
7748,16304
7749,8197
7749,8567
7749,14432
7751,8460
7752,11358
7752,15011
7753,19798
7754,8922
7754,11216
7755,14089
7755,15893
7756,14312
7756,17616
7756,19419
7757,9870
7757,13172
7757,17087
7758,10438
7758,12183
7758,13495
7758,15623
7759,9075
7759,12727
7759,14148
7760,10135
7760,12102
7760,15649
7760,19081
7760,19521
7762,8780
7762,9637
7762,10705
7762,11658
7762,13003
7762,15235
7762,19053
7763,13735
7763,17323
7763,18572
7764,14736
7765,14461
7766,14542
7766,15782
7767,17614
7768,19472
7769,12055
7769,18959
7770,11352
7771,11746
7771,15174
7771,17725
7771,18254
7772,8621
7772,10038
7772,11185
7773,9966
7773,11845
7774,9801
7775,8541
7775,10891
7775,15508
7776,12698
7777,8588
7777,10711
7777,15962
7778,14513
7778,16360
7778,18244
7779,8345
7779,8667
7779,8796
7779,10070
7779,12880
7781,16287
7781,18101
7782,14964
7783,8745
7783,9386
7783,10222
7784,8005
7784,10649
7784,11441
7784,13418
7784,19534
7785,12384
7786,8810
7786,10509
7786,11015
7786,14338
7786,17274
7786,18379
7786,18632
7787,13301
7787,15309
7787,19239
7788,7987
7788,8031
7788,11281
7788,14465
7788,14770
7789,7942
7789,10390
7789,15298
7790,12140
7790,16511
7790,18655
7790,19799
7791,13028
7792,11093
7792,15619
7792,19311
7793,10171
7793,15033
7793,15585
7793,18934
7794,11679
7794,19368
7797,8279
7797,10002
7797,10111
7797,14052
7797,15573
7797,19490
7798,8540
7798,9526
7798,12111
7798,13363
7798,14130
7798,16542
7798,19349
7799,8773
7799,16036
7800,10301
7801,12424
7801,16904
7802,8956
7802,9242
7802,10168
7802,14067
7802,16524
7802,19974
7803,14375
7803,15902
7803,17422
7804,12262
7804,15572
7804,18033
7804,19604
7805,8199
7805,10627
7806,12274
7806,12591
7806,17620
7807,8999
7807,15804
7808,9944
7808,19068
7809,12446
7809,18034
7810,12303
7810,17990
7811,8245
7811,10026
7811,13378
7812,9963
7812,10516
7812,18059
7812,19792
7813,12541
7813,15116
7814,11204
7816,13247
7817,10165
7817,10249
7817,10420
7817,11272
7817,12125
7817,12684
7817,14899
7817,17934
7818,8379
7818,9637
7818,9907
7818,13923
7818,19787
7819,8865
7819,9227
7819,12318
7819,14484
7819,18166
7819,19055
7820,17460
7821,18196
7822,10936
7822,18615
7823,9170
7823,11100
7823,14368
7823,19165
7825,14143
7825,15665
7825,15834
7826,8151
7826,10478
7826,11242
7826,15210
7826,15508
7826,16003
7827,10370
7827,15599
7827,16455
7827,19328
7827,19500
7828,13011
7829,9474
7829,10214
7829,13067
7829,14089
7830,14894
7830,17090
7830,19964
7831,15753
7832,7890
7832,8407
7832,11639
7832,12488
7832,17139
7832,19410
7833,8617
7833,10890
7833,12349
7835,8105
7835,12840
7835,15042
7835,15229
7836,8197
7836,13886
7837,10333
7837,13709
7837,16664
7837,18382
7838,12520
7839,8098
7839,9326
7839,15773
7839,18657
7839,19076
7840,9146
7840,11277
7840,14280
7840,15722
7840,16092
7840,16799
7840,19116
7841,9843
7841,13542
7841,16077
7842,9583
7843,9031
7843,11352
7844,8342
7844,13606
7844,14045
7845,12135
7845,13714
7846,15615
7846,16649
7846,17316
7846,19702
7847,8654
7847,14971
7848,11094
7848,16485
7849,11195
7849,18593
7850,8466
7850,10423
7850,13373
7850,14015
7851,10259
7851,11610
7851,14891
7852,16545
7853,8489
7853,9310
7853,9818
7853,11186
7853,13170
7853,14879
7853,15190
7853,15748
7853,15825
7853,16730
7853,16731
7853,17679
7853,19740
7854,9655
7854,19020
7855,9263
7855,10365
7856,17709
7857,9359
7857,10049
7857,13282
7857,17861
7857,19283
7858,9722
7858,19972
7859,8422
7859,9928
7859,14873
7860,15067
7860,17530
7861,9674
7862,9095
7862,10917
7862,16668
7862,17477
7863,14119
7863,15523
7864,8205
7864,15525
7865,8317
7866,11953
7866,12929
7866,13753
7866,14767
7866,17297
7867,8538
7867,10862
7867,11924
7867,13138
7867,18720
7867,19170
7867,19978
7869,8123
7869,9981
7869,11279
7869,13535
7869,14805
7869,15908
7870,14686
7870,17929
7870,19920
7871,8159
7871,14984
7871,15139
7872,9003
7872,14085
7872,14957
7872,16284
7872,19535
7873,9633
7873,13744
7873,15760
7874,8343
7874,10658
7874,13422
7874,17405
7875,8006
7875,13387
7875,15599
7876,8144
7877,11533
7877,11583
7877,13926
7877,19896
7878,8763
7879,9631
7880,14085
7881,8736
7881,12224
7881,17588
7881,19245
7882,9473
7883,9796
7883,11611
7883,15428
7883,15584
7883,18804
7884,9498
7884,17352
7885,16763
7886,8372
7886,9070
7886,9968
7887,10478
7887,10535
7887,12144
7887,14371
7888,9799
7888,11549
7889,11570
7889,11877
7889,12587
7889,14914
7889,19212
7890,8994
7890,14990
7890,16079
7890,16732
7891,18046
7892,13924
7892,15157
7892,16142
7892,16971
7893,11355
7893,18183
7893,18745
7893,18754
7893,18938
7895,11133
7895,17554
7896,8213
7896,8666
7896,17098
7897,8090
7897,8519
7897,15267
7897,18498
7898,16273
7900,9679
7900,12768
7900,14620
7900,17360
7900,18509
7900,19144
7901,9108
7901,11886
7901,11910
7902,8026
7903,13754
7903,14844
7904,11828
7905,8258
7905,10241
7905,11421
7905,12885
7905,13361
7905,14134
7905,14997
7905,18808
7906,12380
7906,13361
7906,14612
7906,16127
7906,17865
7907,10169
7907,18822
7908,9024
7908,12171
7908,13043
7909,8838
7909,10924
7909,19407
7910,9683
7910,10570
7910,15054
7910,15147
7910,16302
7910,18810
7911,8029
7911,9312
7911,11968
7911,18389
7912,16966
7912,18297
7913,14230
7913,18092
7914,9076
7914,10534
7914,17040
7914,17917
7915,9535
7915,10202
7915,15768
7916,9437
7916,12010
7916,12115
7916,12750
7916,12778
7917,8255
7917,10772
7918,17910
7919,13184
7919,14563
7921,11280
7921,11687
7921,15538
7922,9099
7923,9178
7923,12119
7923,14036
7923,14437
7923,19745
7923,19801
7924,9933
7924,16256
7924,16901
7925,8513
7925,10123
7925,12072
7926,9119
7926,9491
7926,12651
7926,19755
7927,10941
7927,12013
7928,8166
7928,13543
7928,14247
7930,10982
7930,14935
7930,18160
7930,19877
7931,8886
7932,11096
7932,18187
7934,8872
7934,15424
7934,18386
7934,19974
7935,11064
7935,12466
7936,8512
7936,9952
7936,9968
7936,14536
7936,18875
7937,11186
7937,12883
7937,16451
7938,8124
7938,12543
7938,14592
7938,15476
7938,17084
7940,12993
7940,15818
7940,18620
7940,18988
7941,15776
7942,8257
7942,10369
7942,11642
7942,19417
7942,19658
7943,18867
7944,8913
7944,9090
7944,9143
7944,17605
7945,10841
7945,10875
7946,10461
7946,17890
7946,17920
7946,19123
7947,10807
7947,12216
7947,16624
7948,16484
7949,14659
7949,15915
7949,16214
7950,8072
7950,8984
7950,11546
7950,12228
7950,15810
7950,18356
7950,18741
7952,8529
7952,10970
7952,14787
7952,15005
7952,15186
7953,9200
7953,10578
7954,9391
7954,11970
7954,13392
7954,15991
7954,17612
7955,8516
7955,8530
7955,8707
7955,13277
7955,15195
7955,16006
7956,8635
7956,11537
7956,12476
7956,13410
7956,17055
7956,18108
7956,19674
7957,13073
7957,19083
7958,16165
7959,13072
7960,9386
7960,10122
7960,11384
7960,11396
7960,14911
7960,17857
7960,17905
7960,19058
7961,8341
7961,12109
7961,14371
7961,14562
7961,15272
7962,9243
7963,8029
7963,8549
7963,9017
7964,9628
7964,9717
7964,16801
7965,8613
7965,9071
7965,10967
7966,12770
7966,13626
7966,13673
7966,13713
7967,8862
7967,9948
7967,9977
7967,11324
7967,12533
7967,13852
7967,14923
7967,17213
7967,18561
7967,19145
7967,19216
7968,8098
7968,8623
7968,18524
7969,13092
7969,15264
7969,15470
7971,8249
7971,13443
7971,14326
7971,18620
7972,13159
7972,18500
7973,9406
7973,18968
7974,9801
7974,13563
7975,9004
7975,10274
7977,8076
7977,9304
7977,11146
7977,11363
7977,13306
7978,9152
7978,9986
7978,13537
7978,14230
7978,14769
7978,16296
7978,16851
7978,17184
7978,17967
7978,19143
7979,12309
7979,14156
7980,9541
7980,16654
7981,13706
7981,18068
7981,19694
7981,19876
7982,9589
7982,11809
7983,12636
7983,17754
7983,19242
7984,9265
7984,13694
7984,17800
7986,18496
7987,15251
7988,11081
7988,13518
7989,10389
7989,11041
7989,13883
7989,14372
7989,15595
7989,18558
7990,8348
7991,16244
7992,8673
7992,12163
7994,11435
7994,11781
7994,15366
7994,18883
7995,10828
7995,15290
7996,11930
7996,12254
7997,8251
7997,8543
7997,9672
7997,10064
7997,10678
7997,11138
7997,12626
7997,17030
7997,18983
7998,8427
7998,18170
7999,14554
8000,11119
8000,11596
8000,12319
8000,14121
8000,14459
8000,15845
8001,18990
8002,16822
8003,13385
8003,15315
8003,16204
8004,8104
8004,10952
8004,12473
8004,13244
8004,15293
8004,17504
8005,11713
8005,16796
8006,13218
8007,10199
8009,9562
8009,10472
8009,12867
8009,13385
8009,17273
8010,10589
8010,10996
8010,11118
8010,13505
8010,14865
8010,16476
8011,11843
8011,19654
8012,11488
8012,11574
8012,14330
8012,19465
8013,11007
8013,11231
8013,14523
8014,8410
8014,8788
8014,9426
8015,8131
8015,12262
8015,15310
8016,10656
8016,11089
8016,14078
8017,13389
8017,15070
8017,16649
8018,10373
8018,14095
8018,14140
8018,19917
8018,19946
8020,13274
8020,13857
8020,15296
8021,8554
8021,11871
8021,13989
8022,12926
8023,10233
8023,10666
8024,11758
8024,13706
8024,15248
8025,12092
8027,10028
8027,11078
8027,16851
8028,10066
8028,12662
8028,13559
8028,17377
8029,13838
8030,8199
8030,8680
8030,8857
8030,11286
8030,12786
8030,13130
8030,13776
8030,15822
8031,9199
8031,16539
8031,17430
8032,9605
8032,9988
8032,11531
8032,12463
8032,14789
8032,19842
8033,10049
8033,10733
8034,8164
8034,8394
8034,8618
8034,18326
8036,8397
8036,13899
8036,16059
8037,13030
8038,9568
8038,9657
8040,8260
8041,10589
8041,19420
8042,9842
8042,14736
8042,19376
8043,13818
8043,18746
8044,9327
8044,10335
8044,10653
8044,12798
8044,13065
8044,16482
8044,18169
8044,18211
8046,10230
8046,18833
8047,10937
8047,12156
8047,16629
8047,19397
8048,13867
8048,19775
8049,16706
8049,16934
8049,19580
8050,14941
8050,15456
8052,10024
8053,11001
8053,11319
8053,14982
8055,8550
8055,12564
8055,13497
8055,17152
8056,9647
8056,11041
8056,17640
8057,15769
8057,16279
8057,19314
8058,10732
8058,10862
8058,11199
8058,11816
8058,13372
8058,18340
8058,19927
8059,12004
8059,12350
8059,17454
8060,10215
8060,14501
8062,12686
8062,15360
8062,17096
8062,19281
8063,10104
8063,18514
8064,18281
8065,11595
8065,14427
8066,8430
8066,10986
8066,13115
8066,14200
8067,10232
8067,11933
8067,14098
8067,15077
8068,19027
8068,19213
8069,12487
8069,18710
8071,14232
8073,8462
8073,16055
8075,11604
8075,11916
8075,16632
8075,19335
8076,12436
8076,13456
8077,10869
8077,11063
8077,12908
8077,14256
8077,15177
8077,16927
8077,19553
8077,19828
8077,19854
8078,9870
8078,11936
8078,12562
8078,17735
8079,8403
8079,8576
8079,9361
8079,10247
8079,11762
8079,12382
8079,12487
8079,15517
8079,16089
8080,10010
8080,10874
8080,11244
8080,12526
8080,17266
8083,11188
8083,13142
8083,13848
8083,14706
8083,17318
8083,18502
8084,8467
8084,10393
8084,19970
8085,13048
8086,8428
8086,10619
8086,10646
8086,11123
8086,16004
8087,9422
8087,10857
8087,17848
8088,13825
8088,18290
8088,19362
8089,11656
8089,18833
8090,10156
8090,11949
8090,13108
8090,14725
8091,13659
8092,12925
8092,17979
8092,18279
8094,11301
8094,14998
8094,17083
8094,19572
8095,9192
8095,10420
8095,16354
8095,16872
8096,10793
8096,17244
8096,19338
8097,10683
8097,17467
8097,18220
8098,14468
8099,13057
8099,13841
8099,16222
8099,17762
8100,11638
8101,11884
8101,13053
8101,14052
8101,14390
8101,19075
8102,9464
8102,10831
8103,9256
8103,12840
8103,14239
8103,15985
8103,17379
8103,17957
8104,9169
8104,10417
8104,10621
8104,11740
8104,11968
8104,12410
8104,12872
8104,14980
8104,15716
8105,13111
8105,13435
8106,12731
8106,14714
8107,13104
8107,13938
8108,8631
8108,9331
8108,13627
8108,13925
8108,17581
8108,17629
8109,19933
8110,11323
8110,11650
8110,14803
8110,15166
8110,17518
8111,9255
8111,12940
8111,18972
8112,8269
8112,10079
8112,11736
8112,13963
8112,17135
8112,17149
8112,17343
8112,18965
8113,8140
8113,12964
8113,18218
8113,19103
8114,9021
8114,16776
8114,17884
8115,9128
8115,12911
8115,13409
8116,11751
8116,17913
8117,9275
8117,19831
8118,8280
8118,13934
8118,16489
8118,16850
8119,10241
8119,11223
8119,12204
8119,13995
8119,15348
8119,18074
8120,14531
8120,14873
8120,17716
8121,11029
8122,8302
8122,16392
8123,9196
8123,9678
8126,11909
8126,16763
8126,17068
8127,9007
8127,14507
8128,11516
8128,15620
8129,12483
8129,16313
8129,17603
8130,9069
8130,16750
8131,9346
8132,12491
8132,13142
8132,15590
8132,16554
8133,8330
8133,12467
8133,16388
8133,16721
8133,18218
8133,18378
8133,18815
8135,9406
8135,10631
8135,10975
8135,11802
8136,15016
8137,12378
8138,14211
8138,16517
8138,16752
8138,16977
8139,15855
8139,19981
8141,12333
8141,14438
8142,9867
8142,10036
8142,17183
8143,13610
8143,13740
8143,18032
8144,15904
8144,19531
8146,8788
8146,9294
8146,10070
8146,11085
8146,12029
8146,16293
8146,17185
8148,13984
8148,19183
8149,10360
8149,10465
8149,13395
8149,17822
8150,12746
8150,13096
8150,16749
8151,12592
8152,13933
8153,10964
8153,10975
8153,11989
8153,12393
8153,18645
8154,9229
8154,9917
8154,13027
8154,16542
8155,13719
8156,11061
8158,8691
8158,13923
8158,14621
8158,17636
8159,10707
8159,18560
8160,8202
8160,8589
8160,11099
8160,14414
8160,19178
8162,8509
8162,12963
8162,13299
8162,16319
8163,8342
8163,8592
8163,11496
8163,12066
8163,16176
8164,13703
8164,14371
8165,12269
8165,18915
8166,8173
8166,8856
8166,9100
8166,12699
8166,14422
8167,10451
8167,11124
8167,11672
8167,12103
8167,13509
8167,13532
8167,14532
8167,14916
8167,16187
8167,19832
8168,15338
8169,12811
8169,13430
8169,13435
8170,8602
8170,10549
8170,14857
8170,14910
8170,19261
8171,11110
8171,12486
8171,16082
8173,9132
8173,11565
8173,14876
8173,15019
8173,16755
8173,18379
8173,18496
8174,12590
8174,13112
8174,14720
8174,15424
8174,17299
8175,16807
8175,19212
8176,13162
8176,13721
8176,18706
8177,10587
8177,13334
8178,9824
8178,11152
8178,13539
8178,14637
8178,17780
8178,19858
8179,9078
8179,9548
8179,10246
8179,14255
8179,16512
8179,18435
8179,18887
8180,8287
8180,9240
8180,12085
8180,13376
8180,16481
8181,8868
8181,9756
8181,10745
8181,19616
8182,13985
8182,14808
8183,17475
8184,8387
8184,12603
8184,14160
8184,19733
8185,10677
8185,11710
8185,12162
8185,12884
8185,14675
8185,14705
8185,16972
8185,19046
8185,19735
8186,8605
8186,9123
8186,11657
8186,18928
8186,19166
8187,14966
8188,13449
8188,14276
8188,15082
8188,16039
8188,19820
8189,10301
8190,9705
8190,13289
8190,13689
8190,14895
8190,18014
8191,10421
8191,12075
8191,13089
8191,17103
8191,17270
8191,17843
8193,12369
8194,8894
8194,15206
8194,15801
8195,9691
8195,14225
8195,16410
8196,8340
8196,10774
8196,12270
8196,12931
8196,18301
8198,9662
8198,10700
8198,11488
8198,12709
8198,16134
8200,8874
8200,14163
8201,8270
8201,10752
8201,11323
8201,11644
8201,12274
8201,18049
8202,8237
8202,16722
8202,17599
8203,15540
8204,9545
8204,15047
8204,16707
8204,19915
8205,15609
8206,8401
8206,9270
8206,12310
8206,12781
8206,17248
8206,18264
8207,11752
8208,8457
8208,9890
8208,12183
8209,11098
8209,14593
8209,18831
8210,13167
8211,16912
8211,17448
8211,19407
8212,10120
8212,18316
8213,11177
8213,13180
8213,15184
8213,16492
8214,9129
8214,12795
8214,13200
8214,14224
8214,19238
8215,14155
8215,19942
8216,11796
8216,12124
8216,12872
8216,16680
8217,13855
8218,8849
8218,9242
8218,10080
8218,11991
8218,17792
8220,16549
8220,17744
8220,18796
8221,10884
8221,16710
8221,19916
8222,9393
8222,17508
8223,9903
8223,14549
8223,18550
8224,8559
8224,9133
8224,11899
8224,14151
8224,17052
8225,9038
8225,9112
8225,9761
8225,10903
8225,10923
8225,11447
8225,12484
8225,13084
8225,15307
8225,16132
8225,16577
8225,19381
8226,11377
8226,12211
8226,19064
8227,8455
8227,11656
8228,13678
8228,14760
8228,18449
8228,18907
8229,8470
8230,8375
8230,8510
8231,8593
8232,14869
8233,10603
8233,10935
8233,10981
8233,11663
8233,14159
8233,15576
8233,18205
8233,18415
8233,19242
8233,19714
8233,19794
8234,12785
8234,13075
8235,8324
8235,8348
8235,11368
8235,12398
8235,13636
8235,13670
8235,17645
8236,8849
8236,10713
8236,14492
8236,17972
8236,19635
8237,14549
8238,10105
8238,13694
8238,17741
8239,8863
8239,8901
8239,11149
8240,10540
8241,10182
8241,11747
8242,14335
8243,8797
8244,11337
8245,10743
8245,11950
8245,13721
8245,15924
8245,16977
8245,19139
8247,14508
8247,19980
8248,11810
8248,12976
8248,16365
8248,16555
8248,19471
8249,8713
8249,11158
8249,13187
8249,14363
8249,14517
8249,14920
8250,17347
8251,10257
8251,11305
8251,12512
8251,12855
8252,9036
8252,9212
8253,18111
8253,18923
8254,16237
8255,8520
8256,9929
8256,9952
8257,8491
8257,11521
8257,11898
8257,13904
8258,14670
8259,11744
8260,14034
8260,15594
8261,10551
8261,12550
8262,18472
8263,10482
8263,12174
8263,14046
8263,16476
8263,18726
8263,18983
8265,9496
8265,9828
8265,13178
8265,17867
8266,18743
8267,13574
8267,14874
8268,9320
8268,17387
8269,13844
8270,12926
8270,19681
8271,12566
8271,12609
8271,14155
8271,17343
8271,18247
8272,9208
8272,15439
8272,15589
8272,15824
8272,18064
8273,10155
8273,12916
8273,14089
8273,18018
8275,9961
8275,10453
8275,10812
8275,12860
8276,9725
8277,9913
8277,11689
8277,11804
8278,19029
8279,10827
8279,12049
8279,16844
8281,10318
8281,18775
8282,9035
8282,14491
8282,19524
8284,9591
8285,9221
8285,11261
8285,16468
8286,12016
8286,15353
8286,15459
8286,15995
8286,16998
8286,17431
8286,19690
8287,9556
8288,9089
8288,10638
8288,15759
8288,18342
8290,8994
8290,10911
8290,14644
8290,16957
8290,17146
8290,19265
8290,19386
8291,8816
8291,9338
8291,16877
8291,19746
8292,12430
8292,13361
8293,14213
8293,17311
8294,9911
8294,11671
8294,16146
8294,18651
8295,18997
8296,9558
8296,13157
8297,9275
8297,14241
8297,15520
8297,19211
8297,19694
8298,9505
8298,10843
8298,11247
8298,15611
8298,16478
8299,13553
8300,12785
8300,13127
8300,13518
8300,15730
8301,8934
8301,11017
8301,11608
8301,18447
8302,11375
8302,12285
8302,17523
8304,9086
8304,9284
8304,11748
8305,8689
8305,16588
8305,18511
8307,14416
8309,10643
8309,11131
8309,12135
8309,17462
8309,18482
8309,18642
8310,8732
8310,10611
8310,11004
8310,11118
8310,13629
8310,14811
8310,19266
8310,19326
8311,11361
8311,12560
8311,12998
8312,8980
8312,12092
8312,14648
8313,8990
8313,9062
8313,12196
8313,12465
8313,13584
8313,16238
8314,10005
8314,10351
8314,11194
8314,11211
8314,11284
8314,12543
8314,19374
8316,9043
8316,13246
8316,14235
8317,9606
8317,11437
8317,15103
8318,14641
8318,19936
8319,14573
8319,17869
8320,12635
8320,16202
8321,9294
8321,12902
8321,13522
8321,18795
8321,18990
8322,11501
8322,14089
8323,11766
8323,12800
8323,13254
8323,13532
8323,16175
8323,17592
8323,19197
8324,9808
8324,9862
8324,15151
8324,15707
8325,17204
8326,8741
8328,11692
8328,14951
8328,19031
8329,12182
8330,10114
8330,11883
8330,13323
8333,10370
8333,11708
8333,11991
8333,13448
8333,14631
8333,15518
8333,17091
8333,19606
8334,12902
8334,16229
8334,17464
8334,17705
8334,19125
8335,9121
8335,16112
8336,9598
8336,10962
8336,11421
8336,13623
8336,14250
8336,16271
8336,18191
8337,8539
8337,10463
8337,12410
8338,11791
8339,13314
8339,15237
8340,14031
8341,10132
8341,10939
8342,9192
8342,13219
8342,16626
8342,19419
8343,14196
8344,8413
8344,10372
8344,10930
8344,12491
8344,12689
8344,14282
8344,17985
8345,13330
8346,8840
8346,17179
8347,10999
8347,17240
8348,9020
8348,13973
8349,9256
8349,10404
8351,11915
8351,14532
8351,16012
8352,8915
8353,8391
8353,8989
8353,12503
8354,12430
8354,13997
8354,19860
8355,9457
8355,12672
8355,18127
8356,8445
8356,10200
8356,10957
8356,11858
8356,12624
8356,13957
8357,11614
8357,11772
8357,12414
8357,12555
8357,13352
8357,18664
8357,18885
8358,11351
8359,9059
8359,9495
8359,12132
8359,13757
8359,16687
8359,17959
8359,19479
8360,10074
8360,11749
8361,8734
8361,15593
8362,13625
8363,9049
8363,11260
8363,11743
8363,11772
8363,11901
8363,11944
8363,14739
8364,16541
8364,19469
8365,12517
8366,9072
8366,9551
8366,10425
8366,18831
8367,9093
8367,9172
8367,9967
8367,12177
8368,19838
8369,9705
8369,13037
8369,18564
8371,10226
8371,12055
8371,12147
8371,12795
8371,13267
8371,18114
8372,11831
8372,19151
8372,19158
8372,19533
8373,18095
8373,18904
8374,17747
8375,11715
8375,11808
8375,12620
8375,14004
8376,10351
8376,10589
8376,10920
8377,10100
8378,9123
8378,9252
8378,10153
8378,11697
8378,13770
8378,16496
8378,17217
8379,12998
8380,9948
8380,11646
8380,12164
8380,19017
8381,8764
8381,9174
8381,10225
8381,14875
8381,16664
8381,18486
8382,11659
8383,8636
8383,10039
8384,10906
8384,10917
8384,11082
8384,11242
8384,15927
8385,9661
8385,16268
8385,18272
8385,18441
8386,16305
8386,18826
8387,17478
8389,10736
8390,8506
8390,8649
8390,11058
8390,11154
8390,13667
8390,19316
8391,9584
8391,11085
8391,15224
8391,16759
8391,17411
8392,9238
8392,13137
8394,8780
8394,11794
8394,12781
8394,14737
8394,15304
8394,17680
8395,10196
8395,12216
8396,9292
8397,11695
8398,8591
8398,12031
8398,19551
8400,12277
8400,13811
8400,14483
8400,14803
8400,15551
8401,11462
8401,11541
8401,11641
8401,17221
8401,17340
8401,18570
8401,19775
8402,9151
8402,11083
8402,12117
8402,12685
8402,13367
8402,15954
8403,8948
8403,10343
8403,10972
8403,15728
8403,19546
8404,13639
8404,14005
8404,18647
8405,9286
8405,11375
8405,11971
8405,13464
8405,14451
8405,15044
8405,15150
8405,16152
8406,10395
8407,11988
8407,12688
8407,13193
8407,14323
8408,8792
8408,9063
8408,9404
8408,10990
8408,12845
8408,14316
8408,16897
8409,9164
8409,9387
8409,10058
8409,10227
8409,11651
8409,13593
8409,13688
8409,15606
8409,19705
8409,19925
8410,9268
8410,16188
8410,19391
8411,8561
8411,13319
8411,14807
8411,19186
8412,13378
8413,8706
8413,9220
8413,13133
8413,14376
8413,16295
8414,10017
8414,15829
8414,18387
8415,9225
8415,9362
8415,12329
8416,10001
8416,13762
8416,14667
8416,18041
8417,10343
8417,18049
8418,12789
8418,17389
8418,18561
8419,13842
8419,18060
8420,9723
8422,9614
8422,12780
8422,19945
8423,12384
8423,12565
8423,17505
8424,9636
8424,14584
8424,15343
8425,11808
8425,12641
8425,18480
8426,9855
8426,13635
8427,10062
8427,16882
8429,12305
8430,10131
8430,11276
8430,16203
8431,14463
8433,9010
8433,12509
8433,15934
8433,17389
8434,8622
8434,12683
8434,14749
8435,8586
8435,8725
8435,8998
8435,9535
8435,15012
8435,15096
8435,17040
8435,17451
8435,19573
8435,19597
8436,17929
8437,10925
8437,13183
8437,16127
8438,11690
8438,12595
8438,13423
8438,16385
8439,11360
8439,14707
8440,8518
8441,14453
8441,17577
8442,11547
8442,13991
8442,14672
8442,14720
8442,16644
8443,18282
8444,11734
8444,14948
8444,19386
8446,14991
8447,11803
8447,12154
8448,10331
8448,13978
8449,15899
8449,18726
8450,8747
8450,9868
8450,10523
8450,14538
8450,15313
8450,18498
8451,10215
8451,12904
8451,13188
8451,13550
8451,14487
8451,16753
8451,17057
8453,14183
8453,16444
8454,11656
8455,11866
8455,12449
8455,16579
8455,17169
8456,9905
8456,13723
8457,18451
8457,18851
8458,11308
8458,13003
8458,17946
8460,10564
8460,12223
8460,14444
8460,17632
8460,17784
8461,8729
8461,9043
8461,9886
8461,10783
8461,18444
8462,11119
8462,15482
8462,16149
8463,8957
8463,15827
8463,16273
8463,19478
8464,14290
8465,11957
8465,18497
8466,10341
8466,12307
8466,12417
8466,19076
8467,16616
8467,19539
8468,12798
8468,16959
8469,16396
8469,19030
8470,9861
8470,12578
8470,14701
8471,12377
8474,15246
8474,17802
8475,11439
8475,16145
8475,16685
8475,17307
8476,10909
8476,13051
8476,14144
8476,18693
8477,9075
8477,13501
8477,13571
8477,18468
8478,11801
8478,15621
8479,11533
8479,15645
8479,15960
8480,13828
8480,17187
8480,18643
8481,8784
8481,10896
8481,11579
8482,8618
8483,9466
8483,12613
8483,14737
8483,15833
8484,12762
8484,16683
8484,17552
8484,18162
8486,11396
8487,11876
8487,12755
8487,19788
8488,15324
8489,9257
8489,11543
8489,16244
8490,17718
8491,8537
8491,11286
8491,12233
8491,12458
8491,13615
8491,14393
8491,17941
8491,19982
8492,9729
8492,10155
8492,16081
8493,11922
8494,15979
8496,9797
8496,12708
8496,14786
8496,17105
8496,18506
8496,18970
8496,19792
8497,11132
8497,12251
8497,13728
8497,16937
8497,18133
8497,19871
8498,8524
8498,18317
8499,8661
8499,17136
8500,9779
8500,12304
8500,12361
8501,18029
8502,10261
8502,11998
8502,13184
8502,14902
8502,16019
8502,17991
8502,19511
8502,19814
8503,11270
8503,14111
8503,15553
8503,19809
8504,10953
8504,11077
8504,12501
8504,12868
8506,10537
8507,16129
8508,11332
8508,13837
8508,17904
8508,18938
8509,9642
8509,13194
8509,13909
8510,9989
8510,10720
8510,12742
8510,12875
8510,14471
8511,9540
8511,9831
8511,15244
8511,18202
8512,8821
8512,18033
8513,10877
8513,19412
8514,9826
8514,11571
8514,14828
8515,15120
8516,8777
8516,14067
8516,14718
8516,17104
8516,17672
8517,10124
8517,10391
8517,11921
8517,15121
8517,16054
8517,18556
8518,10313
8518,12052
8518,17770
8519,8782
8519,8875
8519,11502
8519,12061
8519,13840
8519,14202
8520,12364
8520,15552
8520,15955
8521,14682
8522,8839
8522,11600
8523,11413
8524,9100
8524,10425
8524,10432
8524,15002
8525,12802
8525,15980
8526,8972
8526,10819
8526,11206
8526,11461
8526,15620
8527,10315
8527,14126
8527,15888
8527,16772
8528,10650
8528,15710
8529,14011
8529,18347
8531,10386
8531,10690
8531,12203
8531,12209
8531,12677
8531,15187
8532,11628
8532,12420
8532,14302
8532,18213
8533,9312
8533,13452
8533,16037
8533,17882
8534,16603
8534,17655
8535,13706
8536,8662
8536,9232
8536,9422
8536,11193
8536,11204
8536,13094
8536,16817
8537,10103
8537,11013
8538,9583
8539,14234
8539,17961
8540,13656
8541,8883
8541,9316
8543,9559
8543,12482
8543,14712
8543,17057
8544,13494
8544,15852
8544,15944
8545,10231
8545,13212
8547,10974
8547,14086
8547,14342
8547,18414
8548,10882
8548,11000
8548,17811
8549,9761
8549,10435
8549,11392
8549,13642
8549,15711
8549,16046
8549,16921
8550,9592
8550,10244
8550,12049
8550,16900
8550,17801
8550,17884
8550,18663
8551,11932
8551,13745
8551,14350
8551,16803
8552,10289
8552,10453
8552,11603
8552,19126
8554,10951
8554,12431
8554,13485
8554,16064
8556,9944
8556,13237
8557,9921
8557,14259
8557,14543
8558,10541
8558,12439
8558,12583
8558,13902
8558,17549
8559,9318
8559,11241
8559,14660
8559,15865
8560,11601
8562,8944
8562,12219
8562,12652
8562,12849
8562,19284
8563,12854
8563,18601
8564,14577
8564,17211
8564,17236
8564,19032
8565,8894
8565,12747
8565,13937
8565,14307
8565,14951
8566,8811
8566,14692
8567,10245
8567,15240
8567,18149
8567,19579
8568,8913
8568,9751
8568,10687
8568,12186
8569,9030
8569,9944
8569,11784
8569,14779
8570,9768
8570,10595
8570,13360
8571,9625
8572,11089
8572,13361
8572,17777
8573,13789
8574,9476
8574,12645
8574,14251
8576,8785
8577,9959
8577,11034
8577,11582
8577,16868
8578,11013
8578,11867
8578,12274
8578,14360
8579,9681
8579,10210
8579,19016
8580,13630
8582,17786
8583,10554
8583,10894
8583,13391
8584,10027
8584,14380
8585,10311
8585,16604
8586,9496
8586,11172
8586,13731
8586,16469
8586,17688
8586,18401
8586,19002
8587,9334
8587,11922
8587,13127
8588,12258
8589,8985
8589,11532
8589,12000
8590,9159
8590,12475
8592,8863
8592,9100
8592,12299
8592,16569
8592,18153
8593,13669
8593,17547
8594,9641
8594,13568
8594,17988
8594,19075
8595,10125
8596,9445
8596,14473
8596,19179
8597,13095
8597,15378
8597,15401
8598,11899
8599,15579
8599,16083
8599,16965
8600,9776
8600,10954
8600,11866
8600,17242
8600,17860
8601,9419
8601,15977
8603,12071
8603,14684
8604,18396
8606,9077
8606,9948
8607,11011
8607,14351
8608,11547
8608,13145
8610,9446
8610,10189
8610,17176
8610,19544
8612,8742
8612,8972
8612,12468
8612,15138
8612,18388
8612,18574
8613,9132
8613,9353
8613,11179
8613,11943
8613,19357
8614,9970
8615,8718
8616,11880
8616,16515
8616,17091
8617,9190
8618,12494
8618,12651
8619,8763
8619,13019
8619,13468
8619,16242
8619,17543
8619,18270
8620,8731
8620,10060
8620,10357
8620,11021
8620,13071
8620,15201
8620,16474
8620,19036
8621,13839
8623,8660
8623,19563
8624,9180
8625,10046
8625,19696
8626,10787
8627,10497
8627,11077
8627,14713
8627,16155
8627,16204
8627,16222
8627,16714
8627,17906
8627,18815
8628,10681
8628,12546
8628,12593
8628,18260
8628,18819
8629,11187
8631,10719
8631,12736
8631,15358
8632,17679
8633,17901
8635,12387
8635,14258
8635,17230
8637,8672
8637,11931
8637,15706
8638,11128
8638,12457
8638,12861
8638,13358
8638,14975
8638,15184
8639,9616
8639,12767
8640,10923
8640,15511
8641,10101
8641,17866
8642,9313
8642,12909
8642,14128
8642,16008
8642,16050
8642,18120
8643,11633
8643,19766
8644,11423
8644,15790
8645,9077
8645,9917
8647,8762
8648,8681
8648,10686
8648,13782
8648,13981
8648,16431
8648,17313
8648,17502
8650,8760
8650,16531
8650,18683
8650,19649
8651,9264
8651,10404
8651,12187
8651,14083
8652,11015
8653,10166
8653,13497
8653,19795
8654,16218
8654,16696
8655,10959
8655,11509
8655,18873
8656,9268
8656,13048
8656,14698
8657,9430
8657,12148
8657,12173
8657,14530
8657,16435
8658,9177
8658,9693
8658,10816
8658,12872
8658,14584
8658,15989
8658,17211
8658,18778
8659,8924
8659,9495
8659,12633
8659,17171
8660,16013
8661,8922
8661,11869
8661,14701
8662,9853
8662,10520
8662,10644
8663,9226
8663,12722
8663,18555
8664,11739
8664,14337
8664,18150
8666,18388
8667,9341
8667,14030
8667,18149
8668,12507
8669,9477
8669,12479
8669,13799
8669,15769
8669,18042
8670,17243
8671,9616
8671,9798
8672,10503
8672,15015
8674,10465
8674,14889
8675,9205
8676,11381
8676,13438
8676,17699
8677,8735
8677,12557
8677,18713
8678,9693
8678,10063
8678,12265
8678,16713
8679,8937
8679,9499
8679,13780
8679,17190
8679,19126
8680,13525
8681,12868
8683,8884
8683,15238
8683,17766
8684,10863
8684,11911
8684,19402
8685,11716
8685,12116
8685,14761
8685,18027
8685,19151
8685,19952
8686,16666
8687,12682
8687,17062
8687,17213
8687,18369
8688,10394
8688,10444
8688,11240
8688,17884
8689,11924
8689,15487
8690,13363
8691,13167
8692,19685
8693,10995
8693,12899
8694,9858
8694,13180
8695,13026
8695,17244
8695,17988
8696,9754
8697,12281
8697,14059
8698,9280
8699,11862
8699,14854
8699,16158
8699,18814
8700,11729
8701,16744
8701,16758
8705,9912
8705,13009
8705,13347
8705,14068
8705,15832
8705,18623
8705,19138
8706,13730
8707,10188
8707,12056
8707,14636
8707,15432
8707,15544
8707,17182
8707,19272
8707,19762
8708,16833
8708,19874
8709,16905
8709,18798
8710,9991
8710,13226
8710,16964
8710,17901
8710,19231
8711,10512
8712,15219
8713,12960
8714,9512
8714,9890
8714,13537
8714,17641
8715,12178
8715,17873
8716,10317
8716,15605
8716,16271
8717,9153
8717,10210
8717,15104
8718,12332
8718,12928
8718,14574
8719,9520
8720,9319
8720,10242
8720,13476
8720,14858
8720,16643
8720,18765
8721,13461
8721,17520
8722,9554
8722,12475
8722,12943
8723,12002
8724,8855
8724,14856
8724,15535
8725,12152
8727,9188
8727,9780
8727,11603
8727,13070
8727,15304
8727,19320
8727,19951
8729,8800
8729,8832
8729,13965
8729,15548
8729,18278
8729,19262
8729,19381
8730,10322
8730,10624
8730,14046
8731,13390
8732,10282
8732,14585
8732,14940
8734,9364
8734,9797
8734,10615
8734,13671
8735,18452
8736,9416
8736,14013
8737,13748
8738,8834
8738,18980
8739,9447
8739,10875
8739,17536
8739,18368
8740,8850
8740,11855
8740,12575
8740,13790
8742,9372
8742,12971
8742,14101
8742,15802
8743,9345
8743,10096
8743,17655
8743,18701
8744,11369
8744,15709
8745,16381
8746,9854
8747,10181
8747,17850
8748,13093
8748,13325
8748,17163
8748,17931
8749,9880
8749,15071
8751,13668
8751,14206
8751,14456
8751,15640
8752,14822
8752,18736
8753,9590
8753,12531
8753,13419
8753,13492
8753,13701
8754,12877
8754,14768
8755,9075
8755,12461
8755,18404
8756,15291
8758,9427
8759,12184
8759,19782
8761,8788
8761,10172
8761,11798
8761,14445
8762,9984
8762,10217
8762,12559
8762,12981
8762,14930
8762,15413
8762,15441
8762,16866
8763,8904
8763,15048
8764,11009
8765,15239
8765,19728
8766,11624
8766,14609
8766,17024
8766,17749
8767,12061
8767,16667
8768,18980
8769,15824
8769,18475
8770,15955
8770,16034
8771,14767
8772,9461
8772,13242
8774,10101
8774,10152
8774,10568
8774,10681
8774,13650
8774,14144
8776,11928
8776,15857
8776,16108
8776,18376
8777,11694
8777,14890
8778,12866
8778,15775
8779,12821
8779,14371
8779,14715
8779,16140
8780,11065
8780,14037
8781,12376
8781,19753
8782,12445
8782,14040
8783,8786
8783,15230
8783,16707
8784,8859
8785,14863
8786,8898
8786,12703
8786,13870
8786,15312
8786,17208
8787,12763
8787,17208
8787,19763
8788,9050
8790,13685
8790,14959
8790,15574
8790,19967
8792,16822
8793,10050
8793,13534
8794,10075
8794,10250
8794,19358
8795,9912
8795,11691
8795,13307
8795,13512
8795,15413
8795,15441
8795,18174
8795,19023
8796,10252
8796,11348
8796,12347
8796,13968
8796,18361
8796,19832
8797,9961
8797,14360
8797,17222
8797,19835
8798,9449
8798,10543
8798,10873
8798,15999
8798,16542
8798,17207
8799,11403
8799,14920
8799,17822
8800,9643
8800,16431
8801,10428
8801,13056
8801,14789
8801,16338
8801,19979
8802,8948
8802,15542
8802,16724
8803,17387
8804,9459
8804,16629
8806,9486
8806,15702
8807,8809
8807,12300
8807,13755
8807,14329
8807,17672
8808,12103
8809,16126
8809,19431
8810,12289
8810,15247
8810,17119
8810,19116
8811,10913
8811,19569
8812,9092
8812,9681
8812,10824
8812,12111
8812,13401
8812,14531
8815,11134
8815,12621
8815,15868
8815,18551
8817,11582
8817,15180
8817,18409
8818,14402
8818,16184
8818,19041
8819,13646
8819,15031
8819,15090
8819,15640
8819,17454
8820,9415
8820,11340
8820,15329
8821,9271
8821,11649
8821,11710
8821,14668
8821,16952
8821,17729
8821,19638
8822,10588
8825,9030
8825,14709
8826,17923
8827,10555
8827,10919
8827,13464
8828,13914
8828,17837
8829,12882
8829,14859
8829,16336
8829,16946
8829,16988
8830,9029
8830,13299
8831,16883
8831,19858
8832,15551
8832,18131
8833,8997
8833,10526
8833,11225
8833,11867
8833,18119
8833,18480
8834,11287
8834,12006
8834,13560
8834,16896
8834,19793
8835,10220
8836,12087
8836,13434
8836,15837
8836,19536
8837,11288
8837,12019
8837,15042
8838,11384
8839,11509
8839,13001
8839,17385
8839,18840
8840,11606
8840,14496
8840,16419
8840,18614
8841,9654
8841,11873
8841,18659
8842,12255
8842,13007
8842,19694
8843,12507
8843,15723
8843,16655
8843,17122
8843,17245
8844,9172
8844,9690
8844,10242
8844,15886
8844,16723
8845,16153
8845,17669
8846,14690
8846,17711
8846,18919
8847,19879
8848,11059
8849,10898
8849,17451
8849,19309
8850,11636
8850,15240
8851,16888
8852,10498
8852,16090
8852,19140
8853,11200
8853,11558
8853,13488
8854,13952
8854,16632
8856,9838
8856,12151
8857,9826
8857,11635
8859,10611
8860,11165
8860,17275
8861,9304
8861,13234
8861,18961
8862,8898
8863,10174
8863,12376
8863,14801
8863,15846
8864,10600
8864,13977
8864,16153
8864,19743
8865,14327
8865,18242
8866,8987
8867,11338
8867,17602
8867,18316
8868,10388
8868,11496
8868,19990
8869,11007
8870,10407
8870,11367
8870,16827
8870,19709
8872,18603
8876,9075
8876,12450
8876,13908
8876,15030
8876,19320
8877,14138
8879,13780
8879,19040
8880,10272
8880,12612
8880,14688
8881,9553
8881,13049
8882,9202
8882,9564
8882,10334
8882,18717
8883,9707
8883,12825
8883,15699
8883,15951
8883,17641
8883,19635
8884,12181
8884,13348
8884,17260
8884,17394
8885,12575
8885,15655
8886,10826
8886,13884
8886,18649
8887,10299
8887,17521
8887,19338
8888,11184
8888,19279
8888,19601
8889,10709
8890,9533
8890,9851
8890,15303
8890,16020
8891,10786
8891,11743
8891,12059
8891,15166
8893,11102
8893,13954
8893,14809
8896,9662
8896,11958
8896,12655
8896,18675
8896,19113
8898,10947
8898,11016
8899,16628
8900,9350
8900,11536
8900,12431
8900,14362
8900,16344
8901,10903
8901,11787
8901,12309
8902,10978
8902,11684
8903,11694
8903,13504
8903,16241
8903,17356
8904,10250
8904,11127
8904,13286
8904,14862
8904,18721
8905,9361
8905,12006
8905,15340
8905,17551
8905,18170
8906,17702
8907,12293
8909,9503
8909,10146
8910,8957
8910,14453
8911,13892
8911,14317
8911,15604
8912,9652
8912,12725
8912,13230
8912,18688
8913,8986
8915,9923
8915,13797
8917,9082
8917,10027
8917,10597
8917,13135
8917,18068
8918,9374
8918,9581
8918,9626
8918,13189
8919,15525
8920,17814
8920,19953
8922,10575
8922,15509
8922,16352
8923,10001
8923,19167
8924,10113
8924,11795
8924,11869
8924,12022
8924,14116
8924,14229
8924,18002
8925,10209
8925,10378
8925,17155
8927,10572
8927,13722
8927,16129
8928,14272
8928,14422
8928,18484
8929,12169
8930,13563
8931,10443
8931,11058
8931,14426
8932,11474
8932,11713
8932,11878
8932,13812
8932,15594
8934,12173
8934,15044
8934,17816
8934,19649
8935,10567
8935,10921
8935,11673
8935,15764
8935,18073
8936,11140
8936,13221
8939,11268
8939,19514
8940,15201
8941,9288
8942,13908
8942,17606
8942,19411
8943,12295
8943,16587
8943,17608
8943,18008
8944,9752
8944,11681
8944,11708
8944,15031
8944,19501
8945,11688
8946,10163
8946,12913
8946,14485
8946,14997
8946,16933
8947,9084
8947,10298
8947,16816
8948,11095
8948,15357
8948,18003
8950,8977
8951,16978
8952,17838
8954,18898
8955,15531
8955,17055
8956,11852
8958,13056
8958,13150
8958,17874
8959,10511
8959,13758
8959,17492
8960,15128
8961,9016
8963,9412
8963,11813
8964,11957
8964,15565
8965,11004
8965,17336
8966,14406
8966,14704
8966,14724
8967,11402
8967,15914
8968,9426
8968,10397
8969,10346
8969,11214
8969,17500
8970,14837
8972,19465
8974,14239
8974,15079
8974,17283
8974,17372
8974,17995
8974,19518
8975,17553
8976,10347
8977,17491
8978,15374
8979,9692
8979,11809
8979,14273
8981,9360
8981,15277
8983,16482
8983,18237
8983,19058
8984,16999
8985,10450
8986,12916
8986,13837
8987,16503
8988,9814
8988,9849
8989,11502
8989,17264
8990,18095
8990,19654
8991,9295
8991,10751
8992,9930
8992,11431
8992,14077
8992,14326
8992,14772
8992,15084
8992,17797
8992,19181
8993,9150
8995,15413
8995,19440
8997,14608
8997,19635
8999,11117
8999,11298
8999,14163
8999,17368
8999,17775
9002,12552
9002,14566
9002,15078
9002,18840
9003,11070
9003,12810
9003,18121
9004,14384
9004,17836
9005,11809
9005,13008
9007,9821
9007,13999
9007,16407
9007,17229
9008,12515
9009,9614
9009,11566
9009,19109
9010,14085
9010,14512
9011,9686
9011,16617
9012,11182
9012,12627
9012,16806
9013,12406
9013,14449
9013,15049
9013,15178
9013,17897
9015,13027
9016,9743
9016,9857
9016,10717
9016,15375
9016,16332
9017,16652
9018,12222
9018,14614
9019,12641
9020,9081
9020,9835
9020,11406
9020,11534
9020,14313
9020,17621
9021,10180
9021,11174
9021,11304
9021,13479
9021,14141
9021,15560
9021,15591
9021,15874
9021,16334
9021,18524
9022,9632
9022,10713
9022,11472
9022,13095
9022,16969
9022,17443
9023,9881
9023,10702
9023,10712
9023,15790
9024,9546
9024,15452
9024,18742
9025,19067
9026,15674
9027,11424
9027,14277
9028,10103
9028,10628
9028,13794
9028,18337
9029,9739
9029,17785
9030,18243
9030,18988
9030,19707
9031,15067
9032,14001
9032,16119
9034,13536
9034,17657
9036,10383
9036,15000
9036,17046
9036,17871
9036,17935
9037,13381
9038,11578
9038,18389
9038,19480
9040,13963
9040,16512
9041,10335
9041,11993
9041,12359
9042,11614
9042,13034
9043,9166
9043,12481
9043,16953
9043,19243
9043,19492
9044,9594
9044,13276
9044,15772
9044,18678
9045,10067
9045,17396
9046,10556
9046,12359
9047,11249
9047,14092
9047,15500
9047,15780
9047,16601
9047,18721
9048,10371
9048,18888
9049,13342
9049,18313
9050,10381
9050,11343
9051,12098
9052,11169
9054,11418
9054,14366
9054,17966
9055,9413
9055,10474
9055,12438
9055,14963
9055,15769
9055,17274
9056,9511
9056,13364
9056,14806
9057,10078
9057,12796
9058,13087
9058,15253
9058,18131
9058,19776
9059,12504
9060,10895
9060,14227
9061,9793
9061,10612
9061,10956
9061,12730
9061,14100
9061,18330
9064,9364
9064,12138
9064,15446
9065,19021
9066,11773
9066,12112
9066,12645
9066,14727
9066,16286
9066,19532
9067,11678
9067,14454
9068,10797
9069,12156
9069,14209
9069,18123
9069,18657
9070,13945
9070,15616
9071,11224
9071,14018
9071,14854
9072,9649
9072,11361
9072,11692
9073,12642
9073,15058
9073,17524
9073,19231
9073,19732
9074,10549
9074,10569
9074,10628
9075,10836
9076,18039
9077,13208
9077,14241
9078,9916
9078,10188
9078,13467
9078,14031
9078,14946
9079,13016
9079,16057
9079,16411
9079,18157
9079,18436
9079,19181
9080,14544
9080,18124
9081,11222
9081,12541
9081,13693
9081,13852
9081,14188
9081,16679
9081,18414
9082,9377
9082,18407
9083,13458
9084,9982
9085,13424
9085,13427
9085,13766
9085,14423
9085,15052
9086,13999
9087,16598
9088,12039
9088,13844
9088,14206
9088,16358
9088,18551
9089,10215
9089,12327
9089,15185
9089,16662
9090,9730
9090,9976
9090,11547
9091,19964
9092,10786
9092,13264
9092,17230
9095,11645
9095,17854
9096,16980
9097,9753
9097,12764
9097,17007
9097,19952
9098,10176
9099,17733
9101,11191
9101,14482
9101,14548
9101,15156
9101,18115
9102,10299
9102,13750
9102,14760
9102,17923
9103,18058
9104,9700
9104,10590
9104,12022
9104,13747
9104,15096
9104,19980
9105,13020
9105,14274
9105,14304
9105,14377
9105,19005
9105,19461
9106,10636
9106,11962
9106,13697
9106,15605
9107,13075
9108,11954
9108,17520
9109,9914
9109,11774
9109,14093
9109,17487
9110,9303
9111,9781
9111,9835
9111,14868
9112,9805
9112,13227
9113,12034
9113,15877
9114,9622
9114,10952
9114,11448
9114,19368
9115,13673
9115,13801
9115,14188
9115,16607
9115,19035
9116,11375
9116,18922
9117,13157
9117,15900
9118,10466
9118,19025
9119,9971
9119,12441
9119,14056
9120,12197
9120,16299
9121,12325
9121,17633
9123,9706
9123,19522
9124,19437
9125,9729
9125,15936
9125,16251
9127,10124
9127,11071
9127,12411
9127,12674
9127,19146
9128,19292
9129,13920
9129,14498
9129,16456
9131,9742
9131,10226
9131,10743
9131,12122
9131,16259
9131,17633
9131,19948
9132,14991
9132,19213
9133,13604
9134,10361
9134,12829
9134,19238
9136,10494
9136,10588
9136,16423
9136,19591
9137,12992
9137,14115
9137,16419
9138,14886
9139,12026
9140,12581
9140,14289
9141,13437
9142,12007
9142,17137
9143,12014
9143,17731
9144,11875
9144,13808
9144,18292
9145,15077
9145,19063
9147,9264
9148,13288
9149,9363
9149,13161
9150,17795
9151,11474
9151,16642
9152,13153
9152,13516
9152,16660
9152,17732
9152,18908
9154,18358
9155,12168
9155,19936
9156,10082
9156,13390
9156,15996
9157,12473
9157,16532
9159,13630
9159,18623
9159,18931
9160,14503
9161,17581
9162,11141
9162,12503
9162,14321
9162,16627
9162,17987
9163,12248
9163,16973
9164,12278
9164,17332
9164,19184
9165,16363
9166,11895
9166,17350
9167,14495
9167,16806
9168,11993
9168,19932
9169,18270
9169,19085
9170,9910
9170,10383
9170,13056
9171,12596
9171,15013
9172,12042
9172,12439
9172,17436
9173,10387
9173,11175
9174,14279
9174,15437
9174,17328
9175,15867
9176,18895
9178,9789
9179,10679
9179,13103
9179,17553
9179,19454
9180,9244
9180,10924
9181,12691
9181,13861
9181,14368
9181,16698
9181,18870
9182,9858
9182,10641
9182,15851
9182,17463
9183,15866
9183,16057
9184,10974
9184,13600
9185,18853
9186,18319
9186,19227
9187,9197
9187,10505
9187,12732
9187,13823
9188,16498
9188,17579
9189,12583
9189,16136
9190,12046
9190,12265
9190,13076
9190,14536
9190,15674
9191,16505
9191,18098
9192,12616
9192,18686
9193,9366
9193,10302
9193,12551
9193,13826
9193,15268
9193,17652
9194,10914
9194,11632
9194,12524
9194,13342
9194,14535
9196,9763
9196,11824
9196,18172
9198,16351
9198,17423
9199,15515
9199,15959
9199,16140
9200,9756
9200,9884
9200,10741
9200,12996
9201,9810
9201,11112
9201,15459
9202,10306
9202,10467
9202,13331
9202,13590
9202,15822
9203,13552
9203,14460
9203,15972
9205,14136
9207,13432
9207,14607
9208,11952
9208,12305
9208,13996
9208,15094
9210,9265
9210,10133
9210,10183
9210,13220
9210,13947
9210,15874
9210,19340
9211,14801
9211,15882
9212,13427
9212,17368
9213,11266
9213,17260
9214,11044
9214,11458
9215,10844
9215,13499
9215,16430
9215,16898
9216,10658
9216,17150
9216,18343
9217,12545
9217,18720
9218,9754
9218,10611
9218,17326
9219,15566
9220,14787
9221,14444
9222,11228
9222,11345
9222,12107
9222,15547
9222,16732
9222,17718
9223,11098
9223,14789
9223,17921
9223,19894
9224,12667
9225,11460
9225,11913
9226,9415
9226,19832
9228,9848
9228,11956
9229,9969
9230,10413
9230,13074
9230,13916
9230,14692
9230,19880
9231,13759
9231,18191
9231,19602
9235,9895
9235,10063
9236,9520
9236,18210
9236,18586
9237,13680
9237,17632
9240,9262
9240,10116
9240,12943
9240,14256
9240,15821
9242,18472
9243,11554
9244,14938
9244,19528
9245,14430
9246,14620
9246,17353
9246,17646
9246,17692
9246,17869
9246,19561
9246,19608
9247,11809
9247,12260
9247,16585
9248,19247
9250,12146
9250,15509
9251,9460
9251,12411
9251,13211
9251,14935
9251,16428
9251,18529
9251,19393
9252,9261
9254,12394
9254,14369
9254,15031
9255,9690
9255,15907
9257,18446
9258,13041
9258,19436
9259,12357
9260,9709
9260,18442
9260,19947
9261,12153
9262,15702
9262,19875
9263,10196
9263,13462
9263,15734
9263,18895
9264,11015
9265,12732
9265,14408
9265,15138
9266,9739
9266,10267
9266,17556
9267,17756
9268,10560
9268,13566
9269,11674
9269,15260
9269,15828
9271,15098
9272,18383
9273,9303
9275,12264
9275,12366
9275,13397
9276,9592
9276,10327
9276,10929
9276,11750
9276,15373
9276,16522
9279,11903
9279,17769
9279,18476
9280,12136
9280,12271
9280,15796
9280,15934
9280,18132
9281,13641
9281,18180
9282,15646
9283,12474
9283,14065
9283,16631
9283,18813
9283,19275
9284,9902
9284,9933
9285,18607
9286,17460
9287,12976
9287,13205
9287,13453
9287,19196
9288,13109
9289,11467
9289,15537
9290,9446
9290,9534
9290,10381
9290,19487
9291,15087
9292,10556
9293,16817
9293,18747
9296,10392
9296,10742
9296,11005
9296,11762
9296,14735
9296,16690
9297,11674
9297,12991
9298,13795
9298,15072
9298,19793
9299,17946
9300,11852
9301,16560
9301,19219
9302,12241
9302,13863
9303,9410
9303,17163
9304,10553
9305,10324
9305,12674
9305,15967
9305,18971
9306,12407
9306,14429
9306,14651
9306,15329
9307,9496
9307,10284
9307,15160
9307,15894
9307,17802
9307,18597
9307,18899
9308,12273
9308,12956
9308,13034
9308,13607
9308,18403
9309,18192
9309,19996
9310,9713
9310,12268
9310,16906
9310,17595
9311,10136
9311,11873
9313,9806
9313,10132
9313,14437
9313,18393
9314,15843
9314,15926
9315,10696
9315,12054
9315,16149
9316,12648
9317,9430
9318,13843
9318,14794
9319,10066
9319,12124
9319,13776
9319,17174
9320,13747
9320,16702
9320,17066
9320,18509
9321,15685
9322,12936
9322,15609
9322,19967
9323,9877
9323,15603
9324,13519
9324,14077
9326,9722
9326,14415
9327,12200
9327,12759
9327,19703
9328,11727
9329,11763
9329,12083
9329,12886
9329,14080
9329,15938
9330,9878
9330,10738
9330,15782
9331,9867
9331,13836
9332,16169
9332,18561
9336,9462
9336,13239
9336,13686
9336,16027
9336,18842
9338,15934
9338,16633
9338,17272
9338,17794
9339,12492
9340,13396
9340,14818
9340,16997
9341,9895
9341,19777
9342,9804
9342,9862
9342,10339
9342,11654
9342,16800
9342,18694
9343,11801
9343,14882
9344,12095
9344,17891
9344,19889
9345,13061
9346,9563
9347,15382
9348,13753
9349,12225
9349,14619
9349,14886
9349,17752
9350,9440
9350,11073
9350,12179
9350,14685
9350,17174
9352,9913
9352,10206
9352,10769
9353,9708
9353,14375
9353,14894
9353,16077
9353,17519
9353,19031
9353,19864
9354,9594
9355,9692
9355,11222
9355,16000
9355,18975
9356,9986
9356,11773
9356,18495
9356,19744
9357,13832
9357,15838
9359,10800
9360,9576
9360,10967
9360,14025
9360,14429
9361,9699
9361,15311
9362,9730
9362,10309
9362,11211
9362,12321
9362,12783
9362,19744
9364,10897
9364,18998
9365,16127
9366,9651
9366,9966
9366,13465
9367,16890
9368,10850
9368,13150
9368,18205
9369,11471
9369,18979
9369,18995
9370,10742
9371,15580
9371,19491
9372,9732
9372,19113
9376,11842
9376,16744
9376,19371
9376,19706
9377,11642
9377,15423
9377,19288
9378,12194
9378,15298
9379,13190
9379,13724
9380,12015
9380,12382
9380,14718
9380,17586
9381,15245
9382,18538
9383,17421
9383,19034
9384,11404
9384,19620
9385,12160
9385,17218
9386,12109
9386,14466
9386,14837
9387,12285
9387,15831
9388,15415
9389,11365
9389,12306
9389,19311
9390,18380
9391,12630
9391,15924
9391,17204
9392,11754
9392,15657
9392,17704
9393,14308
9393,16284
9393,19630
9394,11032
9394,13399
9395,12218
9395,15922
9396,13807
9396,17249
9397,11274
9397,12979
9397,15973
9398,10074
9398,13620
9400,12775
9400,14146
9400,14614
9400,17868
9401,19186
9403,10915
9403,11505
9403,13209
9403,15914
9403,16478
9404,9426
9404,12005
9404,14202
9404,15043
9406,11624
9406,15485
9406,15675
9407,10562
9407,10933
9407,11140
9407,11714
9407,16087
9407,18001
9407,18872
9408,11794
9409,12357
9409,14918
9409,17215
9409,18686
9410,10519
9410,12750
9410,13429
9410,19418
9411,10720
9411,17355
9412,12742
9412,13595
9413,14868
9413,17598
9413,18417
9413,18845
9414,14105
9414,17114
9414,18391
9415,17319
9416,14921
9416,17040
9418,10980
9418,13388
9418,15055
9419,10721
9419,13715
9420,13639
9424,9477
9424,16277
9424,17453
9425,12104
9425,13878
9425,15521
9425,17326
9426,13708
9426,14153
9426,15159
9426,18474
9427,9694
9427,10787
9427,11302
9427,15586
9427,18039
9427,19295
9428,12708
9428,15618
9428,17713
9429,9606
9429,9706
9429,17918
9429,19519
9430,14792
9430,18621
9430,19730
9431,12254
9432,9744
9432,10471
9432,10634
9432,12042
9432,13516
9432,14059
9432,15902
9432,17168
9432,18105
9432,19050
9433,10931
9433,12555
9433,15744
9434,17782
9434,19979
9435,10602
9435,11548
9436,11580
9436,11927
9436,19713
9437,15592
9437,18293
9438,15837
9438,19545
9439,9679
9439,13588
9439,14046
9439,14537
9439,14924
9440,10179
9440,13279
9440,16033
9440,18371
9440,19562
9441,17056
9442,13200
9442,13308
9443,19084
9443,19529
9445,9453
9445,10892
9445,15387
9445,18650
9447,11147
9447,11188
9447,16366
9449,15678
9450,9807
9450,12815
9450,15025
9451,12142
9451,19470
9452,12820
9452,18385
9454,11377
9454,19762
9455,12365
9456,12058
9456,15577
9457,10916
9457,15896
9458,15101
9459,15027
9460,13649
9460,13740
9462,12949
9462,13652
9463,10401
9463,14752
9463,15771
9463,17846
9463,19280
9464,9805
9464,10503
9464,10985
9464,19074
9466,10652
9466,12143
9466,15712
9467,19293
9468,11658
9468,16094
9469,14156
9469,15181
9469,15752
9469,19404
9470,9925
9470,10666
9470,15910
9471,9884
9471,9960
9471,15084
9473,10856
9473,12065
9473,19641
9474,9550
9474,11618
9474,11748
9474,12502
9474,15148
9474,16236
9475,17878
9475,19006
9476,15511
9477,14147
9478,10029
9478,10323
9478,12620
9478,12645
9478,19387
9479,18037
9479,19198
9482,12221
9482,12578
9482,13596
9482,13954
9482,14729
9482,18010
9483,12932
9483,15236
9484,13977
9484,14834
9485,9557
9485,10305
9485,15061
9485,17024
9486,16818
9487,19634
9488,10433
9488,18962
9489,10919
9489,11337
9489,15778
9489,17242
9491,12917
9491,16860
9493,11155
9494,9820
9494,12490
9494,18701
9494,19169
9495,9814
9495,13252
9495,13477
9495,13677
9495,14012
9495,15935
9495,16909
9496,12362
9496,12810
9497,17242
9498,13430
9498,16997
9499,9817
9499,12508
9499,13139
9499,17353
9500,19121
9501,11898
9501,12053
9501,15999
9501,17956
9502,12252
9503,16114
9504,17197
9504,18878
9505,11565
9505,18217
9506,12242
9506,14120
9507,11340
9507,13374
9508,10073
9508,16328
9508,16579
9509,11797
9509,18513
9509,19959
9512,11493
9512,13982
9512,16398
9512,19911
9513,18234
9514,12547
9514,12771
9514,15916
9515,10684
9515,11284
9515,13357
9516,12447
9516,15587
9516,17769
9517,19921
9518,13004
9518,13296
9518,15909
9519,11523
9519,19057
9521,14529
9521,19297
9522,11395
9522,15350
9522,17445
9523,11486
9523,13245
9524,10800
9524,11274
9524,12138
9524,12776
9525,13099
9525,19916
9526,12195
9526,16281
9527,11042
9527,13641
9527,15922
9527,17328
9528,12205
9529,16575
9530,16669
9530,19786
9531,11077
9532,10823
9532,19828
9533,12678
9533,15592
9533,18523
9533,18660
9535,10840
9535,11090
9535,14665
9535,14783
9535,16722
9535,19288
9536,9814
9536,14987
9536,17470
9536,19893
9538,19302
9539,19044
9540,9680
9540,12059
9540,13580
9541,18240
9541,18935
9542,10201
9542,11980
9542,14397
9542,15119
9542,17955
9542,18073
9542,18238
9543,14707
9543,17271
9543,17295
9543,17545
9544,9800
9545,11749
9545,16312
9545,17261
9545,17287
9545,17302
9546,14244
9546,16949
9547,11419
9547,13929
9547,14893
9547,19310
9548,16356
9549,11030
9550,12817
9550,13141
9550,13934
9551,14229
9551,19086
9552,14228
9552,17251
9554,13400
9554,17766
9555,13603
9556,12985
9557,13666
9557,14314
9557,14671
9557,19030
9557,19165
9558,10666
9558,11184
9558,11380
9558,12171
9558,12921
9558,17357
9558,18414
9559,13160
9559,13200
9561,11442
9562,11815
9562,14941
9562,16285
9563,10410
9564,10043
9564,10065
9564,10477
9564,11829
9564,17517
9564,18666
9565,16531
9567,12277
9567,14750
9567,15414
9567,18769
9568,13013
9568,15678
9569,10885
9571,10004
9571,16688
9571,18868
9571,18972
9572,14598
9572,15134
9572,15926
9574,12685
9574,13199
9574,14113
9574,15325
9574,15705
9575,11003
9576,16853
9576,17119
9576,18305
9577,14706
9577,18195
9578,13134
9578,13228
9580,17099
9581,11190
9581,14749
9582,13165
9583,14618
9584,13206
9585,12922
9586,10605
9586,13074
9587,9602
9587,11589
9588,16745
9588,19940
9589,11692
9589,13050
9590,9638
9590,11666
9590,14009
9590,15101
9590,18054
9590,19142
9591,13262
9591,14406
9591,14887
9591,18101
9592,11747
9592,17099
9593,15253
9593,17577
9593,17930
9594,18795
9595,10409
9596,10489
9596,14236
9597,11078
9597,12990
9598,15557
9598,19915
9600,13732
9600,16820
9602,18394
9603,17807
9604,15191
9605,12817
9605,13332
9605,17650
9606,10553
9606,11152
9606,16924
9606,19301
9609,12539
9610,13143
9610,17475
9610,17600
9612,14320
9612,19442
9613,12900
9614,12214
9614,13042
9614,14875
9614,17424
9614,19726
9615,11677
9615,13408
9616,10190
9617,15085
9619,12660
9620,11882
9620,13790
9620,16984
9621,10542
9621,10807
9621,12152
9622,13460
9623,11908
9623,14445
9623,18747
9624,14997
9625,10850
9625,17141
9625,19724
9626,13567
9627,16499
9627,19071
9628,9714
9628,18232
9629,16432
9629,17295
9630,12085
9630,13739
9630,14339
9631,11353
9631,13953
9631,16420
9632,12213
9632,18618
9632,19201
9632,19646
9633,12773
9635,12814
9635,14485
9635,15352
9635,15565
9635,16690
9635,17492
9636,11742
9637,14710
9637,19863
9638,9739
9638,10099
9638,12079
9638,16088
9639,9771
9640,10111
9640,12389
9640,17228
9640,17830
9641,10721
9641,11651
9641,16316
9641,16426
9641,16902
9642,17281
9643,10563
9643,12258
9643,12587
9643,16326
9643,19122
9644,12949
9645,12986
9645,16375
9645,17504
9645,19961
9646,13826
9648,16186
9649,10322
9649,11249
9649,13408
9650,9940
9650,11928
9650,12279
9650,13834
9650,15882
9650,16601
9650,18467
9651,13980
9652,12023
9652,12988
9652,13567
9654,10836
9654,17539
9655,13330
9655,19385
9657,10258
9657,17354
9658,11722
9658,12122
9658,13371
9658,13695
9658,14108
9658,15481
9659,19726
9661,11556
9661,13280
9661,14168
9661,14586
9661,15838
9661,19623
9662,12956
9665,12212
9666,15495
9666,15577
9666,19299
9667,10691
9667,13868
9667,15746
9668,13505
9668,16365
9669,19660
9670,11635
9670,11805
9670,15640
9671,9991
9672,10215
9672,15572
9673,16303
9674,10362
9674,10481
9674,10920
9674,12538
9674,15700
9674,18179
9675,10070
9675,12330
9676,15575
9676,18832
9677,13793
9678,17223
9679,11411
9679,14514
9680,16635
9680,16837
9681,13702
9681,14596
9681,14660
9682,11726
9682,14306
9682,14595
9682,17373
9682,18103
9683,11414
9684,16113
9686,11938
9686,12746
9686,13451
9686,13631
9687,10140
9687,10667
9687,10932
9687,17763
9687,19697
9689,12217
9689,14498
9689,17704
9689,18578
9690,11648
9690,12190
9690,17609
9690,18765
9691,14349
9692,10124
9692,13263
9693,10396
9693,14038
9694,16386
9694,16669
9694,18506
9695,13196
9696,10041
9696,13179
9696,15036
9697,11732
9697,17276
9697,17989
9698,17181
9698,17302
9699,10877
9699,18682
9700,13575
9701,13487
9702,16089
9703,12176
9703,14072
9703,18133
9704,9997
9704,13708
9704,15017
9705,15360
9705,16392
9705,18872
9705,19760
9706,11744
9706,17087
9706,17611
9707,10312
9707,11115
9709,10065
9709,10426
9709,13100
9709,14761
9709,16523
9709,18615
9710,12723
9710,17512
9711,9719
9711,12500
9711,13209
9712,12967
9713,18897
9714,11069
9714,13346
9715,12778
9715,16103
9716,9957
9717,10368
9717,12652
9717,13314
9718,17711
9718,19028
9719,13301
9720,12138
9720,12864
9720,17460
9720,19456
9721,11468
9722,11129
9722,13911
9723,10021
9723,15188
9726,17287
9726,18268
9726,18385
9728,9977
9728,15287
9728,19473
9728,19944
9729,15523
9731,12612
9732,11143
9733,16173
9733,18734
9734,14193
9734,15768
9735,11532
9735,12287
9736,10292
9736,14006
9736,14883
9736,19120
9736,19520
9737,13171
9738,18954
9739,12824
9740,11618
9741,15104
9741,18512
9742,9920
9743,11247
9743,11315
9743,12960
9743,19442
9744,19131
9745,12174
9746,10275
9746,14896
9746,18560
9746,19447
9747,13757
9748,10946
9748,11548
9748,13034
9748,13877
9748,16981
9749,11289
9749,15461
9749,19583
9750,11128
9750,13010
9750,13423
9750,16162
9750,16421
9751,12048
9751,12647
9751,12719
9751,16620
9753,10008
9753,15368
9753,15654
9754,16811
9754,16821
9756,16068
9756,19255
9757,13555
9757,16288
9757,19983
9758,18902
9759,11593
9760,13567
9760,15146
9760,17037
9760,18742
9760,19846
9761,14219
9761,14391
9761,16877
9762,12062
9762,13995
9762,14814
9763,11204
9763,14034
9763,15862
9764,13086
9764,18970
9765,9861
9765,11332
9765,15683
9767,12356
9767,19404
9768,13467
9768,16541
9768,19903
9770,10100
9771,10374
9771,11592
9771,15911
9771,18680
9771,19589
9772,13653
9772,16494
9772,17550
9772,19274
9773,16122
9776,13645
9777,10153
9777,13154
9778,12363
9778,12497
9780,17071
9781,14003
9781,15367
9782,12184
9783,11037
9783,19438
9784,9889
9784,9942
9784,13784
9784,17441
9784,18841
9785,10727
9785,11297
9785,14155
9785,15481
9785,17734
9786,9892
9786,11494
9786,12180
9786,15104
9787,10655
9787,11507
9787,12256
9787,16648
9787,17219
9788,11695
9789,12402
9789,13194
9789,14705
9789,16255
9789,16595
9789,19759
9790,10676
9790,14184
9790,15528
9790,18081
9790,18523
9790,18944
9790,18947
9791,14260
9792,12507
9792,12826
9792,15083
9792,19171
9793,13500
9794,13574
9795,9868
9795,12028
9796,15571
9797,13529
9797,18432
9799,11161
9799,13960
9799,16425
9799,18594
9799,18736
9800,12538
9800,15154
9800,15948
9801,12205
9801,15068
9801,16460
9802,10026
9802,15262
9802,19472
9803,10747
9803,12092
9803,15621
9803,18865
9804,10264
9805,11174
9805,14087
9805,14314
9805,15372
9806,19930
9809,10464
9810,13167
9810,14039
9810,16762
9810,17246
9810,17966
9811,15697
9812,14372
9812,17463
9812,18233
9813,18630
9814,9859
9814,14281
9814,15033
9815,11151
9816,14820
9816,18648
9817,10768
9817,15920
9817,16206
9817,16904
9817,17885
9818,10677
9818,12095
9818,14002
9818,16661
9818,18090
9819,12315
9819,18731
9820,9853
9820,10022
9821,16094
9824,13202
9825,16231
9826,10596
9826,10622
9826,11380
9826,13399
9827,10347
9827,13611
9827,16475
9827,16501
9827,18418
9827,19661
9828,10902
9828,19254
9828,19590
9829,12696
9831,16846
9832,15850
9832,16045
9833,10547
9833,12302
9834,12682
9834,13651
9834,14483
9835,14800
9836,11389
9836,14151
9836,19712
9837,9998
9837,14132
9838,10201
9839,14673
9839,15145
9839,17786
9840,15308
9840,18889
9840,19657
9842,19025
9843,10875
9843,15332
9843,17454
9843,18318
9844,9935
9845,14267
9845,18110
9846,13310
9846,17191
9846,17589
9846,18671
9847,11065
9847,12950
9847,15989
9847,16795
9847,18919
9847,19188
9848,10904
9848,13445
9848,14348
9848,15663
9848,19699
9849,11721
9850,9862
9850,12065
9850,12929
9850,19355
9851,15045
9851,18020
9852,16900
9852,18317
9853,12243
9853,15869
9854,16074
9855,10016
9856,16428
9856,17819
9856,18096
9857,13508
9857,14349
9857,19907
9858,13943
9858,14010
9858,14357
9858,14470
9859,14639
9859,15520
9860,10525
9860,14732
9860,17771
9861,10539
9861,12075
9861,12923
9861,16302
9862,11295
9862,17378
9863,17995
9864,12964
9865,11041
9865,13651
9865,15417
9865,16988
9866,13048
9868,10197
9868,13333
9868,17811
9869,10412
9869,13135
9869,17479
9869,18705
9870,19906
9871,12420
9872,10554
9874,12876
9875,14992
9875,18484
9877,12174
9877,15425
9877,17056
9878,15785
9879,11795
9880,15503
9880,19399
9881,10258
9881,10468
9881,10533
9881,11657
9881,14147
9882,12124
9882,13883
9883,11638
9883,11693
9883,18974
9884,12381
9884,19843
9886,19207
9887,14190
9887,17917
9888,10061
9888,10962
9889,10790
9889,12530
9889,18391
9890,10583
9890,19267
9891,15857
9891,17899
9892,18914
9894,16842
9896,10736
9896,13620
9897,9910
9898,14157
9898,14183
9898,14545
9900,13234
9900,17407
9900,19051
9900,19582
9902,11322
9903,13726
9905,16959
9906,12396
9907,13895
9908,11195
9908,16133
9909,14951
9909,15576
9910,11158
9910,11900
9910,13051
9910,18247
9911,13169
9911,14513
9911,16710
9912,10152
9912,13031
9912,13932
9912,16072
9913,12466
9913,17323
9913,19366
9913,19600
9914,10107
9914,11367
9914,13176
9914,14794
9914,16870
9914,17348
9915,12525
9915,14943
9915,19304
9917,14471
9918,11745
9918,12563
9918,16816
9918,17755
9919,17683
9920,13008
9921,10659
9921,12544
9922,10382
9922,16682
9924,11437
9924,19549
9925,10413
9926,11860
9926,15431
9926,16202
9927,13103
9927,16413
9927,16751
9927,18712
9928,10664
9928,11164
9928,12668
9928,15407
9928,17024
9928,19887
9929,10100
9929,11822
9929,14189
9930,11454
9930,11711
9931,10269
9932,12301
9933,14099
9934,12870
9934,13664
9935,17292
9936,11237
9936,13615
9936,14846
9936,18806
9937,11525
9937,13247
9937,14119
9937,17459
9938,10586
9938,12865
9942,9994
9942,10376
9944,13837
9944,18170
9946,13500
9947,11476
9947,12590
9947,15389
9947,18010
9948,11290
9948,18760
9950,12102
9951,14217
9951,14440
9951,16002
9953,11483
9953,18130
9954,10511
9954,16588
9955,13709
9956,11105
9956,11219
9956,15643
9957,17125
9957,18110
9959,13462
9960,13760
9960,14305
9960,19928
9961,10795
9961,11009
9961,14577
9961,14606
9961,15966
9961,19618
9962,10703
9962,12193
9962,12995
9962,18613
9962,19729
9963,11125
9963,14766
9963,16070
9963,16389
9963,18893
9964,19425
9966,12878
9966,17790
9966,19546
9967,10666
9967,14509
9967,18077
9969,12108
9969,18472
9970,16843
9970,17315
9970,18458
9972,16565
9972,17993
9973,13424
9974,10789
9974,15896
9974,17595
9975,13868
9975,17324
9976,10764
9976,13970
9976,15504
9976,18129
9976,19290
9977,11634
9977,12921
9977,13919
9977,16251
9977,17958
9977,18268
9977,18946
9978,11751
9979,18441
9980,10510
9980,11075
9980,15019
9980,17458
9981,19299
9982,10338
9982,11341
9982,14411
9982,14933
9983,13295
9983,17222
9985,17920
9987,12312
9987,15614
9988,15077
9988,18170
9989,12103
9989,17796
9990,11682
9993,16888
9993,18677
9995,16159
9996,10195
9996,10326
9996,10613
9996,12320
9996,19697
9996,19796
9997,13682
9997,15855
9998,12164
9998,12443
9998,14306
9998,16816
9998,19383
9998,19959
9999,11202
9999,11342
9999,11844
9999,12343
9999,13347
9999,13696
9999,14139
9999,18452
10001,10921
10001,11947
10001,15586
10001,15983
10001,18528
10001,19999
10002,10910
10002,11277
10002,12874
10002,12888
10002,13541
10002,16926
10002,17969
10004,13413
10004,17197
10004,18592
10005,10048
10005,10968
10005,12847
10006,11587
10007,12660
10007,16719
10009,12686
10012,18794
10013,11902
10014,14231
10014,14572
10014,18357
10015,10438
10016,11662
10016,11884
10016,12069
10017,10054
10017,16205
10017,18212
10017,19159
10018,10860
10018,11333
10018,16983
10018,18686
10019,11484
10019,13354
10020,10414
10020,14944
10020,16330
10020,19008
10021,16231
10021,17237
10022,19175
10023,13114
10025,10931
10025,11039
10025,13176
10025,18290
10027,14682
10027,15240
10029,10077
10029,10998
10029,11785
10030,13506
10031,14351
10032,13868
10032,15873
10032,19564
10033,11995
10033,12414
10035,13407
10037,15507
10038,14764
10038,18889
10039,11591
10039,13830
10039,15283
10039,15320
10040,12193
10040,12415
10040,16314
10040,17199
10041,10677
10041,11444
10041,12256
10041,16755
10042,13123
10042,15464
10043,10267
10043,12445
10043,13025
10043,13136
10043,14726
10043,15681
10043,19008
10044,10349
10044,10932
10044,19482
10045,10162
10045,17793
10046,19060
10047,15175
10047,16310
10047,16325
10048,15964
10049,17620
10050,12198
10050,18335
10051,10942
10051,14799
10052,14066
10052,15144
10053,11770
10053,13639
10053,18345
10053,19333
10054,13488
10055,12326
10055,15282
10055,18145
10056,11690
10056,18798
10057,11163
10057,12480
10057,14106
10057,19249
10060,12473
10060,13297
10060,16742
10060,19905
10061,15233
10063,10516
10063,12681
10063,14616
10064,12785
10064,13206
10066,11803
10066,13445
10066,15672
10068,13280
10068,17160
10069,17854
10069,19107
10069,19344
10070,10752
10070,13304
10070,13910
10070,14658
10070,15109
10071,15858
10072,18238
10073,10961
10073,13948
10073,14902
10074,12376
10074,13646
10074,16645
10075,13818
10075,16444
10075,19160
10076,11894
10076,15687
10078,11838
10078,13243
10079,19596
10080,11033
10080,13077
10081,12583
10081,14592
10081,18392
10081,18839
10082,14335
10082,15708
10082,16028
10083,16945
10086,12626
10086,13322
10086,14820
10086,14839
10086,15339
10086,17397
10086,17779
10086,19432
10086,19647
10087,11760
10087,12541
10087,19400
10088,12438
10088,12481
10088,15976
10089,12487
10090,13387
10090,18602
10091,16080
10094,15658
10094,15897
10095,11208
10095,13684
10095,14462
10095,18363
10096,15732
10096,17350
10096,18360
10097,10160
10097,10803
10097,17468
10101,10504
10101,11972
10101,13721
10101,14535
10101,17803
10102,10134
10102,13858
10102,14176
10102,17827
10102,19193
10103,16572
10103,19931
10104,13525
10106,16844
10107,10584
10107,11091
10107,12232
10108,10251
10108,10254
10108,19804
10109,11755
10109,14952
10109,16354
10110,15426
10110,15552
10111,12610
10111,15896
10113,11918
10113,18251
10114,11147
10114,11626
10114,11658
10114,13330
10114,15812
10114,16082
10114,18053
10114,19085
10114,19555
10115,11346
10115,12215
10115,19682
10116,12043
10116,12109
10116,17243
10116,19095
10118,11180
10118,12877
10118,17477
10119,10773
10119,11361
10119,13729
10119,14039
10119,16046
10119,18779
10120,10356
10120,11775
10120,13665
10121,14017
10125,16029
10126,14171
10127,13358
10127,17708
10127,17914
10128,15648
10129,15465
10131,10424
10131,11464
10131,12261
10131,13515
10131,16085
10133,16909
10134,14328
10134,15562
10134,17740
10137,15009
10139,17682
10140,15448
10141,13374
10142,16412
10143,10871
10143,10945
10143,13776
10143,15874
10143,15999
10143,17059
10143,19481
10145,12634
10145,13449
10145,15473
10145,15777
10146,12844
10149,11442
10149,12113
10149,15248
10149,17825
10150,10988
10150,13991
10150,17099
10151,10902
10151,14422
10152,10715
10152,18501
10153,10774
10153,12045
10153,15620
10153,18318
10154,15327
10156,12301
10156,16434
10157,10322
10157,11439
10157,19208
10158,10764
10158,18089
10159,15258
10160,10942
10160,11519
10160,12315
10161,10217
10161,10220
10161,11973
10161,12946
10161,13036
10161,17851
10161,18545
10162,14638
10162,17849
10163,10821
10163,13855
10164,13845
10164,19323
10165,13058
10165,13337
10165,13390
10165,13657
10165,18523
10166,12959
10166,14750
10166,18937
10168,11162
10168,16525
10168,17494
10169,13932
10170,10627
10170,15411
10170,17148
10173,11762
10173,13598
10174,10501
10174,11868
10174,12296
10174,13000
10174,15158
10174,17484
10176,11049
10176,19271
10177,12625
10177,14150
10178,10408
10178,19111
10178,19371
10179,11443
10179,14489
10180,10227
10180,15252
10181,14153
10181,14406
10183,17443
10184,15501
10186,13291
10186,15170
10187,10505
10187,12702
10187,12791
10187,18920
10188,18953
10189,10206
10189,13581
10189,17869
10190,11438
10190,16838
10191,10668
10191,14517
10192,16479
10193,13202
10196,13786
10197,17408
10197,19966
10198,11587
10198,11598
10198,12002
10198,12933
10198,13971
10198,14095
10198,18425
10199,17755
10200,10566
10200,13931
10201,15606
10202,13085
10203,17407
10203,17781
10203,18157
10205,12482
10206,15062
10207,13139
10208,13935
10208,19925
10209,13825
10210,16399
10210,19269
10211,12685
10211,14344
10212,16814
10214,11344
10214,13761
10214,17178
10214,17714
10214,17860
10215,11707
10215,13188
10216,12465
10216,12575
10217,14625
10217,16621
10217,19848
10221,11551
10221,13171
10221,14709
10221,16773
10222,11209
10222,12458
10222,16895
10223,11665
10223,17403
10224,13285
10224,17712
10224,19594
10225,10471
10225,12728
10225,16308
10226,11941
10226,15289
10226,17704
10228,17386
10229,14051
10229,14991
10230,11374
10230,12099
10232,12575
10232,14788
10233,11955
10233,13931
10233,15590
10233,16303
10233,18886
10234,10658
10234,14049
10234,18583
10235,10728
10235,15945
10237,12944
10237,14819
10238,19693
10240,10572
10240,12736
10240,17131
10241,11975
10241,12575
10241,12694
10241,17254
10242,18660
10243,10323
10243,10517
10243,11447
10243,13482
10243,15790
10245,12034
10246,11524
10246,13130
10247,11327
10247,14771
10247,15096
10247,19766
10249,16994
10250,17147
10251,11405
10251,12091
10251,13677
10252,12458
10252,15249
10253,11148
10253,16068
10253,17058
10253,17060
10254,12925
10254,15702
10254,17973
10254,19770
10255,11208
10255,13336
10255,14250
10255,17687
10256,12259
10256,14809
10258,15118
10260,16157
10262,11086
10263,13648
10263,18808
10264,11771
10265,11172
10265,13375
10265,14355
10265,15840
10265,18446
10266,14585
10267,11014
10267,11294
10267,13881
10267,17254
10267,18082
10268,13106
10268,15913
10268,16052
10268,18714
10268,19067
10269,15368
10270,11937
10271,12044
10271,16126
10272,10290
10273,10483
10273,10693
10273,19523
10274,13612
10274,15371
10274,15876
10274,16759
10275,14216
10275,18279
10275,18336
10276,12788
10277,14929
10280,12558
10280,13785
10281,10758
10281,15236
10281,15891
10281,16315
10281,16841
10281,17211
10282,15430
10282,19081
10283,11503
10283,15700
10283,17684
10284,13130
10284,17480
10285,10388
10285,11312
10285,17399
10285,18299
10285,18489
10286,19846
10288,10774
10288,11291
10288,12892
10288,14786
10288,17269
10288,17572
10289,16024
10289,17906
10289,18589
10290,11958
10290,14055
10290,14421
10290,18584
10290,19228
10291,16896
10292,10402
10292,12374
10292,18700
10293,13523
10293,19913
10295,16164
10295,16240
10295,16974
10296,10483
10296,11296
10296,11683
10296,12882
10296,19906
10297,17955
10297,19565
10298,10412
10298,14457
10298,15339
10298,17013
10298,17074
10298,19413
10300,14271
10300,15325
10300,19789
10301,11000
10301,19152
10302,10672
10302,14237
10302,16714
10303,17670
10304,12773
10304,16970
10305,10994
10306,11898
10306,12188
10306,15935
10306,17565
10306,18217
10306,19417
10306,19633
10307,18078
10308,15524
10309,10653
10309,10828
10309,12598
10309,18642
10309,19656
10309,19966
10310,12730
10310,14745
10311,13450
10311,15939
10311,17918
10311,19463
10313,13775
10314,16312
10314,18418
10315,13299
10315,15400
10315,18846
10316,10424
10316,10628
10316,17161
10317,10691
10317,15311
10318,15297
10320,17097
10321,10932
10321,11218
10321,11414
10321,11999
10321,19257
10326,11544
10326,16351
10328,14719
10328,15791
10329,12634
10329,15350
10329,16827
10330,13247
10330,14877
10330,14904
10330,19078
10331,12670
10331,18279
10332,10566
10332,18350
10332,18856
10334,11447
10334,13717
10334,18923
10334,19888
10335,19951
10336,10866
10336,12290
10336,12739
10336,16032
10337,19623
10338,19254
10342,17817
10343,10446
10344,16470
10345,14015
10345,16381
10345,17793
10345,19041
10347,19553
10348,15810
10349,10372
10349,15618
10350,14774
10350,15434
10350,16045
10351,14160
10351,17723
10352,11481
10352,12827
10352,13650
10352,18580
10352,18683
10352,18876
10354,10468
10354,11100
10354,11834
10354,11844
10354,17227
10354,19861
10356,10792
10356,19140
10357,11606
10357,13968
10358,16343
10360,10739
10360,11675
10360,12449
10360,13949
10360,17128
10361,14438
10361,18104
10361,19235
10363,11025
10364,14559
10366,11048
10366,15366
10366,17876
10368,11494
10368,11660
10368,14511
10368,17513
10369,12636
10369,15164
10369,15260
10370,18978
10371,16820
10371,19146
10371,19790
10373,11535
10373,13677
10373,14860
10373,15672
10373,16500
10374,10384
10374,10972
10374,11389
10374,12784
10374,18600
10375,15251
10375,16942
10376,18299
10378,12289
10378,15357
10378,19225
10379,13351
10380,11143
10380,12362
10380,12566
10380,15114
10380,16374
10380,19921
10382,11351
10382,17731
10383,17886
10385,16380
10385,17674
10385,17868
10385,17996
10385,18790
10386,16262
10386,19205
10387,10719
10387,11084
10388,11401
10388,14365
10388,14601
10389,11486
10389,14636
10390,12284
10391,11378
10391,12266
10391,17943
10391,18042
10391,19138
10394,10821
10394,12831
10394,16840
10394,17177
10394,19578
10395,15608
10396,12621
10396,18745
10397,10606
10397,11259
10397,12632
10397,13790
10397,17379
10397,17806
10398,10427
10398,10989
10398,12969
10398,16552
10398,19644
10399,13636
10399,15422
10399,15876
10399,17065
10399,17533
10399,19847
10400,11702
10400,14443
10400,14584
10400,16262
10401,11010
10402,13020
10402,14484
10402,18348
10402,18849
10402,19837
10403,12533
10404,11006
10404,13394
10404,18990
10405,11391
10405,15816
10405,18547
10406,11200
10406,13994
10407,12406
10407,14703
10408,13853
10409,15745
10409,15844
10409,18256
10411,12979
10411,13405
10411,16769
10412,13443
10412,16031
10413,14513
10413,14693
10415,11333
10415,12063
10415,14763
10415,17507
10415,19527
10416,11497
10416,11982
10416,14185
10417,11707
10417,13912
10417,19005
10418,15414
10418,17871
10418,19026
10420,11699
10420,12438
10420,14654
10420,15988
10420,18750
10421,16362
10422,17863
10423,12201
10424,17950
10426,14344
10426,14878
10426,15494
10427,12364
10427,14224
10427,19937
10429,11263
10429,19063
10430,11267
10430,12429
10430,13523
10430,15239
10430,16133
10431,17117
10432,10522
10432,19011
10433,12853
10434,13157
10434,15663
10434,17927
10434,18536
10435,11082
10436,17807
10436,18765
10437,19528
10438,11802
10438,18659
10439,14712
10440,11031
10440,11625
10440,12385
10440,12870
10440,16837
10440,17576
10440,18668
10441,14219
10441,19949
10442,13311
10442,16561
10442,19549
10444,10542
10445,12834
10445,13081
10445,19505
10446,11677
10446,13865
10446,17046
10446,19495
10447,14206
10447,16727
10447,16978
10448,10745
10448,14925
10449,13532
10449,15426
10450,16936
10451,14018
10451,15217
10452,13583
10453,15775
10454,12935
10457,19554
10458,10475
10458,15130
10458,18132
10458,18494
10459,12459
10459,18069
10460,16651
10462,11575
10462,18278
10463,13453
10463,15724
10464,19234
10465,11171
10465,12903
10465,13678
10465,14181
10466,16402
10466,18012
10467,13126
10467,15477
10468,10834
10468,15342
10469,10703
10470,11359
10470,14056
10470,15158
10470,16413
10470,19847
10473,12969
10474,11192
10474,15282
10474,19089
10475,10658
10475,17278
10476,19315
10477,19356
10479,10700
10479,19023
10480,14233
10481,12593
10481,16772
10482,10888
10482,11593
10482,19539
10483,12614
10483,14714
10484,17814
10484,18040
10484,18966
10485,15784
10485,16442
10487,11446
10487,13850
10487,13874
10487,16651
10487,18136
10488,12123
10488,14490
10488,17759
10489,14680
10489,15445
10490,11181
10490,12314
10490,13097
10490,14501
10490,19352
10492,15402
10493,17514
10494,14570
10495,10631
10495,11220
10495,12824
10495,17231
10496,12938
10496,18769
10496,19560
10497,10524
10497,12269
10497,18718
10497,19009
10498,13428
10499,14448
10499,14918
10499,15805
10499,16406
10500,10733
10500,18450
10501,13060
10501,13227
10501,14754
10501,15225
10503,10763
10503,11362
10503,12424
10503,13804
10503,14423
10503,18056
10504,11173
10505,11459
10505,15068
10509,14342
10510,11615
10510,11768
10511,12549
10511,14545
10512,17161
10513,10994
10513,11041
10513,12182
10513,13507
10514,15131
10514,19337
10515,10640
10515,12854
10515,14709
10516,10570
10516,11529
10516,19675
10518,13073
10518,19679
10519,10772
10519,11208
10519,12346
10519,12981
10519,14891
10519,16760
10519,18857
10521,19797
10523,12426
10523,16928
10523,17515
10523,18866
10524,17700
10525,11583
10526,13459
10526,13725
10526,15715
10526,16392
10526,17417
10527,10577
10527,14814
10527,15180
10528,12103
10528,15523
10528,16613
10528,18184
10528,18248
10529,11458
10529,12476
10531,12486
10531,16470
10532,12782
10532,16387
10533,10983
10533,14878
10533,16046
10533,16460
10533,18807
10533,19804
10534,19464
10535,15175
10536,12552
10538,13792
10538,14714
10538,16591
10538,17161
10538,19406
10539,16747
10539,19195
10540,18579
10541,13932
10542,10568
10542,15153
10543,13628
10543,14917
10543,15899
10543,18131
10543,19481
10544,17964
10545,17630
10545,18064
10546,15692
10546,15930
10546,16010
10547,11810
10549,11511
10549,13493
10549,17165
10550,13024
10550,16512
10551,11474
10551,14374
10552,13098
10553,11385
10553,18602
10555,11763
10558,10726
10558,12018
10558,16223
10558,16355
10558,17832
10558,17906
10558,19937
10559,14201
10560,18829
10560,19862
10561,11095
10561,15377
10563,11746
10563,11851
10563,18823
10563,19424
10564,18916
10565,16878
10566,14112
10566,15297
10566,15553
10567,13885
10567,14153
10567,15048
10567,15629
10567,16524
10567,18404
10567,19992
10568,15031
10569,11030
10570,11644
10570,16028
10573,11738
10573,14190
10573,19112
10574,12995
10575,10978
10575,14949
10576,12848
10577,12162
10577,12351
10577,16307
10577,16595
10577,19615
10578,16266
10579,13069
10579,16536
10579,17809
10580,14028
10580,15160
10581,11862
10581,11950
10581,16505
10581,17560
10581,17616
10582,16978
10583,12750
10584,12452
10584,12787
10584,13322
10584,15112
10584,15508
10584,17169
10584,17477
10584,19036
10585,11697
10586,11726
10586,12089
10586,12121
10586,15313
10586,19538
10587,11865
10587,13482
10587,14374
10587,17336
10587,18003
10587,18259
10588,13939
10589,14820
10589,15729
10590,13066
10590,16200
10591,14470
10592,13685
10592,17009
10593,14903
10594,13867
10594,13996
10594,15550
10594,15763
10594,15801
10596,13230
10596,18607
10599,12368
10599,13593
10599,16010
10599,17715
10599,19493
10600,10711
10600,15298
10602,17369
10602,18934
10603,12167
10604,14676
10605,11168
10605,14377
10605,15598
10605,15876
10605,18546
10609,15568
10610,11597
10610,14970
10610,15654
10611,11014
10611,19158
10612,11345
10612,14698
10613,10729
10613,11633
10613,12415
10613,14030
10613,14100
10614,16040
10615,15815
10616,11935
10618,17371
10619,11421
10619,12233
10619,14938
10619,17122
10620,11586
10622,12979
10623,11255
10623,18533
10624,11086
10624,13795
10624,16385
10624,18602
10624,19675
10627,10796
10627,15165
10627,16962
10627,18045
10628,17736
10629,18229
10630,15189
10631,10977
10631,12739
10631,16864
10631,17272
10631,18566
10633,12038
10633,14822
10633,15707
10633,17072
10634,12151
10634,16496
10635,19871
10636,11082
10636,12104
10637,10780
10638,10643
10639,13282
10639,14532
10639,17960
10640,11304
10640,14165
10640,19054
10641,11407
10641,12056
10641,14311
10641,16361
10643,14644
10643,17608
10645,17641
10645,19632
10646,11231
10646,14818
10647,16193
10647,19563
10648,17226
10651,14687
10651,17586
10651,17637
10652,14231
10652,17867
10652,18372
10653,11762
10653,12761
10653,13854
10653,14433
10655,16022
10655,17701
10656,13843
10657,12348
10657,15415
10658,15541
10659,15093
10659,15285
10660,15699
10660,16398
10661,12460
10661,17444
10661,17938
10662,15943
10662,16246
10662,17240
10662,18266
10663,16000
10663,19210
10664,12068
10664,18823
10665,12669
10665,12948
10665,13676
10665,13772
10665,16318
10665,18942
10667,13090
10668,16740
10668,19270
10669,12900
10669,13165
10669,18555
10671,16523
10673,14456
10674,16111
10674,18395
10675,10783
10675,13192
10675,13293
10675,14934
10675,15321
10675,18405
10676,11618
10676,14871
10677,12389
10678,19223
10680,14757
10680,15779
10680,18421
10680,19617
10681,12739
10681,18087
10682,13692
10682,13697
10683,17195
10683,17258
10684,12944
10684,14620
10684,15564
10684,16192
10686,16270
10686,16718
10687,16805
10688,16230
10688,16830
10688,17455
10688,18314
10689,14023
10689,19997
10690,15268
10690,15541
10691,12538
10691,17036
10692,14227
10692,15416
10692,17534
10693,17138
10695,14792
10695,17203
10696,12106
10696,16087
10696,16116
10697,11139
10699,11245
10699,15100
10699,15614
10699,18676
10701,16065
10703,14511
10703,19946
10704,11812
10704,13940
10705,10996
10705,18868
10706,14809
10706,15810
10707,14892
10709,14743
10709,17853
10710,13641
10710,13792
10710,15137
10712,13896
10712,15512
10712,15713
10713,13228
10713,18869
10714,17244
10714,17777
10715,15991
10715,19278
10716,10735
10716,14629
10717,17447
10717,18282
10718,15784
10720,18455
10721,19336
10722,13601
10723,14784
10723,16030
10723,19255
10723,19518
10725,12008
10726,12397
10726,16481
10726,18906
10727,14840
10728,19077
10729,15093
10729,15506
10731,16725
10731,18370
10732,12459
10732,13201
10732,15160
10732,16206
10733,10851
10733,12331
10733,13046
10733,15979
10734,11766
10734,17413
10735,13305
10735,14724
10735,19029
10736,12180
10736,15131
10736,15182
10737,12929
10737,17515
10737,19846
10738,17429
10738,17762
10738,18067
10739,12159
10739,14473
10739,15122
10739,16699
10739,19137
10740,14459
10740,16626
10740,18980
10740,19191
10741,12765
10742,17391
10743,15228
10745,11486
10745,12784
10745,14529
10745,19318
10746,13467
10746,14091
10746,16333
10746,19961
10747,14026
10747,14809
10748,16698
10748,18035
10748,18699
10748,19868
10749,12650
10749,13335
10749,18297
10749,19147
10750,13939
10751,10834
10751,17478
10752,11973
10752,12461
10754,12488
10754,12613
10755,16336
10755,16964
10755,19068
10755,19618
10756,18005
10758,18473
10760,12390
10760,18043
10761,12560
10761,13037
10761,16294
10761,17111
10763,12271
10764,19581
10765,18524
10766,17553
10768,19784
10769,19110
10770,10897
10771,11888
10771,11910
10771,16650
10772,11911
10772,18952
10774,10997
10774,14777
10776,15293
10776,15607
10778,11489
10778,14026
10778,16433
10778,17263
10779,17578
10781,17036
10782,15439
10783,13533
10783,16203
10783,18261
10783,18640
10784,16378
10785,13433
10786,14366
10787,15729
10787,19304
10788,13905
10788,14869
10788,16446
10789,11607
10791,12483
10791,13055
10791,14196
10791,14765
10791,14966
10791,15104
10791,15543
10791,18392
10793,16447
10793,18240
10794,16658
10794,18224
10795,18912
10797,15347
10799,15687
10800,18235
10801,14936
10802,15649
10803,13811
10803,18267
10805,12914
10805,16256
10807,12602
10808,16340
10808,17721
10808,18846
10810,18733
10811,12600
10811,13834
10811,15898
10811,18897
10811,19666
10814,18614
10815,17791
10817,12464
10818,18181
10823,13926
10823,16740
10823,17034
10824,13742
10824,15828
10825,11641
10825,17438
10826,12084
10826,18531
10827,12329
10827,15170
10827,15250
10827,17075
10827,18190
10828,12172
10828,16939
10831,13017
10831,13971
10832,11860
10832,15390
10833,17510
10834,14746
10835,16830
10836,11630
10836,12357
10837,12344
10837,14888
10837,15158
10838,13097
10838,19035
10839,12099
10839,12220
10839,13476
10839,13593
10839,17541
10839,18070
10840,12532
10840,12597
10842,11102
10846,17295
10846,19772
10848,14940
10849,11063
10849,12189
10849,13549
10849,17896
10849,19336
10851,11441
10851,13343
10851,13933
10851,17777
10853,16828
10855,12915
10855,13667
10855,18875
10856,12950
10859,15100
10859,17090
10860,11944
10860,12434
10860,15079
10861,11870
10861,17135
10861,19094
10862,14098
10862,14705
10862,18337
10863,12635
10865,12809
10865,13966
10865,17543
10866,11019
10866,11028
10866,13800
10866,14182
10867,13115
10867,15392
10867,15481
10867,19636
10869,11777
10869,12447
10869,17897
10870,12451
10870,17210
10871,12933
10871,15192
10871,16449
10871,19162
10872,13832
10873,13563
10874,13810
10874,14817
10874,16665
10875,16039
10876,11163
10876,12312
10876,13523
10876,14393
10876,17116
10876,18023
10877,11970
10877,12564
10877,12781
10878,15975
10879,11089
10879,13042
10879,16497
10879,17879
10881,12009
10882,14397
10882,16171
10884,13377
10884,13498
10884,13676
10884,14230
10884,14994
10886,16584
10886,17153
10887,12830
10887,17445
10888,11272
10888,11686
10888,13055
10888,15027
10888,16874
10888,19838
10888,19850
10889,13762
10889,14087
10889,17193
10889,17711
10890,15621
10891,15514
10891,19960
10895,19499
10896,12435
10897,14687
10897,18610
10898,11180
10898,16321
10899,15339
10901,11625
10901,14119
10902,13388
10902,13830
10902,15185
10904,13501
10906,14658
10907,11909
10912,15563
10912,16047
10912,19520
10913,11081
10913,11174
10914,12199
10914,16312
10914,17925
10915,12790
10915,18037
10916,13215
10916,15520
10917,11103
10917,11692
10917,15773
10918,11209
10918,17636
10919,10956
10919,19056
10920,11468
10920,13077
10920,14342
10920,18479
10921,11341
10923,13947
10923,16951
10923,18312
10924,11046
10924,15004
10924,17308
10925,12902
10925,16131
10925,19971
10927,14058
10927,15882
10927,16342
10927,19870
10929,15121
10929,16593
10931,18700
10931,19045
10932,18906
10932,19844
10933,11877
10934,18277
10935,19277
10936,11486
10936,11850
10936,17446
10936,19913
10937,12573
10937,13650
10937,14996
10940,10976
10942,11408
10942,13391
10942,14881
10942,16248
10942,16614
10942,16933
10942,17073
10942,18562
10944,12263
10944,15946
10945,17971
10946,18758
10947,14209
10947,16764
10947,19131
10948,17316
10948,18130
10949,15361
10949,18479
10949,19239
10950,14215
10950,15671
10950,19384
10951,13530
10952,11106
10952,12386
10953,11048
10953,17877
10953,19476
10954,13163
10955,16193
10955,16351
10956,11162
10956,16604
10956,17746
10956,18023
10957,15467
10957,15524
10958,11646
10959,13155
10959,17359
10962,18752
10964,12117
10964,14113
10964,19236
10965,13501
10967,17634
10969,17015
10969,17941
10970,19862
10971,12040
10971,19331
10972,11732
10973,15515
10973,15846
10974,13230
10974,17876
10975,19935
10977,14012
10977,15815
10977,18935
10977,19655
10978,12023
10978,14362
10978,16370
10978,19668
10979,12696
10979,16498
10981,11047
10981,13865
10981,15134
10981,16118
10982,11584
10982,16337
10983,16162
10983,17773
10983,18722
10984,11046
10984,16889
10986,11045
10986,17254
10986,18695
10987,13040
10987,16060
10987,19452
10988,18147
10989,15500
10990,12100
10993,11752
10993,11907
10993,12178
10993,18065
10994,19608
10995,16214
10995,16942
10996,15648
10996,18297
10998,12090
10998,13994
10998,17171
10998,17523
10998,18732
10999,19982
11000,11237
11000,12499
11000,18457
11002,16911
11003,11725
11003,14078
11004,11343
11004,19262
11005,12215
11005,15548
11006,15387
11007,12815
11007,19876
11008,12132
11008,15214
11008,17145
11009,13927
11010,16571
11010,17285
11011,13697
11011,13952
11011,17647
11013,11789
11013,17106
11014,12031
11015,12359
11016,19109
11017,13458
11017,16815
11018,11942
11019,12662
11019,14676
11021,12758
11022,18684
11023,12895
11023,15332
11024,11327
11024,13447
11024,13963
11025,15391
11026,12084
11026,14009
11026,19249
11027,17122
11027,19451
11029,12198
11030,11560
11030,12295
11030,13636
11030,14972
11031,13245
11031,17864
11031,17885
11032,12192
11032,17651
11033,11620
11033,15022
11033,16548
11036,11939
11036,19362
11037,13467
11039,12200
11039,12657
11039,19082
11040,13478
11040,14204
11041,16544
11041,19255
11042,12516
11042,16580
11042,16890
11045,15807
11046,16828
11047,11249
11047,11260
11047,14548
11047,17517
11049,12294
11049,13082
11049,18914
11050,16003
11051,11120
11051,15499
11054,14380
11055,17152
11055,18902
11056,18177
11056,18610
11058,14417
11058,16113
11059,12619
11059,16634
11060,12505
11060,15554
11062,15186
11062,17880
11064,13576
11064,13711
11064,14486
11064,18142
11065,14549
11065,18692
11066,16981
11066,18089
11066,19878
11067,17561
11067,19137
11068,18040
11069,12423
11069,14175
11069,14691
11070,12857
11071,17570
11073,13118
11073,13180
11073,14147
11073,14327
11073,16986
11073,18250
11074,15717
11074,15891
11074,17942
11075,12605
11076,19425
11078,15265
11078,15735
11078,16316
11079,13863
11079,15825
11079,18794
11079,19039
11080,12765
11081,16767
11081,18164
11082,13658
11083,11920
11083,15962
11084,11292
11084,12265
11084,12672
11084,14605
11084,16767
11084,19674
11085,13044
11085,19484
11086,17926
11086,18656
11087,14371
11087,16109
11088,11616
11089,12378
11091,13107
11092,17311
11093,19493
11094,12242
11094,14330
11094,15577
11094,17858
11095,13128
11095,13486
11096,13208
11096,17754
11097,15936
11097,16726
11098,17941
11098,19836
11099,15820
11100,13186
11102,16311
11104,13750
11104,17626
11105,17666
11106,11899
11107,12347
11107,16285
11107,17133
11107,17610
11108,12004
11108,13879
11108,17604
11109,11479
11109,12375
11109,15717
11112,19791
11113,12395
11113,12970
11113,13198
11113,15748
11114,14992
11114,16791
11115,14219
11115,16498
11116,12101
11117,11322
11117,11603
11117,16134
11118,13576
11118,16180
11120,14778
11121,14885
11122,11220
11122,13553
11122,16712
11122,16902
11122,19479
11122,19958
11123,13304
11123,15374
11123,19415
11124,16899
11125,12719
11125,14193
11125,16602
11125,19198
11126,11831
11126,11988
11126,13804
11126,14276
11127,16730
11127,19788
11128,11759
11128,14192
11129,11451
11129,14794
11130,17320
11130,18071
11131,11187
11132,11979
11132,12450
11132,13985
11132,18262
11133,12543
11133,13439
11134,11669
11134,17411
11135,16376
11136,18805
11137,12248
11137,17825
11137,18603
11138,13204
11138,14114
11139,13169
11140,16041
11141,11357
11141,17922
11143,12369
11143,17256
11144,13756
11145,14290
11147,11161
11147,18140
11148,11346
11149,12430
11149,12901
11149,15235
11149,15443
11149,16758
11150,12195
11152,12629
11152,14492
11153,11241
11153,16698
11154,12760
11154,16263
11156,11934
11159,11781
11160,13679
11161,11164
11161,16398
11162,12799
11162,14775
11162,15686
11162,16257
11162,19078
11163,18334
11164,12364
11165,12147
11166,12973
11166,14707
11166,15869
11167,11281
11167,15719
11167,15742
11167,16758
11167,18080
11168,12554
11168,14697
11171,11539
11171,11668
11171,11912
11171,16303
11171,16977
11171,17233
11172,16464
11172,19889
11173,19377
11174,17234
11176,19303
11177,12544
11177,14676
11177,17898
11178,13383
11178,17188
11179,12100
11179,14184
11182,14316
11182,15155
11182,16742
11182,18579
11182,18806
11183,14001
11186,11754
11186,14661
11186,19720
11187,12049
11189,15318
11190,16494
11192,13308
11192,17064
11192,17335
11195,11765
11195,15479
11197,11688
11198,14237
11198,17189
11201,12274
11201,15497
11202,13318
11203,11343
11204,12060
11204,15952
11204,17228
11204,19917
11205,16402
11205,19014
11207,15366
11207,19970
11209,14090
11209,19892
11210,11524
11210,12580
11210,14118
11210,15940
11210,18117
11210,19787
11211,14127
11212,13453
11212,18501
11214,12536
11214,14253
11214,17990
11214,19250
11215,18892
11216,11684
11216,13674
11216,17219
11217,16721
11219,15361
11219,15614
11219,16348
11220,13897
11220,16367
11221,13495
11221,13682
11221,19001
11223,11373
11224,11229
11224,15965
11224,16490
11224,16592
11225,19392
11227,12345
11228,13749
11229,13312
11229,13653
11229,13677
11229,13743
11229,14125
11229,16502
11229,17399
11229,18321
11231,16533
11233,13385
11233,15818
11234,13948
11234,17416
11234,17846
11235,13162
11235,15577
11235,16982
11235,19316
11236,15932
11236,16564
11237,12245
11237,14020
11237,14251
11237,16413
11238,16071
11238,18503
11239,13580
11239,16267
11240,11690
11240,12362
11240,16976
11240,17255
11240,17547
11241,12867
11242,19808
11245,13914
11245,14285
11245,17132
11245,18864
11246,13501
11247,14602
11247,16646
11247,17423
11248,12977
11249,15982
11249,18254
11250,18351
11250,19135
11251,15754
11251,17282
11251,19587
11252,14639
11253,14264
11253,16332
11253,17166
11253,19312
11254,11929
11254,17396
11255,18785
11256,12613
11256,18084
11256,18092
11256,19973
11257,14090
11257,14246
11257,16925
11258,11490
11258,19452
11259,11969
11259,15364
11259,16509
11259,16749
11260,16884
11260,17824
11261,13154
11261,15172
11261,17350
11263,15301
11264,12158
11264,14478
11264,14755
11264,19679
11265,13583
11265,18126
11266,13259
11266,14113
11267,14719
11267,16645
11267,17290
11269,12558
11269,18885
11272,12332
11273,15630
11274,11445
11274,11463
11276,18267
11279,15176
11279,16827
11281,14034
11281,15934
11281,16938
11281,17664
11281,18668
11282,12125
11282,13595
11282,15356
11283,11297
11283,17962
11287,15719
11288,11346
11288,13359
11288,18721
11288,19137
11289,16346
11291,11343
11291,16416
11291,17890
11291,17927
11292,17723
11292,19726
11293,14347
11293,14936
11293,18072
11293,19118
11294,17486
11294,18514
11295,12263
11296,11509
11297,11836
11298,16599
11298,19144
11299,11368
11299,18911
11300,12146
11301,17351
11302,13688
11304,14654
11305,18090
11306,15123
11306,15464
11307,17534
11308,14301
11309,17813
11311,13151
11311,17134
11311,17145
11312,16857
11314,19324
11315,17273
11316,11893
11316,17518
11318,16016
11318,17124
11320,19047
11322,12295
11323,12268
11323,14261
11324,17688
11325,15293
11326,12563
11326,16925
11330,18146
11330,18658
11331,12614
11331,18582
11332,12550
11332,15445
11332,18040
11333,12762
11333,16173
11335,18821
11336,15383
11336,16147
11338,13834
11339,17935
11341,18017
11341,18824
11341,18827
11342,12241
11342,13300
11342,13816
11343,11353
11343,12407
11343,12940
11343,15670
11343,16847
11343,17051
11343,17830
11346,13965
11346,14967
11348,18239
11349,13651
11349,13793
11350,12471
11350,14271
11351,11379
11351,19591
11353,16926
11353,19992
11354,15780
11354,18710
11356,12010
11357,12479
11357,14329
11359,17301
11359,18570
11360,19939
11361,12845
11361,13438
11361,13846
11361,16491
11362,13181
11362,16690
11362,19402
11363,14948
11363,15387
11364,15169
11365,15839
11365,17285
11365,17575
11365,17897
11365,19169
11366,12033
11366,14510
11366,16639
11366,17771
11367,14761
11367,17737
11367,19240
11368,13553
11368,13856
11369,15682
11369,19841
11370,11840
11370,12506
11370,13679
11370,15718
11370,15797
11370,17126
11371,15960
11372,16001
11372,19279
11373,12627
11373,13585
11373,13608
11373,14195
11373,18352
11374,13905
11375,12094
11375,12755
11375,15411
11376,14003
11377,13123
11377,17665
11379,13592
11380,13629
11381,17715
11381,18088
11382,17309
11383,16302
11384,12125
11384,14952
11384,19804
11386,15704
11387,13739
11387,16515
11388,17159
11390,14645
11390,19677
11391,11940
11391,16943
11392,11624
11392,11893
11394,13792
11395,19596
11396,11693
11396,12211
11396,14765
11396,16376
11397,12584
11397,14386
11398,14939
11399,14076
11399,14479
11399,17296
11400,11650
11400,12176
11400,14571
11400,17378
11401,15280
11401,16073
11401,18914
11402,15079
11403,17872
11404,15495
11404,18110
11405,16143
11406,11743
11409,12962
11410,12582
11411,11549
11411,16500
11411,19499
11412,16745
11413,12444
11414,12532
11414,13475
11414,16336
11415,16561
11416,13820
11417,13631
11417,17500
11417,18753
11418,12329
11418,16944
11418,17703
11418,18783
11418,18798
11418,19149
11419,16379
11420,12031
11420,15779
11420,17902
11421,17964
11422,14379
11423,13516
11423,16596
11424,16115
11424,18643
11425,16088
11425,17153
11426,14429
11429,12997
11429,15305
11429,17677
11430,16028
11435,11573
11435,13252
11436,19289
11437,13625
11437,19073
11438,12879
11438,16350
11438,16395
11438,19141
11438,19504
11439,14524
11440,12060
11442,16054
11442,17806
11443,11637
11443,11923
11443,19002
11443,19172
11445,12486
11446,17795
11448,11903
11448,13149
11448,17823
11450,11951
11450,13784
11451,14623
11451,15670
11451,17039
11451,18044
11452,14035
11453,18770
11454,12368
11455,14577
11456,11858
11456,12392
11456,13661
11456,18548
11457,13618
11458,12294
11458,16264
11458,19397
11459,13163
11459,14170
11460,12963
11460,13375
11460,15045
11460,15543
11461,13781
11461,15488
11463,12082
11463,12185
11463,16284
11466,17811
11469,11999
11469,12654
11469,13065
11469,17041
11469,18491
11471,12569
11472,12719
11472,13986
11472,14920
11472,17495
11472,19954
11474,14691
11475,13285
11476,13880
11476,14425
11476,16089
11477,12847
11477,16372
11477,18448
11477,19633
11480,18016
11481,18669
11482,13595
11482,15095
11482,18535
11482,19081
11483,13944
11483,16972
11484,12058
11484,14995
11484,16368
11484,18054
11484,18123
11485,14569
11485,15211
11485,16889
11486,12920
11486,16022
11488,12810
11489,14086
11490,11726
11491,12556
11492,15697
11494,12897
11494,16294
11496,14816
11496,14945
11497,12371
11497,16167
11499,11757
11500,14734
11501,17781
11503,14208
11504,12322
11504,15174
11504,15286
11504,15310
11504,15343
11504,16950
11505,12147
11508,12748
11508,14024
11508,16621
11508,16805
11509,13942
11509,14097
11509,14104
11509,15925
11509,16272
11509,16968
11509,17994
11511,13798
11511,15696
11511,18921
11511,19391
11512,12278
11512,13160
11512,14015
11514,12600
11515,13329
11516,16587
11516,19654
11517,13239
11517,13401
11517,14618
11517,14988
11518,14269
11518,17369
11518,18592
11520,11890
11520,12952
11520,13634
11520,13698
11521,12649
11521,18378
11522,12276
11522,12873
11522,12947
11522,14095
11523,15745
11526,19005
11527,19409
11528,11533
11529,16145
11529,17123
11533,17858
11534,13543
11534,16167
11534,17476
11535,11776
11535,13823
11536,18214
11537,12510
11537,13937
11538,11862
11538,17979
11539,12354
11539,15008
11539,17080
11540,13986
11540,14850
11543,12889
11543,17381
11544,13306
11544,13454
11548,13593
11548,14609
11548,14621
11548,17392
11550,14368
11550,15933
11554,13772
11555,16043
11556,13296
11556,14817
11557,18107
11559,12360
11562,16358
11563,11800
11564,13303
11564,13494
11565,11914
11566,17458
11566,19326
11567,17911
11568,12962
11568,16824
11569,15817
11570,16146
11570,16414
11570,17264
11570,17990
11571,12337
11571,13567
11571,15009
11573,14013
11573,14022
11573,19570
11576,19740
11577,16296
11577,19153
11580,14315
11581,12499
11581,14349
11581,15232
11582,16600
11582,16882
11582,19273
11582,19327
11583,13554
11583,16377
11583,17475
11583,18194
11583,19516
11584,12616
11584,14673
11584,14977
11585,12421
11585,14573
11586,12064
11586,14165
11587,12713
11587,16217
11587,17012
11587,17084
11588,17806
11589,12863
11589,14417
11589,15114
11589,16671
11589,18252
11590,19600
11592,12656
11592,14310
11592,17108
11594,11625
11596,15742
11596,16179
11597,16193
11597,16944
11597,19999
11598,17370
11599,11851
11599,19428
11600,11652
11600,15456
11602,12159
11602,12665
11602,14452
11602,15128
11602,17993
11602,18094
11602,19790
11603,13560
11603,18859
11604,14168
11605,16729
11610,12471
11612,12393
11613,14046
11613,14497
11613,18276
11613,19209
11613,19234
11613,19652
11615,15796
11615,17561
11618,11701
11618,16308
11618,17321
11620,15865
11620,17039
11621,13594
11621,15656
11622,11788
11622,19594
11623,15029
11623,16180
11623,18340
11624,18692
11625,12052
11625,13931
11625,17975
11626,11702
11627,18265
11630,14845
11631,13575
11632,15913
11632,17760
11632,17900
11632,19240
11633,14123
11634,15241
11635,12972
11635,14659
11635,18475
11635,19757
11636,15489
11636,16433
11637,14366
11637,18055
11637,18415
11637,19978
11639,18788
11641,15080
11642,14962
11643,16322
11643,19020
11644,17521
11645,11675
11645,16435
11645,18502
11646,12226
11649,13532
11649,17693
11649,19071
11650,12170
11650,19449
11651,18370
11652,12825
11652,13036
11653,14410
11653,14854
11654,15166
11655,13032
11655,13778
11655,19898
11656,12765
11656,17069
11657,11773
11657,15919
11658,13257
11658,19921
11659,19008
11660,12498
11660,13613
11660,14989
11660,15590
11661,16051
11661,16257
11661,17861
11662,14559
11662,17699
11664,18309
11664,19564
11665,12200
11665,13193
11665,15040
11665,16168
11666,12535
11667,13431
11667,15143
11667,15951
11668,12490
11668,14023
11668,15881
11668,16132
11668,16160
11671,16718
11672,15806
11673,15737
11674,14493
11675,12004
11675,13746
11675,16374
11675,17378
11677,12832
11680,14699
11680,16742
11682,12681
11683,16794
11686,13691
11688,16462
11689,16732
11689,18879
11690,12721
11690,14023
11692,13494
11698,12184
11698,12392
11698,18297
11698,18580
11699,11921
11699,12407
11699,15945
11699,16520
11699,18050
11700,12183
11700,15331
11702,16466
11702,19100
11704,12620
11704,14264
11704,15872
11708,13406
11708,14234
11708,16708
11708,17727
11708,18023
11711,13143
11712,14582
11712,16533
11712,16575
11712,18629
11713,14046
11713,14771
11714,16173
11715,17406
11715,18864
11720,12602
11720,12994
11720,14020
11721,14346
11725,12275
11725,14500
11726,16177
11727,15905
11727,18557
11728,13628
11728,17230
11728,18036
11731,14123
11731,16322
11732,11908
11732,17631
11733,13584
11733,14348
11733,15756
11733,19365
11735,12745
11735,18253
11736,19537
11737,17805
11738,16315
11740,14900
11740,16675
11742,13242
11743,15103
11743,15294
11743,15299
11743,16674
11743,17568
11743,17803
11743,18650
11744,11915
11744,15125
11748,12779
11748,17499
11750,12129
11751,16678
11752,11960
11752,16439
11753,12188
11753,19632
11754,17066
11755,12954
11756,12069
11756,14182
11756,15319
11756,16177
11756,16692
11756,18929
11757,13319
11758,14471
11759,17564
11759,18145
11759,18367
11760,14017
11761,13400
11763,13555
11763,15492
11763,16668
11764,12879
11764,13567
11764,14287
11764,19403
11765,13533
11765,19956
11767,15700
11768,12388
11768,12751
11768,15393
11769,14145
11769,14200
11770,12369
11770,14002
11770,14219
11771,15261
11773,13320
11773,15220
11773,17776
11773,18462
11776,17311
11776,18103
11776,18270
11777,12300
11777,18874
11778,12321
11778,15694
11778,16941
11780,18476
11781,15662
11781,19693
11782,12484
11782,17292
11783,12267
11784,14638
11785,14798
11787,12548
11788,13592
11790,15691
11791,15622
11793,15039
11793,15761
11794,18550
11795,18247
11796,11901
11797,16932
11797,19456
11797,19470
11798,13309
11798,16778
11798,18269
11801,13662
11801,18107
11802,12321
11803,14796
11803,15099
11804,14337
11806,13380
11806,16637
11807,18043
11811,14901
11811,18641
11812,15475
11813,14284
11813,17688
11813,18015
11815,14331
11815,16260
11816,15563
11816,18510
11816,19475
11818,18242
11818,19869
11820,13457
11820,14540
11820,17743
11820,18099
11821,18721
11821,19452
11824,18565
11826,15244
11826,15949
11826,16418
11826,17284
11827,14004
11827,18180
11828,12836
11830,18154
11831,13540
11831,17011
11832,16737
11832,17176
11833,16480
11833,16729
11833,19694
11835,12752
11835,14408
11835,16011
11835,16638
11837,12047
11837,19466
11838,12366
11838,13705
11838,15673
11838,18373
11839,17073
11839,18599
11843,12368
11844,14415
11845,13231
11846,11946
11847,16188
11847,18108
11848,12782
11848,13869
11848,16331
11848,17257
11848,19749
11850,15454
11851,12269
11851,14171
11851,15967
11851,16115
11851,17173
11853,12376
11853,15374
11853,16889
11853,18008
11854,14069
11854,14755
11854,17129
11855,11961
11855,13145
11856,14947
11856,17360
11858,15929
11858,16907
11858,18736
11859,18652
11860,12807
11860,19995
11861,17418
11862,14040
11862,19394
11865,14566
11865,17974
11866,19562
11867,12154
11867,14741
11868,16445
11868,17525
11868,17593
11868,18048
11869,15022
11870,14640
11870,15800
11872,16290
11873,14168
11873,16209
11874,14666
11874,15192
11875,12198
11875,12677
11875,15147
11877,12504
11877,14862
11877,18144
11879,13916
11879,16416
11882,16503
11883,18718
11885,13463
11885,18331
11887,14587
11889,14522
11889,15546
11890,19575
11892,12823
11894,13814
11895,12335
11895,13618
11896,13999
11898,12084
11898,16279
11899,13268
11899,17767
11901,11949
11901,15135
11901,17182
11901,18825
11902,16656
11902,19455
11903,12429
11903,19864
11904,14708
11904,15948
11904,18866
11904,19055
11907,13671
11907,19015
11908,13672
11908,14436
11908,18059
11908,19347
11909,14211
11909,18267
11910,12720
11912,17516
11914,17956
11915,13297
11915,15631
11917,12155
11917,13428
11919,12088
11919,14940
11919,15971
11920,14581
11920,16914
11920,19634
11921,16012
11921,17053
11922,14571
11922,17021
11923,14585
11923,16084
11924,19914
11925,16552
11925,16788
11926,17748
11927,19519
11929,12743
11929,13083
11929,14831
11929,16795
11929,17962
11930,15388
11932,12588
11932,14175
11934,13096
11934,16825
11934,17403
11935,16583
11936,14216
11937,12043
11937,12819
11937,17568
11938,16423
11940,13256
11940,16114
11940,16177
11942,17063
11942,17703
11943,18469
11944,14776
11947,17877
11947,18173
11948,16254
11948,16618
11948,17369
11948,19080
11950,14543
11950,18066
11951,16027
11951,17978
11952,13489
11952,14245
11952,14737
11952,18115
11953,18275
11953,19712
11959,18013
11960,13843
11960,19478
11961,14949
11962,16901
11963,13077
11963,17937
11964,14816
11964,17140
11965,12802
11965,12841
11965,13145
11965,14856
11965,17125
11965,19025
11966,14882
11966,15555
11966,15783
11968,15941
11968,16796
11968,19875
11969,17120
11969,17867
11971,16152
11971,18112
11971,18510
11972,13614
11972,14797
11973,17245
11974,16746
11977,14309
11977,14509
11978,13462
11978,19265
11980,12204
11981,12895
11982,13593
11982,16510
11982,18432
11982,19631
11983,15589
11983,19573
11985,18655
11986,12133
11986,13234
11986,14429
11986,15474
11986,17627
11988,18750
11990,12550
11990,15281
11990,16310
11991,14084
11991,19149
11993,18091
11996,12422
11997,14374
11999,14191
11999,14918
11999,17123
12000,13436
12001,12820
12002,18830
12002,19119
12003,17156
12003,17635
12005,14542
12006,17760
12006,19155
12007,16864
12008,18213
12009,15792
12009,18304
12009,18751
12011,14886
12011,15729
12011,17717
12013,12108
12013,13520
12013,15322
12013,16017
12013,16718
12013,17009
12013,18642
12013,19077
12015,12694
12015,16262
12016,19888
12017,13419
12017,14278
12017,16909
12018,19002
12019,19653
12021,17953
12022,12672
12024,12292
12025,16697
12026,19667
12027,17526
12027,18894
12028,15394
12029,15550
12029,15915
12029,17132
12031,13410
12031,19547
12032,12585
12032,15830
12034,15479
12035,16504
12035,17394
12037,15583
12038,13644
12038,16293
12040,12537
12040,16547
12040,19405
12041,19741
12045,15171
12045,17903
12048,13404
12048,13513
12048,15151
12048,19285
12050,13884
12050,16852
12050,18302
12051,13272
12051,15431
12051,19939
12051,19945
12052,16316
12053,14585
12054,13863
12056,18896
12057,19986
12058,18344
12060,16519
12064,12687
12064,13261
12064,14773
12065,12927
12065,19427
12066,13786
12066,17797
12067,18439
12068,14855
12068,14913
12068,15129
12069,16451
12071,15884
12074,13955
12076,13572
12076,13992
12076,14494
12076,17909
12078,15480
12078,15815
12078,19027
12079,14456
12079,15199
12079,15619
12079,15900
12079,17640
12080,16379
12082,12308
12082,13207
12083,13826
12084,19213
12084,19922
12085,16176
12086,13484
12086,15724
12087,14138
12088,13967
12088,14734
12088,17376
12090,14237
12090,16274
12091,16087
12092,14384
12092,16497
12093,16656
12095,16576
12095,17987
12096,12510
12096,16212
12097,13124
12097,13981
12097,15256
12097,16572
12098,14528
12099,12257
12099,12549
12099,14186
12099,14702
12099,15474
12099,17944
12099,18243
12100,14579
12103,13002
12103,18410
12104,12158
12104,12450
12104,15289
12104,15319
12104,18350
12107,19274
12109,15776
12110,14665
12111,16582
12112,18507
12113,12851
12114,13345
12114,18222
12114,19253
12115,17669
12116,12890
12117,17700
12118,12646
12119,13974
12119,14703
12119,14771
12119,15946
12120,15662
12120,18893
12121,12149
12121,14355
12122,15138
12123,14906
12123,15803
12125,14196
12127,15217
12127,16689
12127,18119
12128,13555
12128,17757
12129,15480
12130,17960
12130,19408
12131,16063
12131,17555
12137,18332
12137,18359
12139,15985
12139,17789
12139,19132
12140,13367
12140,14502
12140,18595
12142,13201
12142,14117
12142,18812
12143,18545
12144,12703
12145,12858
12145,14042
12145,19760
12146,13917
12146,16169
12147,12253
12147,12958
12147,13354
12147,17556
12147,18231
12147,18627
12147,19192
12150,13462
12151,14362
12151,17037
12151,17881
12153,16009
12154,14439
12155,13281
12155,18224
12155,18433
12156,15800
12156,17725
12158,16124
12158,16917
12160,13591
12160,17217
12161,17020
12163,15379
12163,18879
12164,14930
12165,16079
12165,19143
12167,14194
12167,15734
12167,18076
12169,12668
12169,12793
12169,12985
12169,15507
12169,19196
12169,19923
12169,19983
12171,17717
12172,13328
12173,12514
12173,13456
12173,17748
12174,14359
12175,15458
12175,18109
12176,16256
12176,19751
12177,14358
12178,14788
12178,14881
12180,13854
12181,19237
12182,12895
12182,18755
12183,12706
12184,13005
12184,16470
12184,17577
12184,18652
12185,15884
12185,18506
12186,13875
12186,19247
12187,17455
12188,14221
12190,14114
12191,12994
12192,17613
12194,14478
12196,13606
12196,18367
12197,14618
12198,16150
12198,16876
12198,17792
12199,17053
12199,18372
12201,13341
12202,13214
12202,13316
12202,15058
12202,19097
12203,12258
12203,18379
12204,15519
12204,16700
12205,12557
12205,17397
12207,14434
12207,17293
12209,19420
12210,15675
12212,12390
12212,18932
12214,19395
12217,12838
12217,13196
12217,17788
12218,19019
12219,19004
12221,16551
12222,14181
12222,16205
12222,18449
12224,16997
12227,15372
12228,18513
12231,14706
12233,14655
12233,14724
12233,16510
12236,13364
12237,16175
12239,13394
12243,13048
12244,16644
12245,14905
12245,16645
12245,18670
12247,15198
12247,17310
12249,13604
12249,15425
12249,18748
12250,17152
12250,19451
12251,18245
12251,18670
12252,15408
12254,19608
12256,14057
12256,14083
12256,15153
12256,19210
12259,12858
12259,18672
12260,12724
12260,16619
12260,17354
12260,18352
12261,14789
12263,14198
12263,16479
12264,18629
12265,13825
12265,14073
12265,19612
12266,18116
12267,12408
12267,13880
12267,14302
12267,18740
12269,12511
12269,13008
12269,15816
12269,19863
12271,14802
12271,17567
12273,14994
12274,13820
12275,19896
12276,17252
12276,18427
12277,17035
12279,13733
12281,16245
12282,15056
12282,18543
12282,18854
12283,12998
12283,13720
12283,16150
12283,18482
12284,13383
12284,13645
12284,13756
12284,19079
12285,15169
12286,14842
12286,16472
12287,14994
12288,12769
12288,14446
12288,16042
12289,12959
12290,19872
12291,15212
12292,16426
12292,17388
12293,19557
12294,15375
12294,17939
12295,17791
12295,18653
12296,14086
12296,19033
12296,19258
12298,12693
12298,14356
12298,15785
12300,12494
12300,13545
12300,15629
12301,15945
12302,13510
12302,13670
12302,19583
12303,14405
12308,17875
12311,18593
12312,19731
12313,12468
12313,16025
12314,16341
12314,17738
12315,15288
12316,17472
12316,17760
12317,16161
12318,16546
12319,16325
12321,17257
12321,18543
12323,15996
12323,16155
12327,17312
12328,12576
12328,14189
12328,15435
12330,17109
12330,17625
12332,13052
12332,15893
12333,17304
12335,17392
12336,16393
12336,17986
12338,19309
12339,17671
12340,17517
12342,13345
12344,13011
12344,14129
12344,15903
12344,17366
12344,17858
12344,19616
12345,13278
12346,13566
12347,18035
12350,14507
12350,17456
12351,16656
12353,13498
12353,15363
12353,18940
12355,14960
12356,17410
12357,12722
12359,13178
12359,15627
12359,18752
12360,15171
12361,17808
12362,19124
12363,17658
12363,19037
12364,16003
12364,17532
12364,17684
12365,14758
12367,19953
12369,18220
12370,15977
12370,16522
12370,17219
12370,19442
12371,15763
12371,18149
12372,16121
12372,16779
12372,19017
12373,16688
12374,15475
12375,12412
12375,18307
12376,15240
12376,17856
12376,19769
12377,16547
12379,12888
12380,15095
12380,17092
12381,15286
12381,18013
12382,14425
12382,16561
12382,19487
12383,18312
12383,18630
12383,19532
12384,13993
12384,16805
12384,19806
12385,12905
12386,18269
12387,16639
12387,17292
12388,15194
12388,15314
12388,16846
12388,19343
12389,12474
12389,13249
12389,16506
12389,19417
12390,13977
12390,18645
12390,19583
12391,16175
12392,13603
12393,14547
12393,14667
12396,19289
12397,14696
12397,15937
12397,15953
12398,12734
12398,12828
12398,14708
12398,15464
12398,15993
12398,16254
12398,18123
12398,19455
12402,17322
12403,14149
12403,15159
12403,16016
12403,17845
12404,16630
12404,18668
12407,16904
12407,19520
12410,17917
12413,15017
12413,16587
12414,13493
12415,14897
12415,16578
12415,17602
12417,13791
12418,13210
12418,14094
12422,15217
12422,17281
12422,18827
12423,15089
12423,16161
12424,18960
12425,12827
12426,14666
12426,14825
12427,15133
12427,16788
12427,18328
12428,14292
12428,17668
12429,12540
12429,13824
12429,17392
12430,18263
12431,13710
12432,18820
12433,15607
12434,17280
12434,19926
12435,14053
12435,16733
12435,17696
12435,17764
12435,18462
12435,18680
12436,13085
12436,14932
12436,16445
12438,12527
12441,16875
12444,17679
12445,13293
12445,13416
12445,14689
12447,12834
12447,12840
12449,15006
12450,14700
12451,13255
12451,13770
12451,14217
12451,16935
12451,17533
12451,18258
12451,18726
12451,19300
12452,17121
12453,13132
12453,13517
12455,14197
12455,19094
12456,12745
12456,19965
12457,15465
12458,14524
12458,19270
12459,15146
12459,19890
12460,16637
12460,19289
12461,12949
12461,14482
12462,15367
12463,16913
12464,12812
12464,13098
12464,18814
12464,18868
12464,19708
12467,17527
12468,15118
12468,16259
12470,15796
12470,17371
12471,14479
12471,14657
12471,16505
12471,17853
12471,18886
12471,19967
12472,17391
12473,13441
12475,19002
12476,19028
12477,13341
12477,13605
12478,13900
12478,18831
12480,14583
12481,16973
12481,19570
12482,15431
12482,17797
12482,19018
12484,18593
12485,14069
12485,18624
12489,13618
12489,14014
12489,16112
12489,19528
12490,13654
12491,14222
12491,14754
12491,19012
12492,15288
12494,16929
12494,17907
12496,17803
12497,15653
12498,14629
12498,15013
12498,15676
12499,17356
12500,13696
12501,12621
12501,12692
12501,13931
12501,15828
12501,16601
12501,18903
12502,12692
12502,13474
12502,18835
12503,15950
12503,17787
12504,16512
12505,14696
12505,18649
12505,19909
12508,12809
12508,13083
12509,14702
12509,18230
12510,15113
12511,13519
12512,12595
12515,15814
12515,17491
12516,19713
12517,12557
12517,16818
12518,13513
12519,15912
12520,13322
12520,19081
12521,15650
12521,17045
12521,19659
12522,13258
12523,18701
12524,16029
12525,15122
12525,16394
12527,12846
12527,17750
12528,15313
12528,17446
12531,13531
12531,16325
12538,15438
12538,19279
12539,16748
12541,19727
12542,13557
12543,15404
12543,16348
12543,18274
12545,19516
12546,19798
12547,16365
12548,12565
12548,16023
12548,19082
12548,19588
12549,17754
12549,18950
12550,14867
12550,18179
12551,18298
12552,16704
12553,18599
12554,12694
12555,13857
12555,15071
12555,18345
12556,18581
12563,16429
12563,18582
12565,16207
12566,13809
12566,14298
12566,16878
12570,13857
12571,16421
12572,16242
12575,15863
12576,16078
12576,18853
12577,19032
12577,19898
12578,13126
12578,14441
12581,18243
12582,12952
12583,19352
12584,14238
12584,15670
12584,19050
12585,13587
12585,14586
12587,18000
12587,18928
12588,18746
12589,18855
12590,18326
12591,13548
12593,19563
12596,15498
12596,18930
12598,15388
12598,16761
12598,17254
12598,19031
12598,19347
12600,14150
12600,18170
12603,16829
12603,19618
12604,18046
12604,19083
12609,13136
12609,17158
12609,17763
12610,17592
12610,17784
12611,14137
12611,15694
12611,17356
12611,18708
12612,15681
12613,14599
12615,13856
12615,15377
12615,19721
12616,14076
12618,14303
12618,18334
12619,13324
12619,18353
12620,19949
12621,13578
12621,16742
12622,17320
12622,17737
12624,13442
12624,17859
12624,17984
12624,18307
12625,18272
12626,14654
12626,18148
12627,12992
12627,13987
12627,15314
12629,16869
12630,13023
12630,14009
12630,19619
12632,13784
12632,18356
12633,17593
12635,12993
12635,13395
12636,19514
12643,14627
12644,17525
12645,14634
12647,13035
12647,13310
12647,17729
12647,17924
12648,19727
12649,13091
12649,15381
12649,18448
12650,14195
12651,13997
12652,14226
12652,14885
12652,16413
12652,16929
12655,13692
12655,13745
12656,12989
12658,18036
12659,14778
12660,13899
12661,14282
12661,18089
12662,17085
12663,12722
12664,16576
12664,19715
12666,13257
12666,16669
12666,17994
12666,18267
12666,19988
12669,12993
12669,13320
12669,14769
12669,14802
12669,15900
12669,16060
12669,17375
12669,18193
12669,19876
12672,17111
12673,15428
12674,17175
12676,16137
12676,17543
12678,14846
12678,15193
12678,15331
12678,16318
12678,17367
12679,15330
12679,17698
12679,19229
12680,18165
12681,16502
12681,17954
12683,17695
12683,18820
12683,19782
12685,16274
12686,12887
12686,16688
12686,19611
12689,18080
12693,13120
12693,17141
12695,13568
12695,14528
12695,17507
12695,19866
12698,13553
12699,13392
12701,17671
12702,13201
12702,16568
12702,19079
12704,19496
12706,13339
12707,16122
12708,15271
12710,13360
12710,13633
12713,14613
12713,16366
12713,17828
12713,18151
12713,18456
12714,18617
12716,15057
12716,18945
12717,13661
12717,14673
12718,13245
12718,18495
12720,16910
12721,13698
12722,13689
12722,14274
12722,14758
12722,19176
12722,19360
12723,16811
12724,14022
12725,17157
12725,19391
12725,19854
12727,17982
12727,19735
12730,14238
12730,15384
12730,15885
12730,19495
12730,19767
12732,16922
12733,18716
12735,17094
12736,17199
12736,17207
12737,18013
12738,14895
12738,14983
12739,17155
12739,19475
12742,13597
12742,18423
12742,18838
12743,13275
12743,18751
12744,16115
12746,14374
12746,17694
12747,13164
12747,13382
12748,13746
12749,17571
12750,17860
12751,17224
12751,19095
12752,16191
12752,16542
12752,16657
12752,19413
12753,14040
12753,19879
12755,17946
12755,19676
12756,13856
12757,15871
12757,18778
12757,19844
12758,13230
12758,14573
12761,18825
12763,14013
12765,13148
12765,17533
12765,18724
12766,16155
12767,14658
12768,16197
12768,18372
12769,14690
12769,14891
12769,15522
12769,19882
12770,19668
12772,19404
12773,14110
12774,12814
12774,14336
12775,17149
12777,13039
12778,14649
12779,13613
12781,14185
12781,14342
12781,17722
12782,19650
12782,19940
12783,15398
12783,18545
12784,13655
12784,14571
12784,14716
12784,16530
12789,16507
12790,14473
12791,13611
12791,17267
12792,18320
12792,18684
12796,14502
12796,16298
12796,19039
12796,19683
12797,14751
12797,14815
12798,18100
12799,12953
12799,15090
12800,13404
12800,15752
12800,16592
12801,17554
12801,17636
12802,13860
12802,14589
12802,16973
12802,17642
12803,15963
12804,13473
12804,15051
12805,18416
12806,14312
12806,16567
12808,12896
12808,13496
12808,16483
12809,17431
12809,18466
12810,13772
12810,16681
12810,18338
12810,18797
12812,13417
12812,16338
12813,13068
12813,14097
12814,13457
12815,19202
12824,19714
12825,17509
12826,13155
12826,14124
12826,15346
12828,13372
12829,18188
12830,16809
12830,18549
12831,18250
12832,14806
12833,15220
12833,15878
12833,17623
12833,17689
12833,19515
12835,13558
12835,17293
12836,13241
12836,13430
12839,13498
12839,14251
12842,15271
12844,18097
12847,18591
12848,14853
12848,19839
12849,13963
12850,14740
12850,17380
12850,18088
12850,19148
12850,19918
12853,16862
12854,12876
12854,13760
12854,15726
12854,16879
12854,19136
12858,13343
12858,13548
12858,14509
12858,15660
12858,17713
12858,18616
12859,14801
12859,15612
12859,16908
12859,18202
12859,19101
12860,16768
12861,13749
12861,14194
12862,13587
12862,17062
12863,14358
12864,14544
12864,17643
12866,15134
12867,17267
12867,17282
12868,14304
12869,13189
12869,17684
12870,18993
12873,17151
12873,18576
12875,19128
12876,15051
12876,18358
12879,18513
12881,14140
12881,15056
12881,15644
12883,13142
12883,15439
12883,19872
12884,17419
12884,18164
12886,13712
12887,14173
12887,18491
12889,19054
12889,19231
12890,15791
12891,18617
12891,19967
12892,14807
12892,16900
12893,14589
12894,16214
12895,19102
12898,13486
12898,15228
12898,18536
12902,19624
12904,14956
12904,15792
12904,19580
12905,15390
12907,13224
12907,17597
12907,19176
12907,19274
12909,16800
12911,12991
12911,16499
12911,17264
12911,17397
12911,18755
12912,16689
12912,17630
12913,14565
12914,14766
12914,15063
12915,16913
12917,16812
12918,17952
12919,13557
12920,18300
12920,19497
12921,19177
12923,16397
12924,16623
12924,19302
12925,14935
12927,15314
12927,17190
12928,13281
12928,13306
12929,14157
12930,15596
12930,18538
12931,17503
12933,15260
12934,15772
12938,15361
12939,15273
12939,16194
12940,16939
12940,18452
12940,18609
12941,15501
12944,15203
12944,17729
12944,18934
12946,14791
12946,17746
12947,14812
12947,19455
12949,14129
12949,18746
12949,19354
12950,17890
12951,13152
12951,14256
12951,16791
12952,14516
12952,16195
12953,19559
12954,15536
12956,15770
12956,16442
12956,16562
12957,14283
12957,14863
12957,16416
12957,17150
12958,13951
12958,14036
12959,14726
12959,18838
12960,14515
12960,19464
12961,14790
12961,18380
12963,14611
12963,19554
12967,18429
12967,18778
12967,19754
12973,19423
12974,15270
12977,16015
12978,16238
12979,15195
12979,17365
12979,19521
12980,14781
12980,15751
12981,17063
12984,17899
12985,13915
12985,17179
12988,17286
12988,17929
12989,16738
12990,16479
12990,19883
12991,16434
12992,13785
12993,13435
12993,16026
12993,17259
12993,19823
12994,12997
12995,16411
12998,17238
12998,17668
12999,17953
13000,16145
13000,16548
13000,16785
13000,17424
13002,16673
13003,13053
13004,13087
13004,15109
13004,15493
13004,17880
13005,15034
13006,13960
13007,16219
13007,17162
13010,13838
13010,17241
13012,13845
13012,19524
13013,13728
13013,16551
13013,17461
13013,19560
13014,13679
13014,15515
13014,19918
13018,14264
13018,18375
13020,17044
13022,14824
13024,13164
13024,15659
13024,17515
13024,19038
13025,14169
13027,13617
13027,15516
13028,15938
13028,19812
13029,18499
13030,15601
13030,17582
13032,13561
13033,16402
13034,15255
13034,17695
13035,13658
13036,13879
13036,19392
13037,15113
13038,19526
13040,15152
13040,15929
13041,14025
13041,19356
13042,15091
13042,16552
13044,19328
13046,14625
13046,14934
13046,15703
13046,19834
13047,15465
13047,17050
13047,17586
13049,13679
13052,13368
13052,17017
13053,15747
13053,16841
13056,14764
13058,13622
13059,14875
13062,14174
13062,14904
13062,16550
13063,14069
13065,14084
13066,16770
13066,18138
13068,18560
13069,13517
13069,14957
13069,16674
13070,15493
13071,13160
13071,13938
13071,18249
13074,13223
13076,13919
13076,14598
13076,15848
13076,17945
13076,19530
13077,17942
13079,14199
13079,15255
13079,17417
13080,19993
13081,13507
13081,18816
13081,18998
13081,19142
13081,19938
13084,14971
13085,13373
13089,16984
13089,18013
13090,17537
13091,15233
13092,13250
13093,16527
13094,16334
13094,17089
13094,17648
13094,19306
13095,17303
13096,14985
13096,15493
13097,19301
13098,18143
13098,18441
13099,13169
13099,14678
13099,15381
13100,15200
13100,15886
13101,13109
13101,17098
13102,16070
13102,18150
13103,18007
13103,18948
13103,19827
13105,14929
13105,16323
13105,16563
13108,16198
13108,19745
13109,16748
13112,18826
13115,18515
13116,17329
13116,17673
13117,17135
13118,16116
13120,14653
13121,14452
13121,18248
13121,19459
13122,15191
13122,16947
13123,13906
13123,19274
13124,14043
13124,18257
13125,16528
13125,18953
13127,14337
13127,15978
13127,17341
13127,17462
13127,19398
13128,16838
13130,13562
13133,14312
13134,14924
13134,16206
13135,17394
13136,16293
13138,15171
13140,14336
13141,17987
13142,14984
13142,15330
13143,13566
13143,18662
13144,15246
13144,16422
13144,17382
13144,18405
13144,19728
13145,14508
13145,15651
13145,15666
13145,15897
13145,16944
13145,19468
13147,19283
13149,13459
13150,18627
13152,13988
13152,14575
13152,18770
13153,15282
13154,13793
13156,14719
13156,16368
13156,16736
13156,19282
13157,13866
13159,14081
13163,14176
13165,14059
13165,15518
13165,17219
13166,18607
13167,14558
13167,17934
13168,16993
13168,17892
13169,17140
13170,14292
13170,14456
13172,13578
13172,18070
13173,19871
13176,13639
13178,15153
13180,16920
13180,17924
13181,13318
13181,14112
13181,14155
13181,14948
13181,18964
13182,15561
13182,19433
13183,13275
13183,14925
13185,14816
13185,16434
13185,19889
13187,16856
13188,13291
13188,19072
13188,19960
13189,15256
13190,15021
13191,13848
13193,13816
13193,16678
13194,13832
13195,13367
13195,19300
13196,13215
13196,13610
13196,19917
13198,16211
13200,14137
13200,16281
13200,17451
13200,19583
13201,14093
13202,16511
13202,16982
13203,18006
13204,16466
13204,18461
13206,15135
13206,15470
13206,18424
13209,15672
13211,17651
13213,18534
13215,16300
13216,13958
13216,19999
13217,18990
13219,14610
13221,17569
13221,18075
13222,16389
13225,15388
13225,15478
13225,17469
13226,15087
13227,18372
13228,16309
13228,16614
13232,14976
13232,19471
13233,19415
13234,13870
13234,15318
13234,19378
13238,17428
13238,19298
13239,16018
13239,18619
13239,19448
13241,14385
13241,14904
13242,19645
13243,13494
13243,14121
13243,15003
13243,15320
13243,18892
13244,17366
13246,14973
13246,16061
13250,17848
13252,19426
13253,14458
13253,19545
13254,14152
13254,14489
13255,13582
13256,14026
13257,16689
13259,14696
13259,16086
13260,17799
13262,13886
13262,16187
13262,16378
13262,18553
13263,13560
13265,19993
13266,15350
13267,13898
13267,19145
13270,13700
13270,18352
13275,16298
13275,19494
13277,19782
13278,19323
13280,15921
13280,18066
13280,19259
13281,16111
13283,14142
13284,18041
13285,15749
13287,16440
13291,16490
13291,17574
13292,14986
13292,18541
13292,19833
13293,18106
13294,14166
13294,14195
13294,16243
13294,19127
13294,19987
13295,17652
13296,17031
13296,18955
13296,19152
13297,16005
13297,18127
13297,18606
13300,19131
13302,14238
13302,17538
13302,18574
13302,19444
13304,16774
13305,14699
13305,15825
13307,15477
13308,15645
13308,17203
13308,19273
13310,15117
13310,16417
13311,16406
13312,15990
13314,15087
13314,17852
13315,15699
13316,14065
13319,14205
13320,17256
13323,15017
13323,18521
13323,19459
13325,17574
13327,15687
13327,19849
13328,17295
13328,17957
13329,13418
13329,14013
13329,17198
13330,18256
13330,19031
13332,18583
13333,19988
13334,18957
13336,17580
13337,18151
13338,15994
13339,18254
13339,19497
13340,14291
13340,14827
13341,14661
13341,16314
13342,19823
13343,13783
13344,17437
13346,14981
13346,18400
13346,18658
13346,18913
13346,19168
13348,14560
13349,14394
13349,17737
13352,17252
13353,15402
13353,19279
13354,14896
13355,14434
13356,16166
13356,18077
13357,13912
13357,14733
13357,15051
13358,17086
13359,14454
13359,16527
13360,14072
13361,16096
13362,14594
13362,15917
13362,17776
13363,15574
13363,16461
13364,14066
13364,18399
13365,13856
13370,18948
13371,18257
13373,19431
13373,19542
13376,14306
13376,14451
13376,17962
13377,17004
13377,19727
13378,16110
13378,16282
13379,15190
13379,18448
13379,18480
13380,13912
13380,14807
13380,17767
13380,18621
13383,13481
13383,15149
13385,17009
13385,18594
13386,14052
13387,18433
13389,14123
13389,15434
13390,15441
13390,18086
13391,15868
13391,19736
13392,16962
13393,19317
13395,14220
13396,14253
13396,15529
13397,17220
13397,18719
13398,16596
13399,13607
13400,18836
13400,18853
13401,16424
13401,16458
13401,17402
13401,18522
13403,15695
13403,18654
13404,13455
13405,13564
13406,15187
13406,15882
13406,18471
13407,17276
13409,15941
13410,15345
13410,15360
13410,17055
13411,14725
13411,15159
13411,15494
13411,19298
13413,18392
13415,14380
13415,17456
13416,13724
13416,15177
13416,18866
13418,19721
13419,15881
13420,16228
13420,19775
13423,13935
13423,18590
13425,16893
13426,13518
13426,15908
13427,19676
13428,14207
13428,15587
13429,13536
13429,18511
13430,14879
13432,14502
13432,19248
13433,19820
13435,14254
13435,18147
13435,18154
13435,18173
13435,19802
13436,16002
13436,17138
13436,18373
13436,19267
13438,16875
13439,15102
13439,17920
13440,14232
13440,14938
13440,16093
13441,13544
13441,16696
13441,18773
13442,17364
13442,19192
13442,19872
13444,19652
13445,13584
13446,16180
13447,17440
13448,14662
13448,15923
13448,16348
13448,16474
13448,16762
13449,19998
13450,17100
13450,19984
13451,19058
13451,19658
13452,19866
13454,14655
13454,19243
13455,15234
13458,16060
13458,16275
13459,13956
13461,16880
13462,19303
13468,13945
13468,14538
13469,13473
13472,16211
13472,17110
13473,15204
13474,13858
13475,13703
13476,16432
13476,17166
13476,17522
13476,19107
13476,19308
13477,15959
13479,14551
13481,19748
13484,16547
13484,19788
13485,19133
13488,17007
13490,18222
13490,19189
13491,18482
13493,19116
13494,16872
13494,19350
13496,16437
13497,16692
13497,18985
13498,15198
13498,16862
13498,17568
13499,15072
13500,17673
13501,14597
13502,14112
13503,16364
13504,13666
13504,14698
13505,14480
13505,14541
13505,19754
13506,15249
13508,17635
13509,15288
13509,18974
13510,14631
13510,15526
13511,14589
13511,14716
13511,15551
13514,18161
13515,15075
13515,16119
13515,17383
13515,17894
13515,18462
13516,13866
13519,16798
13522,18010
13524,18060
13528,14347
13528,15722
13529,14565
13531,14159
13531,19613
13533,18686
13535,15970
13536,15089
13537,15898
13538,16108
13539,15442
13539,15751
13540,14766
13540,19872
13544,15062
13544,15516
13544,15749
13545,13958
13547,15391
13550,13684
13551,18233
13551,18852
13552,15051
13553,18956
13554,17443
13554,18851
13557,14451
13557,19307
13558,15889
13559,17402
13561,13921
13561,18295
13561,19255
13562,17030
13562,19351
13563,14761
13564,15292
13564,17968
13565,18783
13566,14799
13568,17108
13568,18614
13569,13718
13571,14050
13571,14540
13571,18969
13571,19228
13572,14546
13572,18186
13573,15802
13573,16375
13573,18141
13573,19249
13576,13889
13576,15710
13576,18231
13576,19503
13576,19538
13577,15524
13577,16853
13578,14642
13578,17794
13580,14977
13580,18648
13583,14288
13584,14844
13585,16191
13589,16418
13589,17457
13592,17790
13593,16270
13594,14628
13594,19375
13595,15771
13596,16164
13598,17019
13603,18546
13604,16538
13605,14853
13605,14980
13605,17771
13607,13633
13607,16267
13607,18277
13610,15710
13611,16196
13611,17347
13612,17891
13612,18052
13614,15737
13616,14898
13618,15715
13618,19314
13619,14589
13619,16740
13619,17689
13619,17751
13621,13636
13621,19716
13622,15475
13624,15617
13624,16581
13625,16882
13625,17135
13626,13897
13626,17624
13627,15242
13628,13789
13628,14081
13631,16191
13631,16712
13631,18363
13632,17052
13634,18622
13638,13894
13639,18539
13640,14674
13640,17495
13640,19731
13641,14857
13646,14467
13648,13719
13649,19557
13650,16442
13650,18944
13651,15604
13651,18042
13651,18910
13652,16205
13652,19771
13653,17203
13653,18389
13653,19585
13654,19985
13655,14242
13655,16480
13655,18034
13656,17308
13659,16670
13659,18468
13660,14703
13662,17626
13662,18009
13663,16425
13664,16003
13665,19575
13667,14813
13668,14465
13669,14033
13671,16954
13671,17798
13672,15676
13673,13908
13673,14787
13673,19957
13674,16985
13677,14857
13678,19363
13680,13969
13681,16017
13681,17159
13683,17489
13689,18859
13690,16053
13691,19059
13692,14516
13694,18642
13695,19276
13696,16653
13697,15302
13698,16205
13700,16029
13702,15887
13703,14788
13707,14500
13714,18501
13714,19269
13715,15755
13715,16331
13716,18063
13718,19443
13719,14268
13721,13935
13721,16146
13721,17576
13722,19281
13722,19750
13723,15139
13726,14520
13727,18706
13729,18603
13730,16282
13730,17022
13730,18760
13730,18850
13730,19897
13733,15008
13733,15021
13733,17889
13733,18535
13735,17232
13736,19551
13737,14912
13737,19806
13739,17557
13739,18193
13740,18381
13740,18450
13741,14808
13741,17384
13741,19277
13742,15496
13745,14901
13745,15433
13747,17667
13748,17124
13749,19018
13750,17549
13752,19394
13753,14197
13753,16577
13753,16662
13753,18485
13754,14341
13757,16136
13758,14568
13758,15349
13758,16115
13761,16018
13761,17396
13761,17506
13761,17928
13762,16127
13762,16418
13764,16648
13765,15409
13765,16607
13765,16967
13766,16534
13767,18659
13768,14556
13768,16716
13768,19182
13770,19401
13773,14353
13773,14359
13773,18662
13774,15081
13775,16347
13776,14877
13777,19136
13778,14299
13778,14611
13778,19097
13778,19553
13779,16735
13782,15122
13784,13909
13784,19053
13785,14136
13785,17785
13786,18812
13789,15610
13789,17384
13790,19256
13792,13927
13792,14360
13792,14738
13792,15596
13792,15719
13795,15653
13796,18499
13797,19039
13798,16599
13798,18968
13799,13897
13800,14759
13801,15558
13801,16290
13801,17590
13801,19625
13802,17075
13803,13903
13803,15254
13803,15540
13804,14087
13805,19566
13807,15345
13810,18840
13812,14786
13812,14940
13814,19284
13816,18779
13820,13943
13820,17755
13821,19118
13822,14999
13824,17259
13824,19409
13825,18906
13825,18934
13826,16407
13828,19986
13829,19325
13831,16635
13831,18977
13833,14807
13834,14695
13834,16986
13837,16795
13838,18657
13839,14815
13839,16547
13840,18991
13841,13870
13841,13885
13841,15197
13841,15538
13841,19233
13843,16098
13843,18511
13844,19277
13845,19674
13848,15249
13848,16411
13848,18220
13848,19404
13849,15948
13849,18563
13849,18775
13849,18911
13852,14743
13852,15073
13852,16850
13853,18116
13853,18770
13854,14090
13855,19330
13857,14213
13858,16509
13859,17158
13859,18326
13860,15191
13861,16932
13861,18321
13862,17110
13863,13917
13863,16174
13864,14163
13868,17785
13869,15280
13869,16215
13869,17819
13869,18758
13870,16643
13871,16854
13872,14785
13873,15509
13875,15475
13876,14745
13877,16074
13877,17970
13882,18270
13883,16763
13884,16534
13885,19987
13888,18141
13889,14014
13889,15421
13891,17077
13892,16883
13894,16540
13895,15237
13895,17774
13896,14061
13896,15162
13896,19413
13897,19997
13901,16725
13902,17908
13902,18273
13902,19249
13904,14490
13904,14779
13904,16226
13909,17558
13909,19795
13911,14470
13912,19211
13912,19606
13915,15132
13915,15756
13916,15700
13918,16390
13919,15017
13919,17526
13919,18897
13920,14112
13920,18846
13921,17398
13927,15673
13927,15790
13928,18934
13931,14030
13931,19136
13934,15032
13936,16296
13936,17749
13938,18428
13939,18027
13941,14034
13941,16859
13943,19405
13947,14640
13948,14059
13950,16037
13950,16174
13956,14453
13956,19139
13959,19656
13961,15633
13961,18689
13962,15101
13962,18905
13963,15054
13963,18014
13964,15197
13966,15881
13967,19261
13969,17885
13970,18899
13971,14925
13971,16353
13973,13979
13973,14323
13973,18385
13974,17334
13974,17804
13975,13986
13976,14352
13976,16810
13978,18224
13979,19920
13980,16144
13980,17702
13980,17933
13981,16208
13981,16458
13982,15381
13984,15073
13984,17849
13986,16184
13986,16893
13986,19387
13987,16657
13987,17004
13988,14592
13988,19534
13989,15510
13990,15593
13995,14932
13997,16536
13998,16144
14000,18759
14001,17265
14001,18429
14002,14622
14002,15402
14003,14150
14004,15269
14005,16143
14005,16960
14007,14303
14007,14576
14007,17481
14007,18625
14008,14908
14009,19452
14012,19291
14013,17402
14013,19581
14015,16221
14015,17140
14015,17802
14015,18998
14016,15468
14017,14832
14018,15544
14021,14164
14021,14189
14022,19061
14022,19820
14024,16389
14024,18578
14024,18981
14025,14423
14025,17889
14028,15720
14030,14658
14031,14442
14033,15433
14034,17600
14034,17676
14036,18370
14037,17925
14038,18344
14038,18512
14039,15027
14039,15075
14039,15561
14040,14695
14040,15490
14040,15568
14040,17431
14041,15328
14042,17037
14045,16704
14047,14844
14047,16426
14047,18223
14047,19044
14047,19215
14047,19535
14048,19469
14053,15471
14053,15644
14053,19154
14055,14141
14055,14981
14056,15737
14057,17984
14058,19333
14059,15281
14060,19576
14062,17552
14063,16007
14063,16990
14064,14547
14064,18387
14065,19012
14066,16017
14066,16760
14066,19246
14069,14552
14069,16893
14069,17185
14070,18022
14071,16786
14072,19157
14074,18921
14076,15978
14078,18223
14078,19996
14079,15495
14079,15531
14083,18681
14086,15484
14086,19799
14088,15738
14089,15844
14090,16245
14090,17610
14090,19040
14091,14832
14091,16174
14091,17705
14092,17862
14093,18891
14094,14207
14094,16195
14094,17346
14094,17740
14094,18085
14096,18139
14097,14280
14098,15757
14101,14684
14103,19797
14108,16346
14108,19991
14110,18982
14112,15290
14112,17585
14114,14622
14115,19065
14118,19791
14122,14965
14122,17289
14123,15122
14123,17407
14123,18281
14123,18406
14126,17810
14126,18553
14128,16129
14128,19179
14129,15317
14129,17200
14129,17773
14130,19426
14131,14688
14131,17805
14133,15349
14133,16712
14134,19284
14135,17822
14135,18529
14136,18612
14138,18017
14140,14735
14143,16421
14143,17434
14144,15414
14145,17509
14145,17836
14145,18635
14146,17496
14147,14601
14148,19311
14150,16987
14150,18636
14153,17584
14156,17202
14156,18099
14157,15250
14157,16488
14157,16768
14157,16830
14158,16178
14160,14630
14160,14994
14160,19018
14162,16826
14164,16328
14164,19923
14166,19844
14168,14350
14168,14705
14168,15708
14169,17642
14170,15448
14170,18230
14170,18757
14171,14628
14171,15197
14172,19222
14174,15685
14175,15597
14177,18236
14178,17018
14178,18298
14182,16703
14182,17063
14182,18377
14183,16125
14183,17559
14183,18383
14183,19019
14185,14580
14185,16661
14186,18835
14186,19174
14186,19939
14188,17298
14188,19411
14189,14649
14189,17642
14192,15364
14192,18467
14195,14757
14196,15200
14196,16813
14198,16892
14198,17329
14206,14944
14208,17476
14208,18386
14208,19824
14209,18289
14211,14557
14211,15713
14214,19547
14215,14305
14215,17534
14216,14617
14217,16031
14217,16474
14218,19222
14218,19748
14221,18427
14222,17783
14224,19951
14225,16403
14225,19973
14228,19827
14231,15015
14231,15627
14231,15911
14231,16969
14232,16114
14232,16905
14233,15892
14236,15348
14236,18315
14237,15632
14241,16354
14243,15417
14244,19024
14245,16531
14245,19208
14246,14557
14246,16920
14247,19151
14248,17898
14249,18294
14249,18543
14251,14675
14251,16218
14255,14877
14255,18369
14255,18933
14256,19589
14258,14283
14261,18120
14261,19721
14262,15647
14262,19299
14263,15615
14263,16830
14265,17546
14266,15151
14266,15664
14266,18004
14266,18526
14267,19443
14268,17015
14271,15778
14272,14361
14272,14517
14272,17926
14275,14428
14276,16277
14277,17780
14278,14949
14278,19789
14279,14391
14281,14642
14281,15771
14284,14403
14285,16905
14285,17508
14285,17531
14286,16455
14286,19260
14287,15778
14287,18816
14288,15362
14290,15065
14291,14867
14291,16723
14293,14368
14293,15533
14293,19821
14295,15766
14297,16881
14300,16636
14300,19316
14302,15847
14303,14597
14307,16111
14309,17126
14310,16166
14310,18698
14310,19406
14312,15603
14312,17174
14313,17439
14314,15841
14314,18259
14314,18341
14316,19233
14318,14967
14318,15908
14318,17977
14318,17989
14319,14997
14320,15369
14321,14404
14321,15036
14321,16272
14321,17262
14321,17953
14322,15978
14325,15889
14326,16298
14327,16438
14328,17043
14328,18453
14330,16506
14330,19070
14334,15678
14335,15660
14337,15774
14339,15719
14339,15992
14339,16586
14342,18830
14343,18650
14343,18973
14344,15735
14348,15193
14348,19458
14350,15357
14350,16666
14350,19607
14353,17897
14355,18541
14357,14796
14357,16356
14357,18233
14358,15586
14358,18961
14359,14551
14360,16327
14362,18716
14366,19570
14368,15842
14370,16161
14371,17213
14372,16263
14373,15627
14374,14993
14374,18603
14375,16584
14375,16778
14375,17376
14377,19191
14377,19708
14378,14424
14378,17933
14380,17325
14380,19574
14382,17596
14383,17409
14385,16476
14386,17605
14386,19917
14387,15249
14387,15400
14387,18870
14390,15519
14391,14968
14394,14985
14394,19646
14395,17498
14396,14450
14398,19107
14400,16395
14401,14699
14402,16588
14402,19373
14403,16105
14404,19587
14405,18215
14406,17860
14406,18807
14407,18603
14408,15408
14408,17549
14408,18244
14412,17727
14412,18941
14412,19487
14413,15084
14415,16168
14415,17976
14416,15743
14418,14948
14418,15880
14418,16026
14421,17501
14421,17587
14421,19746
14422,16972
14422,18074
14425,17618
14426,16903
14428,17591
14431,19845
14433,15720
14433,16411
14433,18505
14435,17648
14436,18740
14439,15420
14439,19481
14440,18233
14440,19414
14441,15768
14441,17410
14443,17891
14444,14597
14444,18704
14446,16381
14447,15244
14448,16529
14448,16761
14450,18119
14450,19683
14451,16263
14454,17923
14455,17459
14455,17714
14455,18057
14457,19227
14458,15926
14459,15031
14460,16584
14460,17930
14461,15224
14462,17035
14463,17039
14464,14484
14464,15208
14465,15516
14465,15773
14465,16450
14465,16559
14466,15943
14466,15968
14467,18996
14468,15448
14468,16182
14470,17685
14470,18869
14472,18972
14473,15351
14474,15629
14474,19537
14476,17932
14479,16213
14479,17220
14479,18075
14479,18423
14480,15975
14480,16584
14482,16732
14483,14963
14485,15453
14489,18407
14489,19773
14491,16636
14492,15688
14492,17539
14495,15608
14496,14842
14497,15167
14497,17123
14500,17546
14501,18570
14501,19188
14502,15848
14507,19573
14509,15527
14509,17566
14509,17949
14512,16077
14515,16713
14515,19975
14519,14699
14519,16481
14519,17255
14519,18634
14521,19765
14524,17888
14524,19019
14527,14847
14530,15136
14531,17134
14531,17530
14533,14806
14533,16330
14533,16589
14533,16664
14533,19628
14533,19820
14535,18503
14536,19076
14537,15771
14537,16066
14538,16123
14541,17166
14542,18619
14542,19479
14543,15073
14543,17658
14543,18761
14547,17142
14548,14815
14548,16897
14548,19449
14550,15571
14550,17332
14550,17343
14550,17575
14551,16931
14552,17255
14552,17788
14557,17735
14558,16882
14560,15061
14560,15884
14561,16359
14561,17645
14563,14645
14563,18315
14565,16055
14565,17371
14568,15133
14569,15793
14569,19805
14569,19914
14570,16503
14573,15276
14573,17466
14573,18741
14573,19486
14575,19660
14576,18765
14578,19275
14579,15714
14580,19265
14582,14906
14582,19775
14583,17345
14585,15431
14587,16828
14588,15393
14589,18354
14590,15487
14592,16116
14592,18647
14594,14839
14594,17022
14594,18525
14594,19490
14595,15906
14595,19887
14597,14851
14597,15721
14600,16977
14603,18722
14603,18923
14606,15948
14606,18269
14609,19655
14610,16922
14611,18997
14613,19191
14614,17310
14615,16880
14617,17578
14617,18460
14619,15937
14620,15001
14621,18855
14621,19537
14623,17875
14625,16695
14626,16577
14626,17976
14626,19665
14627,15165
14627,17778
14629,15861
14630,19661
14632,16420
14632,18414
14633,15410
14633,17889
14634,16842
14637,19558
14640,15074
14640,16409
14640,18041
14641,18383
14643,16439
14643,18901
14644,17194
14644,17986
14644,19940
14645,14773
14645,16862
14645,16907
14645,17268
14646,16008
14646,19695
14646,19991
14647,15869
14650,16671
14650,16858
14650,17068
14650,17537
14650,18320
14655,15149
14659,15323
14659,15628
14659,15754
14661,15492
14663,17464
14663,18640
14664,19436
14666,17224
14666,17790
14666,19466
14668,16897
14669,16950
14671,15728
14671,18721
14679,15335
14679,15500
14679,19887
14680,16250
14680,19879
14681,16380
14683,15510
14687,17172
14688,15957
14689,15732
14689,18867
14694,16224
14695,17740
14696,17150
14700,15263
14700,17887
14701,15050
14702,15964
14702,18702
14702,19381
14703,16832
14706,17838
14707,19478
14708,15686
14709,15835
14710,18547
14711,16771
14711,18220
14712,16114
14714,14743
14716,19062
14717,18580
14722,16078
14722,19370
14723,16051
14723,17014
14724,15758
14725,14767
14726,19475
14728,19890
14730,19300
14732,15209
14734,16110
14734,17936
14735,16349
14736,18664
14738,18667
14738,18926
14739,14969
14741,16809
14746,15061
14750,15758
14751,18912
14753,17971
14755,18952
14757,17144
14757,19401
14758,14957
14759,15997
14759,19771
14761,16893
14761,18455
14761,19986
14763,14996
14763,17120
14764,18308
14766,16254
14767,18256
14768,18470
14769,15930
14771,16287
14771,17258
14771,19883
14773,17144
14778,18542
14779,17229
14780,19259
14780,19308
14781,14828
14781,16007
14781,16299
14781,17008
14782,15803
14783,18825
14784,16110
14785,18488
14786,18346
14786,18444
14787,17874
14788,19252
14791,19512
14797,19545
14802,15390
14804,14894
14805,19171
14809,15962
14809,17201
14810,18088
14812,15042
14817,17567
14818,18596
14818,19040
14820,19596
14825,18735
14826,15743
14827,17999
14829,14856
14832,16745
14833,15254
14833,17370
14834,14912
14835,15951
14835,16958
14841,16501
14842,16627
14844,17951
14844,18044
14847,16194
14847,17382
14847,19291
14850,15976
14850,16561
14850,18604
14850,18821
14850,19543
14852,15922
14855,14915
14855,16760
14856,17580
14857,17032
14858,16152
14867,15443
14868,16196
14868,17042
14869,16668
14871,15061
14871,19657
14874,15320
14877,19719
14878,17351
14878,17540
14879,18229
14879,18612
14883,14892
14883,16296
14884,15982
14885,15682
14886,18746
14888,15600
14890,15474
14890,15742
14890,18878
14890,19344
14891,15167
14892,17910
14894,18497
14896,16370
14898,17302
14901,15998
14902,15923
14904,15203
14905,18677
14907,14924
14907,17551
14910,15284
14911,16355
14912,17660
14912,17820
14912,18000
14913,14936
14914,15344
14915,17764
14916,17791
14916,19236
14917,14959
14917,16117
14917,17726
14920,16881
14920,17604
14922,15174
14922,19234
14924,15498
14924,16697
14925,15183
14925,18527
14928,16833
14930,18031
14931,15793
14931,16554
14933,17619
14933,19290
14938,18495
14941,19059
14946,16106
14947,16920
14948,17583
14949,17185
14950,18914
14954,17629
14954,19286
14955,16217
14955,16291
14956,16316
14956,19613
14958,19151
14958,19536
14959,19727
14960,15838
14960,19776
14961,16486
14961,17939
14962,15617
14964,19432
14964,19830
14964,19984
14966,17016
14969,15419
14969,18806
14973,16245
14974,15068
14974,15641
14974,18754
14975,15252
14977,18327
14980,16514
14981,16192
14981,17784
14982,15730
14983,15808
14985,16566
14987,17329
14987,18420
14987,19955
14988,17082
14989,16662
14990,17498
14990,17989
14991,19622
14993,17239
14994,16439
14997,18677
14999,16356
15004,15823
15006,17563
15007,16193
15008,16223
15010,15216
15013,19353
15014,19919
15017,16073
15017,17452
15017,18128
15017,19456
15018,17965
15018,18396
15018,18716
15020,15604
15020,18963
15023,18565
15025,17812
15025,19129
15031,15791
15033,16293
15033,19207
15034,16465
15034,17644
15035,17678
15035,19025
15036,16363
15036,16760
15038,16427
15039,17038
15039,17953
15039,19666
15041,17723
15041,17878
15042,15446
15043,16703
15043,16948
15046,15740
15047,15254
15047,16655
15047,17590
15047,19640
15050,17996
15050,19614
15050,19761
15052,19508
15054,19150
15058,16663
15060,17884
15061,16033
15061,16264
15062,19011
15063,18430
15063,18498
15063,19486
15067,16015
15069,15838
15074,16493
15074,18317
15075,15548
15076,17839
15076,19814
15077,18310
15077,18563
15078,15817
15078,18898
15081,18867
15081,19395
15083,17243
15084,17479
15084,18236
15084,19750
15084,19759
15085,15718
15085,17654
15085,19977
15086,16056
15086,18190
15089,19904
15090,19522
15091,15372
15092,15570
15100,16560
15100,18968
15100,19323
15102,15503
15102,19910
15104,15165
15105,18083
15106,15462
15107,19958
15108,15713
15108,16832
15109,17476
15111,19253
15116,17865
15116,18144
15116,18773
15116,19296
15117,17373
15118,17032
15118,18666
15119,18688
15120,16612
15121,15829
15122,15550
15122,19685
15124,15797
15125,16121
15125,16190
15127,17627
15128,18025
15133,16233
15133,18987
15134,15569
15134,16394
15139,15877
15139,19597
15141,18511
15143,15191
15143,15202
15144,16761
15144,19957
15147,17075
15152,15379
15152,17952
15153,15591
15154,15163
15154,16020
15156,15250
15156,16600
15156,17183
15156,18839
15156,19556
15159,15374
15159,18797
15160,17145
15160,18216
15161,19994
15163,15813
15164,15757
15166,18540
15168,15903
15169,15195
15170,19922
15171,19447
15171,19939
15172,17931
15174,15224
15174,17974
15174,19243
15176,16230
15179,18598
15182,15601
15183,18015
15184,18246
15186,19376
15190,16728
15191,17782
15192,17841
15196,15249
15197,17246
15198,19976
15199,18164
15200,19901
15203,15252
15203,16274
15203,16557
15204,18429
15205,18295
15206,15257
15206,18600
15209,19751
15218,17055
15222,17080
15222,18817
15222,18894
15223,18266
15223,19393
15224,17127
15228,16241
15228,18825
15231,17417
15234,16305
15235,17931
15239,18004
15239,18648
15240,19397
15241,18749
15242,17279
15246,17426
15246,19680
15248,16047
15248,16672
15250,15392
15250,15533
15250,16196
15250,19822
15251,16864
15253,18397
15257,16835
15257,17429
15257,17745
15259,15746
15259,17687
15259,18908
15260,19374
15262,15368
15262,18378
15263,19262
15266,15664
15270,15286
15270,17270
15270,18823
15271,18894
15272,15484
15273,19335
15274,15896
15275,19090
15275,19170
15275,19908
15276,16751
15277,17196
15277,19962
15278,16735
15278,18125
15282,16693
15283,16123
15283,17208
15287,15301
15290,16729
15290,17317
15290,17837
15293,15319
15293,17918
15293,18641
15296,15380
15296,19569
15297,19435
15299,19458
15300,16993
15300,19907
15304,19888
15305,16291
15307,17079
15309,15753
15309,18731
15310,16545
15316,19003
15317,19492
15317,19827
15318,15656
15318,18495
15319,15818
15320,17947
15321,18802
15324,16092
15326,15784
15328,15716
15328,16057
15328,16393
15328,18958
15329,17420
15331,17321
15333,16106
15334,16431
15334,18268
15336,17708
15336,18782
15336,19195
15337,19002
15338,19568
15338,19655
15339,19713
15341,18142
15342,19833
15343,16652
15343,16996
15344,15724
15345,19087
15347,15893
15347,15926
15347,19086
15348,15444
15348,16135
15349,19021
15351,19371
15351,19648
15353,17707
15357,15689
15358,15836
15359,16436
15361,16105
15362,19427
15362,19802
15363,19361
15364,17095
15370,17646
15371,16043
15372,16782
15373,17566
15373,18951
15375,18754
15377,17483
15377,19382
15381,19372
15382,18799
15384,17206
15384,18212
15385,16225
15386,19549
15387,18564
15390,19552
15392,17960
15392,19154
15393,15397
15397,15538
15398,19183
15399,15428
15399,16141
15400,17947
15404,18187
15404,18347
15404,18759
15407,16024
15407,17712
15408,17286
15408,19403
15408,19718
15409,16017
15410,15560
15410,19293
15412,19893
15415,18330
15418,16524
15420,18772
15422,19637
15423,15671
15424,17882
15425,15950
15426,18521
15432,18893
15433,16458
15436,15764
15436,16803
15436,19114
15441,15950
15445,15653
15445,16620
15446,18679
15447,18857
15447,18908
15449,17888
15450,18998
15454,17083
15455,16581
15455,18156
15456,16693
15457,15613
15457,19262
15459,17329
15460,16508
15460,19275
15463,17531
15463,19925
15464,15982
15464,18271
15467,18617
15469,16170
15469,16427
15469,18024
15470,16430
15470,18873
15479,16740
15479,18861
15481,15832
15481,19835
15483,16424
15484,17030
15485,15890
15486,17088
15490,16650
15490,18584
15492,17188
15493,17519
15494,16736
15494,18402
15495,16677
15495,17339
15495,17826
15498,15712
15498,17835
15498,17934
15499,16301
15500,19128
15502,15712
15512,16555
15513,15525
15513,16183
15515,16482
15516,16516
15516,16946
15516,18940
15517,18063
15519,19339
15520,19810
15524,17164
15524,19676
15525,16777
15525,19205
15526,15584
15527,16528
15528,19384
15528,19893
15532,18648
15533,17865
15534,19199
15535,15678
15539,18461
15540,15653
15542,17365
15545,16789
15548,16288
15549,17825
15553,16133
15555,16022
15555,16093
15555,18395
15555,19528
15555,19616
15556,19385
15561,19584
15562,18805
15563,19102
15564,18935
15565,18830
15566,17167
15566,17967
15566,19936
15573,17910
15573,18038
15575,17124
15575,17474
15577,18920
15578,16807
15579,17819
15581,16782
15582,16813
15582,18079
15585,16708
15587,15673
15589,15959
15589,16565
15589,19565
15590,19892
15591,16247
15591,16802
15591,17685
15591,19607
15593,16345
15593,17501
15594,19295
15595,17627
15596,19869
15598,18754
15598,19114
15598,19953
15600,16716
15600,16846
15604,18477
15607,17860
15609,19825
15610,17482
15611,15923
15611,17070
15612,17234
15612,19314
15614,16178
15614,18093
15617,17206
15617,17526
15623,16924
15624,17506
15626,15636
15626,17143
15626,19928
15627,15861
15627,19285
15632,16628
15633,16172
15633,18349
15633,18371
15634,18201
15636,16597
15638,15872
15638,17229
15638,18393
15640,19008
15641,17248
15643,17792
15643,18835
15645,19840
15647,16595
15650,16866
15651,16652
15652,16190
15653,19667
15655,19192
15656,16670
15657,18702
15659,18820
15662,16196
15664,19383
15665,17008
15668,15801
15668,18333
15675,18462
15675,18739
15676,19341
15679,17959
15684,17794
15686,19640
15690,16369
15691,16147
15693,17049
15695,18261
15697,19173
15701,18246
15708,15770
15708,18567
15709,17485
15709,19966
15710,19483
15711,16317
15712,16197
15712,16573
15717,17422
15718,18673
15720,16861
15720,17947
15724,16294
15727,16690
15727,19176
15728,19969
15731,18284
15732,16369
15733,18551
15735,16178
15735,18184
15736,18454
15740,15924
15741,16623
15744,18298
15745,16808
15745,16854
15746,18128
15750,18113
15750,19865
15752,17388
15753,19093
15754,17691
15754,19172
15759,17164
15760,17696
15761,16107
15761,19558
15762,17339
15764,17355
15766,19770
15773,17704
15774,19277
15775,19979
15778,18356
15783,19090
15784,16767
15784,18448
15786,16510
15786,17358
15786,17675
15789,18358
15790,16650
15791,19317
15793,17550
15793,17833
15794,17247
15795,19068
15796,16069
15801,16289
15802,17677
15807,16059
15807,18633
15807,18692
15821,17701
15823,16865
15827,18108
15828,17843
15829,18873
15830,17049
15830,17096
15832,17560
15832,17732
15833,15952
15836,19301
15845,15901
15851,18782
15852,17605
15858,16658
15858,16741
15862,17111
15863,17651
15864,16036
15864,19087
15866,18167
15868,16622
15874,16034
15874,18189
15880,17743
15881,16661
15881,18921
15881,19992
15883,17049
15883,18156
15889,17620
15889,18486
15890,17528
15890,18989
15892,17785
15892,19233
15893,15898
15893,16665
15893,17821
15894,16804
15897,17033
15897,18877
15902,19784
15903,17429
15903,18927
15903,19945
15906,16136
15906,16550
15906,16838
15907,18524
15909,17654
15910,18086
15911,16126
15911,17093
15912,19680
15914,17150
15914,18824
15917,16986
15917,19425
15919,16461
15919,18224
15922,18214
15922,18504
15923,17493
15926,16109
15927,19232
15927,19502
15934,16949
15934,17333
15940,17142
15940,18311
15944,17092
15944,17457
15945,19439
15947,16732
15948,17306
15950,19848
15951,16741
15954,18644
15956,18773
15958,17738
15961,18250
15961,19693
15965,19564
15967,16943
15967,18499
15968,18489
15970,17637
15970,17810
15971,17068
15971,19053
15971,19968
15972,16568
15972,16842
15973,18158
15977,18330
15978,17765
15978,18704
15980,16703
15980,17559
15982,16951
15983,16201
15983,16355
15983,17303
15987,19366
15988,18634
15991,16271
15996,19733
15997,16992
15998,19895
16000,16406
16000,16488
16000,19318
16001,18715
16001,18870
16001,19842
16001,19999
16003,19264
16004,17194
16004,18674
16004,19807
16007,18714
16009,16968
16010,16831
16010,17411
16013,16242
16013,17028
16013,18508
16026,19129
16028,16454
16029,18452
16030,16390
16033,16278
16033,17420
16034,19666
16039,17889
16041,17376
16041,19457
16045,18126
16049,17101
16050,18101
16051,17434
16052,19161
16053,16965
16055,18221
16057,16074
16057,19975
16068,18490
16068,18726
16073,17482
16075,17359
16075,19689
16076,18771
16077,19177
16079,18300
16079,18362
16079,18992
16082,17540
16082,17818
16083,17956
16083,18955
16083,19100
16085,17155
16087,17863
16087,19955
16088,18232
16089,18146
16092,19912
16094,19566
16097,17755
16100,18847
16101,17424
16102,17258
16103,16630
16109,19943
16110,18398
16112,18413
16112,19593
16113,17349
16113,17490
16113,19218
16114,17883
16114,18653
16115,17494
16116,16880
16121,16774
16122,17589
16122,18500
16123,17235
16123,17240
16129,19701
16135,17000
16135,17162
16136,16816
16138,16469
16139,17546
16139,18278
16141,16309
16143,17512
16144,17493
16145,18923
16147,16317
16151,18217
16153,17944
16155,16285
16155,16593
16156,17912
16160,18621
16164,16258
16170,16971
16170,17245
16176,17287
16176,18800
16177,16388
16177,19515
16178,18094
16181,17955
16183,18282
16185,18376
16196,16630
16200,16803
16200,17922
16203,18729
16205,17964
16207,19175
16209,17767
16211,19873
16213,16834
16216,19684
16218,19578
16219,19515
16222,17190
16225,16539
16225,19232
16225,19819
16227,16256
16229,19280
16229,19905
16231,17248
16234,19488
16235,19326
16241,17246
16242,19806
16245,17731
16246,16544
16248,16535
16251,17071
16254,17058
16254,19037
16255,19163
16256,18589
16260,16574
16262,18143
16270,19367
16271,17560
16272,19458
16279,18093
16280,18488
16281,18941
16281,18943
16283,18890
16285,17926
16285,18531
16285,19058
16288,18355
16290,18961
16291,17869
16291,18199
16299,18703
16301,18305
16304,19257
16305,16845
16305,18909
16306,18539
16307,17606
16313,17348
16313,17729
16313,19636
16314,17874
16315,17585
16322,16829
16322,17641
16325,16644
16325,18706
16329,18512
16329,19691
16330,18858
16331,19006
16336,17120
16340,16797
16340,16855
16347,18931
16349,18512
16352,19035
16354,18090
16359,16998
16361,19831
16362,19303
16363,17221
16363,18092
16369,18264
16371,16523
16371,17948
16372,17875
16372,18440
16378,17456
16378,17631
16379,16829
16380,17050
16384,19637
16385,17403
16386,17414
16388,16833
16388,19398
16390,17994
16391,18096
16393,18180
16394,17457
16394,17971
16396,17490
16396,17740
16396,19338
16398,18900
16401,16935
16404,19827
16408,19362
16410,18508
16412,17020
16416,17003
16418,17558
16423,18069
16427,17151
16427,18374
16429,17428
16430,17015
16434,19800
16436,19619
16440,16594
16441,18714
16446,18558
16457,18896
16461,16615
16464,18124
16465,17828
16468,17151
16475,16495
16475,18542
16475,19420
16478,17652
16486,16574
16487,18793
16488,18361
16489,17209
16489,18061
16498,17035
16500,17758
16504,19128
16506,17370
16507,18274
16513,19982
16514,17029
16515,18369
16517,17003
16518,16940
16518,18280
16518,19219
16519,18405
16519,18638
16519,18696
16519,18766
16519,18895
16519,19916
16520,17303
16520,19920
16522,16967
16525,17601
16525,17736
16526,18050
16528,17624
16528,18403
16530,18664
16530,19694
16533,18051
16536,17796
16536,19436
16539,16635
16541,19241
16542,18029
16547,18848
16551,19100
16553,17484
16556,19931
16559,17260
16562,17836
16562,18192
16563,19499
16568,19764
16579,19312
16580,18349
16581,17831
16584,17940
16587,18863
16587,19057
16588,16694
16589,17634
16590,19556
16593,16695
16593,18044
16594,19715
16595,17229
16595,18167
16597,19796
16599,18121
16601,16675
16601,18876
16604,16994
16604,17318
16615,19652
16617,18646
16618,17381
16619,18744
16619,19469
16621,18475
16622,18710
16625,17085
16626,17279
16629,19114
16632,17318
16633,17481
16633,18362
16634,17204
16634,18685
16634,19313
16636,16758
16636,19638
16640,19020
16643,17776
16643,18052
16643,19240
16644,18944
16644,19338
16650,17866
16651,16824
16651,17665
16653,19168
16657,19059
16659,19861
16664,16964
16664,18121
16665,17562
16669,18259
16674,16887
16674,19118
16677,18098
16679,19701
16680,19678
16683,16913
16684,18890
16686,18016
16690,19107
16690,19354
16691,19355
16693,18185
16694,19049
16694,19512
16696,16918
16707,18964
16709,19890
16710,18060
16714,17997
16715,17236
16718,17307
16718,19012
16720,18520
16721,18252
16722,19988
16724,18368
16726,16989
16728,16940
16728,18984
16731,17680
16736,17989
16746,18622
16747,18861
16749,17469
16761,19802
16764,19167
16764,19793
16765,17338
16766,18410
16770,18123
16770,19769
16775,19403
16778,18022
16780,19245
16781,17658
16781,17796
16785,19651
16787,18168
16789,17583
16793,17859
16795,17324
16796,18024
16798,19267
16799,17574
16802,18283
16803,17159
16803,19190
16804,19739
16805,19360
16806,17414
16817,16987
16821,17233
16823,17168
16824,19588
16825,17915
16825,18227
16828,17419
16828,17612
16828,19860
16829,17730
16834,17715
16835,17748
16838,17044
16839,17119
16847,19594
16852,19773
16853,16943
16853,19402
16853,19542
16854,17668
16856,18062
16856,18702
16857,17181
16859,17887
16859,19342
16860,18309
16860,19833
16863,18300
16870,18900
16879,19103
16880,18588
16881,19253
16882,17598
16884,19576
16886,16945
16887,17394
16890,19591
16892,18030
16893,19340
16896,17007
16896,18945
16897,19345
16898,19485
16901,18026
16901,19263
16903,17634
16909,18104
16912,18453
16912,18815
16912,19706
16912,19794
16915,19184
16915,19897
16917,16957
16918,17761
16920,17484
16925,19206
16928,17905
16930,17020
16930,18664
16940,18645
16942,18029
16944,17431
16945,18411
16947,17313
16949,19441
16953,18948
16954,17425
16955,17074
16955,17937
16959,17861
16959,19502
16961,19353
16965,19078
16971,18316
16972,19477
16973,19233
16974,19329
16975,18053
16977,18779
16978,17972
16983,18124
16984,18940
16992,17336
16994,17141
16994,18382
16999,18920
17001,19755
17002,19705
17006,19454
17007,18335
17009,17045
17012,18342
17012,18991
17012,19307
17013,17400
17022,18402
17022,19818
17027,18165
17027,19741
17028,18028
17031,18752
17035,19485
17038,17194
17038,18766
17038,18977
17039,17799
17040,17273
17040,19648
17044,18806
17049,18182
17052,17137
17053,19012
17054,19881
17057,18903
17058,17097
17058,17690
17065,17131
17066,19443
17076,19446
17076,19612
17084,17505
17086,17601
17092,17541
17092,19139
17097,17511
17099,18426
17099,19439
17101,18909
17105,18984
17108,18155
17108,18313
17109,17265
17109,17852
17109,19870
17112,17255
17113,18153
17116,17263
17116,18618
17118,17971
17120,17624
17121,19752
17128,19591
17129,17646
17131,17591
17134,17527
17140,19172
17141,19042
17142,17320
17142,18050
17143,19072
17146,17809
17149,19983
17151,18849
17152,18302
17152,19187
17154,17609
17156,19474
17158,18136
17158,19479
17164,19647
17165,18567
17166,18663
17166,18979
17169,19462
17171,19049
17173,19568
17174,18166
17179,18640
17181,18583
17184,17942
17192,18327
17198,17687
17198,19305
17200,19776
17202,19703
17205,19508
17212,19094
17216,19575
17218,19070
17220,19600
17222,18241
17224,17900
17224,18213
17224,19534
17234,19042
17235,17662
17235,18682
17235,19510
17236,19628
17239,18769
17241,18278
17243,18161
17245,18047
17250,19163
17253,19825
17254,18907
17254,18939
17254,19603
17255,18593
17255,19788
17256,18813
17258,19917
17261,17548
17268,19321
17269,19013
17269,19753
17270,17426
17270,17562
17270,18792
17272,18959
17278,19486
17280,18049
17280,18697
17280,19412
17288,18193
17291,19451
17305,18761
17305,19866
17307,18352
17310,17442
17310,19709
17313,17686
17313,17733
17313,17949
17313,18152
17313,18179
17313,19272
17315,18286
17321,17468
17325,18898
17328,18125
17331,19184
17333,18339
17337,17355
17346,17367
17346,17442
17346,19932
17349,17887
17350,18792
17350,19938
17355,19782
17357,17827
17357,19730
17362,17392
17363,18539
17366,17904
17370,19830
17382,18496
17384,17420
17386,19375
17400,17432
17412,18418
17412,18988
17412,19495
17413,17524
17418,17805
17424,19881
17426,17521
17426,17670
17426,19902
17431,19310
17432,17674
17436,17915
17443,19098
17446,18691
17447,18841
17449,19469
17449,19635
17450,18241
17450,18490
17456,19812
17461,18828
17463,19172
17465,18743
17465,18882
17466,19019
17467,17733
17471,17587
17471,19942
17477,19304
17483,18129
17484,18232
17485,19643
17486,19929
17487,17946
17490,18393
17491,19930
17494,18030
17497,17750
17501,18445
17502,18234
17503,18019
17503,18555
17510,19263
17512,17936
17517,17559
17520,19304
17526,17545
17529,17735
17530,17548
17530,19927
17544,18963
17544,19567
17545,18315
17546,18467
17548,18777
17548,19045
17548,19752
17549,18794
17549,19480
17553,19491
17555,18822
17558,19175
17565,19524
17565,19653
17566,19073
17572,17808
17574,18109
17574,19717
17576,18386
17587,17928
17587,19577
17587,19592
17592,18049
17594,17640
17597,18056
17598,18351
17602,18987
17602,19200
17606,19695
17618,19355
17620,19921
17621,18829
17624,18017
17628,19084
17629,18530
17630,18280
17631,19681
17639,19605
17647,18929
17649,19416
17651,17727
17652,18083
17654,18803
17654,19699
17656,17905
17661,19526
17666,18165
17679,18394
17681,18193
17687,19359
17691,18537
17704,18397
17708,18864
17708,19603
17709,17741
17709,19227
17711,17851
17714,18304
17719,18006
17720,18633
17724,17844
17727,17741
17727,19520
17738,19354
17741,19989
17745,17747
17755,18160
17763,18285
17767,19460
17768,19449
17768,19560
17772,17984
17773,17870
17785,18080
17793,18012
17795,17831
17796,19432
17798,17963
17798,19700
17799,19999
17800,18174
17802,17983
17805,17892
17807,19237
17808,18569
17810,18026
17810,19350
17811,18143
17811,18391
17811,19546
17812,19080
17812,19609
17829,19716
17831,19007
17831,19544
17833,19974
17836,19340
17838,19684
17842,17911
17843,18117
17843,19089
17849,18397
17852,17985
17854,18249
17858,19448
17872,18638
17887,19527
17895,19609
17896,18201
17899,18905
17904,18568
17908,19601
17912,18286
17916,19577
17919,18174
17919,18408
17919,18823
17920,19914
17921,18364
17921,18463
17939,19626
17946,18446
17951,19013
17960,18438
17962,18239
17964,19748
17973,18673
17974,19891
17979,18453
17979,19503
17980,19219
17988,19765
17990,18601
17994,18058
17994,18357
17995,18159
17999,18554
17999,18695
18001,19588
18004,19798
18008,18325
18010,19451
18012,18595
18014,19847
18018,19440
18018,19988
18020,19444
18021,19071
18027,18386
18028,18264
18030,19785
18037,18544
18037,18694
18038,19193
18039,18726
18040,18884
18043,18146
18050,19870
18053,18125
18054,19935
18056,19346
18057,18244
18062,19040
18066,19377
18066,19823
18069,19025
18078,19038
18080,19041
18081,18303
18095,18891
18101,18585
18104,18671
18108,19271
18113,19677
18115,18687
18122,19286
18122,19471
18124,18698
18124,19905
18127,18675
18129,19632
18132,19955
18145,18279
18146,19812
18150,19571
18153,19353
18162,19407
18167,19192
18168,19396
18173,19708
18176,19324
18187,18385
18191,18666
18198,18963
18208,18811
18208,19075
18208,19853
18216,19920
18217,18324
18221,19550
18225,19379
18231,18272
18231,18762
18251,19631
18253,19187
18261,18937
18264,19732
18266,19378
18273,18739
18282,18835
18283,19415
18295,19918
18296,19143
18297,18893
18303,18571
18304,18644
18306,18875
18306,19453
18309,19049
18311,18982
18315,18574
18322,18619
18327,19257
18328,18768
18331,19351
18340,19363
18345,19909
18348,19890
18350,18729
18356,19349
18360,19437
18367,18892
18372,18455
18374,19222
18394,18789
18394,19477
18394,19708
18399,18885
18406,19581
18408,19548
18411,18541
18414,18423
18416,19514
18417,19186
18418,19502
18421,18936
18422,19433
18426,19582
18439,18881
18440,18852
18440,19091
18444,19339
18457,19778
18458,19963
18459,18836
18460,19337
18462,18784
18470,18904
18470,19701
18471,19224
18479,19993
18489,18685
18493,19959
18496,18716
18499,19464
18503,18898
18516,18880
18519,19115
18519,19212
18522,18875
18542,18796
18546,19680
18547,19402
18552,19491
18554,19033
18564,19371
18566,19028
18582,19731
18584,18909
18584,19985
18588,19711
18593,18631
18594,18627
18594,19611
18602,18793
18605,19127
18608,18883
18622,19240
18625,19948
18626,19319
18628,18913
18629,18749
18629,19125
18639,19225
18645,18785
18645,18986
18646,19313
18657,19715
18659,19538
18660,19248
18665,18817
18700,19559
18720,19906
18722,19919
18723,19367
18727,19773
18735,19513
18742,19068
18743,19211
18753,19643
18755,18975
18760,19527
18761,19623
18764,19603
18768,19261
18772,19465
18774,19449
18774,19754
18789,18905
18809,19810
18832,19753
18834,19047
18843,19130
18853,18892
18864,19485
18875,19582
18876,19599
18878,19245
18879,19026
18883,19044
18886,19316
18886,19906
18913,19138
18913,19523
18923,19298
18924,19683
18932,19046
18932,19638
18962,19230
18970,19367
18973,19007
18981,19123
19020,19377
19051,19855
19054,19350
19068,19077
19071,19740
19074,19952
19075,19848
19078,19389
19080,19645
19110,19283
19122,19841
19142,19821
19153,19159
19162,19496
19168,19858
19178,19334
19180,19929
19216,19611
19218,19418
19232,19500
19240,19828
19242,19750
19247,19513
19260,19685
19272,19679
19288,19763
19301,19725
19320,19576
19350,19714
19350,19794
19362,19676
19380,19509
19381,19885
19389,19808
19394,19460
19414,19477
19434,19962
19441,19667
19457,19695
19465,19674
19469,19774
19517,19729
19517,19862
19579,19779
19589,19964
19608,19935
19625,19805
19669,19747
19695,19766
19792,19829
19803,19973
19808,19958
19815,19959
19848,19876
