id,label
0,User
1,User
2,User
3,User
4,User
5,User
6,User
7,User
8,User
9,User
10,User
11,User
12,User
13,User
14,User
15,User
16,User
17,User
18,User
19,User
20,User
21,User
22,User
23,User
24,User
25,User
26,User
27,User
28,User
29,User
30,User
31,User
32,User
33,User
34,User
35,User
36,User
37,User
38,User
39,User
40,User
41,User
42,User
43,User
44,User
45,User
46,User
47,User
48,User
49,User
50,User
51,User
52,User
53,User
54,User
55,User
56,User
57,User
58,User
59,User
60,User
61,User
62,User
63,User
64,User
65,User
66,User
67,User
68,User
69,User
70,User
71,User
72,User
73,User
74,User
75,User
76,User
77,User
78,User
79,User
80,User
81,User
82,User
83,User
84,User
85,User
86,User
87,User
88,User
89,User
90,User
91,User
92,User
93,User
94,User
95,User
96,User
97,User
98,User
99,User
100,User
101,User
102,User
103,User
104,User
105,User
106,User
107,User
108,User
109,User
110,User
111,User
112,User
113,User
114,User
115,User
116,User
117,User
118,User
119,User
120,User
121,User
122,User
123,User
124,User
125,User
126,User
127,User
128,User
129,User
130,User
131,User
132,User
133,User
134,User
135,User
136,User
137,User
138,User
139,User
140,User
141,User
142,User
143,User
144,User
145,User
146,User
147,User
148,User
149,User
150,User
151,User
152,User
153,User
154,User
155,User
156,User
157,User
158,User
159,User
160,User
161,User
162,User
163,User
164,User
165,User
166,User
167,User
168,User
169,User
170,User
171,User
172,User
173,User
174,User
175,User
176,User
177,User
178,User
179,User
180,User
181,User
182,User
183,User
184,User
185,User
186,User
187,User
188,User
189,User
190,User
191,User
192,User
193,User
194,User
195,User
196,User
197,User
198,User
199,User
200,User
201,User
202,User
203,User
204,User
205,User
206,User
207,User
208,User
209,User
210,User
211,User
212,User
213,User
214,User
215,User
216,User
217,User
218,User
219,User
220,User
221,User
222,User
223,User
224,User
225,User
226,User
227,User
228,User
229,User
230,User
231,User
232,User
233,User
234,User
235,User
236,User
237,User
238,User
239,User
240,User
241,User
242,User
243,User
244,User
245,User
246,User
247,User
248,User
249,User
250,User
251,User
252,User
253,User
254,User
255,User
256,User
257,User
258,User
259,User
260,User
261,User
262,User
263,User
264,User
265,User
266,User
267,User
268,User
269,User
270,User
271,User
272,User
273,User
274,User
275,User
276,User
277,User
278,User
279,User
280,User
281,User
282,User
283,User
284,User
285,User
286,User
287,User
288,User
289,User
290,User
291,User
292,User
293,User
294,User
295,User
296,User
297,User
298,User
299,User
300,User
301,User
302,User
303,User
304,User
305,User
306,User
307,User
308,User
309,User
310,User
311,User
312,User
313,User
314,User
315,User
316,User
317,User
318,User
319,User
320,User
321,User
322,User
323,User
324,User
325,User
326,User
327,User
328,User
329,User
330,User
331,User
332,User
333,User
334,User
335,User
336,User
337,User
338,User
339,User
340,User
341,User
342,User
343,User
344,User
345,User
346,User
347,User
348,User
349,User
350,User
351,User
352,User
353,User
354,User
355,User
356,User
357,User
358,User
359,User
360,User
361,User
362,User
363,User
364,User
365,User
366,User
367,User
368,User
369,User
370,User
371,User
372,User
373,User
374,User
375,User
376,User
377,User
378,User
379,User
380,User
381,User
382,User
383,User
384,User
385,User
386,User
387,User
388,User
389,User
390,User
391,User
392,User
393,User
394,User
395,User
396,User
397,User
398,User
399,User
400,User
401,User
402,User
403,User
404,User
405,User
406,User
407,User
408,User
409,User
410,User
411,User
412,User
413,User
414,User
415,User
416,User
417,User
418,User
419,User
420,User
421,User
422,User
423,User
424,User
425,User
426,User
427,User
428,User
429,User
430,User
431,User
432,User
433,User
434,User
435,User
436,User
437,User
438,User
439,User
440,User
441,User
442,User
443,User
444,User
445,User
446,User
447,User
448,User
449,User
450,User
451,User
452,User
453,User
454,User
455,User
456,User
457,User
458,User
459,User
460,User
461,User
462,User
463,User
464,User
465,User
466,User
467,User
468,User
469,User
470,User
471,User
472,User
473,User
474,User
475,User
476,User
477,User
478,User
479,User
480,User
481,User
482,User
483,User
484,User
485,User
486,User
487,User
488,User
489,User
490,User
491,User
492,User
493,User
494,User
495,User
496,User
497,User
498,User
499,User
500,User
501,User
502,User
503,User
504,User
505,User
506,User
507,User
508,User
509,User
510,User
511,User
512,User
513,User
514,User
515,User
516,User
517,User
518,User
519,User
520,User
521,User
522,User
523,User
524,User
525,User
526,User
527,User
528,User
529,User
530,User
531,User
532,User
533,User
534,User
535,User
536,User
537,User
538,User
539,User
540,User
541,User
542,User
543,User
544,User
545,User
546,User
547,User
548,User
549,User
550,User
551,User
552,User
553,User
554,User
555,User
556,User
557,User
558,User
559,User
560,User
561,User
562,User
563,User
564,User
565,User
566,User
567,User
568,User
569,User
570,User
571,User
572,User
573,User
574,User
575,User
576,User
577,User
578,User
579,User
580,User
581,User
582,User
583,User
584,User
585,User
586,User
587,User
588,User
589,User
590,User
591,User
592,User
593,User
594,User
595,User
596,User
597,User
598,User
599,User
600,User
601,User
602,User
603,User
604,User
605,User
606,User
607,User
608,User
609,User
610,User
611,User
612,User
613,User
614,User
615,User
616,User
617,User
618,User
619,User
620,User
621,User
622,User
623,User
624,User
625,User
626,User
627,User
628,User
629,User
630,User
631,User
632,User
633,User
634,User
635,User
636,User
637,User
638,User
639,User
640,User
641,User
642,User
643,User
644,User
645,User
646,User
647,User
648,User
649,User
650,User
651,User
652,User
653,User
654,User
655,User
656,User
657,User
658,User
659,User
660,User
661,User
662,User
663,User
664,User
665,User
666,User
667,User
668,User
669,User
670,User
671,User
672,User
673,User
674,User
675,User
676,User
677,User
678,User
679,User
680,User
681,User
682,User
683,User
684,User
685,User
686,User
687,User
688,User
689,User
690,User
691,User
692,User
693,User
694,User
695,User
696,User
697,User
698,User
699,User
700,User
701,User
702,User
703,User
704,User
705,User
706,User
707,User
708,User
709,User
710,User
711,User
712,User
713,User
714,User
715,User
716,User
717,User
718,User
719,User
720,User
721,User
722,User
723,User
724,User
725,User
726,User
727,User
728,User
729,User
730,User
731,User
732,User
733,User
734,User
735,User
736,User
737,User
738,User
739,User
740,User
741,User
742,User
743,User
744,User
745,User
746,User
747,User
748,User
749,User
750,User
751,User
752,User
753,User
754,User
755,User
756,User
757,User
758,User
759,User
760,User
761,User
762,User
763,User
764,User
765,User
766,User
767,User
768,User
769,User
770,User
771,User
772,User
773,User
774,User
775,User
776,User
777,User
778,User
779,User
780,User
781,User
782,User
783,User
784,User
785,User
786,User
787,User
788,User
789,User
790,User
791,User
792,User
793,User
794,User
795,User
796,User
797,User
798,User
799,User
800,User
801,User
802,User
803,User
804,User
805,User
806,User
807,User
808,User
809,User
810,User
811,User
812,User
813,User
814,User
815,User
816,User
817,User
818,User
819,User
820,User
821,User
822,User
823,User
824,User
825,User
826,User
827,User
828,User
829,User
830,User
831,User
832,User
833,User
834,User
835,User
836,User
837,User
838,User
839,User
840,User
841,User
842,User
843,User
844,User
845,User
846,User
847,User
848,User
849,User
850,User
851,User
852,User
853,User
854,User
855,User
856,User
857,User
858,User
859,User
860,User
861,User
862,User
863,User
864,User
865,User
866,User
867,User
868,User
869,User
870,User
871,User
872,User
873,User
874,User
875,User
876,User
877,User
878,User
879,User
880,User
881,User
882,User
883,User
884,User
885,User
886,User
887,User
888,User
889,User
890,User
891,User
892,User
893,User
894,User
895,User
896,User
897,User
898,User
899,User
900,User
901,User
902,User
903,User
904,User
905,User
906,User
907,User
908,User
909,User
910,User
911,User
912,User
913,User
914,User
915,User
916,User
917,User
918,User
919,User
920,User
921,User
922,User
923,User
924,User
925,User
926,User
927,User
928,User
929,User
930,User
931,User
932,User
933,User
934,User
935,User
936,User
937,User
938,User
939,User
940,User
941,User
942,User
943,User
944,User
945,User
946,User
947,User
948,User
949,User
950,User
951,User
952,User
953,User
954,User
955,User
956,User
957,User
958,User
959,User
960,User
961,User
962,User
963,User
964,User
965,User
966,User
967,User
968,User
969,User
970,User
971,User
972,User
973,User
974,User
975,User
976,User
977,User
978,User
979,User
980,User
981,User
982,User
983,User
984,User
985,User
986,User
987,User
988,User
989,User
990,User
991,User
992,User
993,User
994,User
995,User
996,User
997,User
998,User
999,User
1000,User
1001,User
1002,User
1003,User
1004,User
1005,User
1006,User
1007,User
1008,User
1009,User
1010,User
1011,User
1012,User
1013,User
1014,User
1015,User
1016,User
1017,User
1018,User
1019,User
1020,User
1021,User
1022,User
1023,User
1024,User
1025,User
1026,User
1027,User
1028,User
1029,User
1030,User
1031,User
1032,User
1033,User
1034,User
1035,User
1036,User
1037,User
1038,User
1039,User
1040,User
1041,User
1042,User
1043,User
1044,User
1045,User
1046,User
1047,User
1048,User
1049,User
1050,User
1051,User
1052,User
1053,User
1054,User
1055,User
1056,User
1057,User
1058,User
1059,User
1060,User
1061,User
1062,User
1063,User
1064,User
1065,User
1066,User
1067,User
1068,User
1069,User
1070,User
1071,User
1072,User
1073,User
1074,User
1075,User
1076,User
1077,User
1078,User
1079,User
1080,User
1081,User
1082,User
1083,User
1084,User
1085,User
1086,User
1087,User
1088,User
1089,User
1090,User
1091,User
1092,User
1093,User
1094,User
1095,User
1096,User
1097,User
1098,User
1099,User
1100,User
1101,User
1102,User
1103,User
1104,User
1105,User
1106,User
1107,User
1108,User
1109,User
1110,User
1111,User
1112,User
1113,User
1114,User
1115,User
1116,User
1117,User
1118,User
1119,User
1120,User
1121,User
1122,User
1123,User
1124,User
1125,User
1126,User
1127,User
1128,User
1129,User
1130,User
1131,User
1132,User
1133,User
1134,User
1135,User
1136,User
1137,User
1138,User
1139,User
1140,User
1141,User
1142,User
1143,User
1144,User
1145,User
1146,User
1147,User
1148,User
1149,User
1150,User
1151,User
1152,User
1153,User
1154,User
1155,User
1156,User
1157,User
1158,User
1159,User
1160,User
1161,User
1162,User
1163,User
1164,User
1165,User
1166,User
1167,User
1168,User
1169,User
1170,User
1171,User
1172,User
1173,User
1174,User
1175,User
1176,User
1177,User
1178,User
1179,User
1180,User
1181,User
1182,User
1183,User
1184,User
1185,User
1186,User
1187,User
1188,User
1189,User
1190,User
1191,User
1192,User
1193,User
1194,User
1195,User
1196,User
1197,User
1198,User
1199,User
1200,User
1201,User
1202,User
1203,User
1204,User
1205,User
1206,User
1207,User
1208,User
1209,User
1210,User
1211,User
1212,User
1213,User
1214,User
1215,User
1216,User
1217,User
1218,User
1219,User
1220,User
1221,User
1222,User
1223,User
1224,User
1225,User
1226,User
1227,User
1228,User
1229,User
1230,User
1231,User
1232,User
1233,User
1234,User
1235,User
1236,User
1237,User
1238,User
1239,User
1240,User
1241,User
1242,User
1243,User
1244,User
1245,User
1246,User
1247,User
1248,User
1249,User
1250,User
1251,User
1252,User
1253,User
1254,User
1255,User
1256,User
1257,User
1258,User
1259,User
1260,User
1261,User
1262,User
1263,User
1264,User
1265,User
1266,User
1267,User
1268,User
1269,User
1270,User
1271,User
1272,User
1273,User
1274,User
1275,User
1276,User
1277,User
1278,User
1279,User
1280,User
1281,User
1282,User
1283,User
1284,User
1285,User
1286,User
1287,User
1288,User
1289,User
1290,User
1291,User
1292,User
1293,User
1294,User
1295,User
1296,User
1297,User
1298,User
1299,User
1300,User
1301,User
1302,User
1303,User
1304,User
1305,User
1306,User
1307,User
1308,User
1309,User
1310,User
1311,User
1312,User
1313,User
1314,User
1315,User
1316,User
1317,User
1318,User
1319,User
1320,User
1321,User
1322,User
1323,User
1324,User
1325,User
1326,User
1327,User
1328,User
1329,User
1330,User
1331,User
1332,User
1333,User
1334,User
1335,User
1336,User
1337,User
1338,User
1339,User
1340,User
1341,User
1342,User
1343,User
1344,User
1345,User
1346,User
1347,User
1348,User
1349,User
1350,User
1351,User
1352,User
1353,User
1354,User
1355,User
1356,User
1357,User
1358,User
1359,User
1360,User
1361,User
1362,User
1363,User
1364,User
1365,User
1366,User
1367,User
1368,User
1369,User
1370,User
1371,User
1372,User
1373,User
1374,User
1375,User
1376,User
1377,User
1378,User
1379,User
1380,User
1381,User
1382,User
1383,User
1384,User
1385,User
1386,User
1387,User
1388,User
1389,User
1390,User
1391,User
1392,User
1393,User
1394,User
1395,User
1396,User
1397,User
1398,User
1399,User
1400,User
1401,User
1402,User
1403,User
1404,User
1405,User
1406,User
1407,User
1408,User
1409,User
1410,User
1411,User
1412,User
1413,User
1414,User
1415,User
1416,User
1417,User
1418,User
1419,User
1420,User
1421,User
1422,User
1423,User
1424,User
1425,User
1426,User
1427,User
1428,User
1429,User
1430,User
1431,User
1432,User
1433,User
1434,User
1435,User
1436,User
1437,User
1438,User
1439,User
1440,User
1441,User
1442,User
1443,User
1444,User
1445,User
1446,User
1447,User
1448,User
1449,User
1450,User
1451,User
1452,User
1453,User
1454,User
1455,User
1456,User
1457,User
1458,User
1459,User
1460,User
1461,User
1462,User
1463,User
1464,User
1465,User
1466,User
1467,User
1468,User
1469,User
1470,User
1471,User
1472,User
1473,User
1474,User
1475,User
1476,User
1477,User
1478,User
1479,User
1480,User
1481,User
1482,User
1483,User
1484,User
1485,User
1486,User
1487,User
1488,User
1489,User
1490,User
1491,User
1492,User
1493,User
1494,User
1495,User
1496,User
1497,User
1498,User
1499,User
1500,User
1501,User
1502,User
1503,User
1504,User
1505,User
1506,User
1507,User
1508,User
1509,User
1510,User
1511,User
1512,User
1513,User
1514,User
1515,User
1516,User
1517,User
1518,User
1519,User
1520,User
1521,User
1522,User
1523,User
1524,User
1525,User
1526,User
1527,User
1528,User
1529,User
1530,User
1531,User
1532,User
1533,User
1534,User
1535,User
1536,User
1537,User
1538,User
1539,User
1540,User
1541,User
1542,User
1543,User
1544,User
1545,User
1546,User
1547,User
1548,User
1549,User
1550,User
1551,User
1552,User
1553,User
1554,User
1555,User
1556,User
1557,User
1558,User
1559,User
1560,User
1561,User
1562,User
1563,User
1564,User
1565,User
1566,User
1567,User
1568,User
1569,User
1570,User
1571,User
1572,User
1573,User
1574,User
1575,User
1576,User
1577,User
1578,User
1579,User
1580,User
1581,User
1582,User
1583,User
1584,User
1585,User
1586,User
1587,User
1588,User
1589,User
1590,User
1591,User
1592,User
1593,User
1594,User
1595,User
1596,User
1597,User
1598,User
1599,User
1600,User
1601,User
1602,User
1603,User
1604,User
1605,User
1606,User
1607,User
1608,User
1609,User
1610,User
1611,User
1612,User
1613,User
1614,User
1615,User
1616,User
1617,User
1618,User
1619,User
1620,User
1621,User
1622,User
1623,User
1624,User
1625,User
1626,User
1627,User
1628,User
1629,User
1630,User
1631,User
1632,User
1633,User
1634,User
1635,User
1636,User
1637,User
1638,User
1639,User
1640,User
1641,User
1642,User
1643,User
1644,User
1645,User
1646,User
1647,User
1648,User
1649,User
1650,User
1651,User
1652,User
1653,User
1654,User
1655,User
1656,User
1657,User
1658,User
1659,User
1660,User
1661,User
1662,User
1663,User
1664,User
1665,User
1666,User
1667,User
1668,User
1669,User
1670,User
1671,User
1672,User
1673,User
1674,User
1675,User
1676,User
1677,User
1678,User
1679,User
1680,User
1681,User
1682,User
1683,User
1684,User
1685,User
1686,User
1687,User
1688,User
1689,User
1690,User
1691,User
1692,User
1693,User
1694,User
1695,User
1696,User
1697,User
1698,User
1699,User
1700,User
1701,User
1702,User
1703,User
1704,User
1705,User
1706,User
1707,User
1708,User
1709,User
1710,User
1711,User
1712,User
1713,User
1714,User
1715,User
1716,User
1717,User
1718,User
1719,User
1720,User
1721,User
1722,User
1723,User
1724,User
1725,User
1726,User
1727,User
1728,User
1729,User
1730,User
1731,User
1732,User
1733,User
1734,User
1735,User
1736,User
1737,User
1738,User
1739,User
1740,User
1741,User
1742,User
1743,User
1744,User
1745,User
1746,User
1747,User
1748,User
1749,User
1750,User
1751,User
1752,User
1753,User
1754,User
1755,User
1756,User
1757,User
1758,User
1759,User
1760,User
1761,User
1762,User
1763,User
1764,User
1765,User
1766,User
1767,User
1768,User
1769,User
1770,User
1771,User
1772,User
1773,User
1774,User
1775,User
1776,User
1777,User
1778,User
1779,User
1780,User
1781,User
1782,User
1783,User
1784,User
1785,User
1786,User
1787,User
1788,User
1789,User
1790,User
1791,User
1792,User
1793,User
1794,User
1795,User
1796,User
1797,User
1798,User
1799,User
1800,User
1801,User
1802,User
1803,User
1804,User
1805,User
1806,User
1807,User
1808,User
1809,User
1810,User
1811,User
1812,User
1813,User
1814,User
1815,User
1816,User
1817,User
1818,User
1819,User
1820,User
1821,User
1822,User
1823,User
1824,User
1825,User
1826,User
1827,User
1828,User
1829,User
1830,User
1831,User
1832,User
1833,User
1834,User
1835,User
1836,User
1837,User
1838,User
1839,User
1840,User
1841,User
1842,User
1843,User
1844,User
1845,User
1846,User
1847,User
1848,User
1849,User
1850,User
1851,User
1852,User
1853,User
1854,User
1855,User
1856,User
1857,User
1858,User
1859,User
1860,User
1861,User
1862,User
1863,User
1864,User
1865,User
1866,User
1867,User
1868,User
1869,User
1870,User
1871,User
1872,User
1873,User
1874,User
1875,User
1876,User
1877,User
1878,User
1879,User
1880,User
1881,User
1882,User
1883,User
1884,User
1885,User
1886,User
1887,User
1888,User
1889,User
1890,User
1891,User
1892,User
1893,User
1894,User
1895,User
1896,User
1897,User
1898,User
1899,User
1900,User
1901,User
1902,User
1903,User
1904,User
1905,User
1906,User
1907,User
1908,User
1909,User
1910,User
1911,User
1912,User
1913,User
1914,User
1915,User
1916,User
1917,User
1918,User
1919,User
1920,User
1921,User
1922,User
1923,User
1924,User
1925,User
1926,User
1927,User
1928,User
1929,User
1930,User
1931,User
1932,User
1933,User
1934,User
1935,User
1936,User
1937,User
1938,User
1939,User
1940,User
1941,User
1942,User
1943,User
1944,User
1945,User
1946,User
1947,User
1948,User
1949,User
1950,User
1951,User
1952,User
1953,User
1954,User
1955,User
1956,User
1957,User
1958,User
1959,User
1960,User
1961,User
1962,User
1963,User
1964,User
1965,User
1966,User
1967,User
1968,User
1969,User
1970,User
1971,User
1972,User
1973,User
1974,User
1975,User
1976,User
1977,User
1978,User
1979,User
1980,User
1981,User
1982,User
1983,User
1984,User
1985,User
1986,User
1987,User
1988,User
1989,User
1990,User
1991,User
1992,User
1993,User
1994,User
1995,User
1996,User
1997,User
1998,User
1999,User
2000,User
2001,User
2002,User
2003,User
2004,User
2005,User
2006,User
2007,User
2008,User
2009,User
2010,User
2011,User
2012,User
2013,User
2014,User
2015,User
2016,User
2017,User
2018,User
2019,User
2020,User
2021,User
2022,User
2023,User
2024,User
2025,User
2026,User
2027,User
2028,User
2029,User
2030,User
2031,User
2032,User
2033,User
2034,User
2035,User
2036,User
2037,User
2038,User
2039,User
2040,User
2041,User
2042,User
2043,User
2044,User
2045,User
2046,User
2047,User
2048,User
2049,User
2050,User
2051,User
2052,User
2053,User
2054,User
2055,User
2056,User
2057,User
2058,User
2059,User
2060,User
2061,User
2062,User
2063,User
2064,User
2065,User
2066,User
2067,User
2068,User
2069,User
2070,User
2071,User
2072,User
2073,User
2074,User
2075,User
2076,User
2077,User
2078,User
2079,User
2080,User
2081,User
2082,User
2083,User
2084,User
2085,User
2086,User
2087,User
2088,User
2089,User
2090,User
2091,User
2092,User
2093,User
2094,User
2095,User
2096,User
2097,User
2098,User
2099,User
2100,User
2101,User
2102,User
2103,User
2104,User
2105,User
2106,User
2107,User
2108,User
2109,User
2110,User
2111,User
2112,User
2113,User
2114,User
2115,User
2116,User
2117,User
2118,User
2119,User
2120,User
2121,User
2122,User
2123,User
2124,User
2125,User
2126,User
2127,User
2128,User
2129,User
2130,User
2131,User
2132,User
2133,User
2134,User
2135,User
2136,User
2137,User
2138,User
2139,User
2140,User
2141,User
2142,User
2143,User
2144,User
2145,User
2146,User
2147,User
2148,User
2149,User
2150,User
2151,User
2152,User
2153,User
2154,User
2155,User
2156,User
2157,User
2158,User
2159,User
2160,User
2161,User
2162,User
2163,User
2164,User
2165,User
2166,User
2167,User
2168,User
2169,User
2170,User
2171,User
2172,User
2173,User
2174,User
2175,User
2176,User
2177,User
2178,User
2179,User
2180,User
2181,User
2182,User
2183,User
2184,User
2185,User
2186,User
2187,User
2188,User
2189,User
2190,User
2191,User
2192,User
2193,User
2194,User
2195,User
2196,User
2197,User
2198,User
2199,User
2200,User
2201,User
2202,User
2203,User
2204,User
2205,User
2206,User
2207,User
2208,User
2209,User
2210,User
2211,User
2212,User
2213,User
2214,User
2215,User
2216,User
2217,User
2218,User
2219,User
2220,User
2221,User
2222,User
2223,User
2224,User
2225,User
2226,User
2227,User
2228,User
2229,User
2230,User
2231,User
2232,User
2233,User
2234,User
2235,User
2236,User
2237,User
2238,User
2239,User
2240,User
2241,User
2242,User
2243,User
2244,User
2245,User
2246,User
2247,User
2248,User
2249,User
2250,User
2251,User
2252,User
2253,User
2254,User
2255,User
2256,User
2257,User
2258,User
2259,User
2260,User
2261,User
2262,User
2263,User
2264,User
2265,User
2266,User
2267,User
2268,User
2269,User
2270,User
2271,User
2272,User
2273,User
2274,User
2275,User
2276,User
2277,User
2278,User
2279,User
2280,User
2281,User
2282,User
2283,User
2284,User
2285,User
2286,User
2287,User
2288,User
2289,User
2290,User
2291,User
2292,User
2293,User
2294,User
2295,User
2296,User
2297,User
2298,User
2299,User
2300,User
2301,User
2302,User
2303,User
2304,User
2305,User
2306,User
2307,User
2308,User
2309,User
2310,User
2311,User
2312,User
2313,User
2314,User
2315,User
2316,User
2317,User
2318,User
2319,User
2320,User
2321,User
2322,User
2323,User
2324,User
2325,User
2326,User
2327,User
2328,User
2329,User
2330,User
2331,User
2332,User
2333,User
2334,User
2335,User
2336,User
2337,User
2338,User
2339,User
2340,User
2341,User
2342,User
2343,User
2344,User
2345,User
2346,User
2347,User
2348,User
2349,User
2350,User
2351,User
2352,User
2353,User
2354,User
2355,User
2356,User
2357,User
2358,User
2359,User
2360,User
2361,User
2362,User
2363,User
2364,User
2365,User
2366,User
2367,User
2368,User
2369,User
2370,User
2371,User
2372,User
2373,User
2374,User
2375,User
2376,User
2377,User
2378,User
2379,User
2380,User
2381,User
2382,User
2383,User
2384,User
2385,User
2386,User
2387,User
2388,User
2389,User
2390,User
2391,User
2392,User
2393,User
2394,User
2395,User
2396,User
2397,User
2398,User
2399,User
2400,User
2401,User
2402,User
2403,User
2404,User
2405,User
2406,User
2407,User
2408,User
2409,User
2410,User
2411,User
2412,User
2413,User
2414,User
2415,User
2416,User
2417,User
2418,User
2419,User
2420,User
2421,User
2422,User
2423,User
2424,User
2425,User
2426,User
2427,User
2428,User
2429,User
2430,User
2431,User
2432,User
2433,User
2434,User
2435,User
2436,User
2437,User
2438,User
2439,User
2440,User
2441,User
2442,User
2443,User
2444,User
2445,User
2446,User
2447,User
2448,User
2449,User
2450,User
2451,User
2452,User
2453,User
2454,User
2455,User
2456,User
2457,User
2458,User
2459,User
2460,User
2461,User
2462,User
2463,User
2464,User
2465,User
2466,User
2467,User
2468,User
2469,User
2470,User
2471,User
2472,User
2473,User
2474,User
2475,User
2476,User
2477,User
2478,User
2479,User
2480,User
2481,User
2482,User
2483,User
2484,User
2485,User
2486,User
2487,User
2488,User
2489,User
2490,User
2491,User
2492,User
2493,User
2494,User
2495,User
2496,User
2497,User
2498,User
2499,User
2500,User
2501,User
2502,User
2503,User
2504,User
2505,User
2506,User
2507,User
2508,User
2509,User
2510,User
2511,User
2512,User
2513,User
2514,User
2515,User
2516,User
2517,User
2518,User
2519,User
2520,User
2521,User
2522,User
2523,User
2524,User
2525,User
2526,User
2527,User
2528,User
2529,User
2530,User
2531,User
2532,User
2533,User
2534,User
2535,User
2536,User
2537,User
2538,User
2539,User
2540,User
2541,User
2542,User
2543,User
2544,User
2545,User
2546,User
2547,User
2548,User
2549,User
2550,User
2551,User
2552,User
2553,User
2554,User
2555,User
2556,User
2557,User
2558,User
2559,User
2560,User
2561,User
2562,User
2563,User
2564,User
2565,User
2566,User
2567,User
2568,User
2569,User
2570,User
2571,User
2572,User
2573,User
2574,User
2575,User
2576,User
2577,User
2578,User
2579,User
2580,User
2581,User
2582,User
2583,User
2584,User
2585,User
2586,User
2587,User
2588,User
2589,User
2590,User
2591,User
2592,User
2593,User
2594,User
2595,User
2596,User
2597,User
2598,User
2599,User
2600,User
2601,User
2602,User
2603,User
2604,User
2605,User
2606,User
2607,User
2608,User
2609,User
2610,User
2611,User
2612,User
2613,User
2614,User
2615,User
2616,User
2617,User
2618,User
2619,User
2620,User
2621,User
2622,User
2623,User
2624,User
2625,User
2626,User
2627,User
2628,User
2629,User
2630,User
2631,User
2632,User
2633,User
2634,User
2635,User
2636,User
2637,User
2638,User
2639,User
2640,User
2641,User
2642,User
2643,User
2644,User
2645,User
2646,User
2647,User
2648,User
2649,User
2650,User
2651,User
2652,User
2653,User
2654,User
2655,User
2656,User
2657,User
2658,User
2659,User
2660,User
2661,User
2662,User
2663,User
2664,User
2665,User
2666,User
2667,User
2668,User
2669,User
2670,User
2671,User
2672,User
2673,User
2674,User
2675,User
2676,User
2677,User
2678,User
2679,User
2680,User
2681,User
2682,User
2683,User
2684,User
2685,User
2686,User
2687,User
2688,User
2689,User
2690,User
2691,User
2692,User
2693,User
2694,User
2695,User
2696,User
2697,User
2698,User
2699,User
2700,User
2701,User
2702,User
2703,User
2704,User
2705,User
2706,User
2707,User
2708,User
2709,User
2710,User
2711,User
2712,User
2713,User
2714,User
2715,User
2716,User
2717,User
2718,User
2719,User
2720,User
2721,User
2722,User
2723,User
2724,User
2725,User
2726,User
2727,User
2728,User
2729,User
2730,User
2731,User
2732,User
2733,User
2734,User
2735,User
2736,User
2737,User
2738,User
2739,User
2740,User
2741,User
2742,User
2743,User
2744,User
2745,User
2746,User
2747,User
2748,User
2749,User
2750,User
2751,User
2752,User
2753,User
2754,User
2755,User
2756,User
2757,User
2758,User
2759,User
2760,User
2761,User
2762,User
2763,User
2764,User
2765,User
2766,User
2767,User
2768,User
2769,User
2770,User
2771,User
2772,User
2773,User
2774,User
2775,User
2776,User
2777,User
2778,User
2779,User
2780,User
2781,User
2782,User
2783,User
2784,User
2785,User
2786,User
2787,User
2788,User
2789,User
2790,User
2791,User
2792,User
2793,User
2794,User
2795,User
2796,User
2797,User
2798,User
2799,User
2800,User
2801,User
2802,User
2803,User
2804,User
2805,User
2806,User
2807,User
2808,User
2809,User
2810,User
2811,User
2812,User
2813,User
2814,User
2815,User
2816,User
2817,User
2818,User
2819,User
2820,User
2821,User
2822,User
2823,User
2824,User
2825,User
2826,User
2827,User
2828,User
2829,User
2830,User
2831,User
2832,User
2833,User
2834,User
2835,User
2836,User
2837,User
2838,User
2839,User
2840,User
2841,User
2842,User
2843,User
2844,User
2845,User
2846,User
2847,User
2848,User
2849,User
2850,User
2851,User
2852,User
2853,User
2854,User
2855,User
2856,User
2857,User
2858,User
2859,User
2860,User
2861,User
2862,User
2863,User
2864,User
2865,User
2866,User
2867,User
2868,User
2869,User
2870,User
2871,User
2872,User
2873,User
2874,User
2875,User
2876,User
2877,User
2878,User
2879,User
2880,User
2881,User
2882,User
2883,User
2884,User
2885,User
2886,User
2887,User
2888,User
2889,User
2890,User
2891,User
2892,User
2893,User
2894,User
2895,User
2896,User
2897,User
2898,User
2899,User
2900,User
2901,User
2902,User
2903,User
2904,User
2905,User
2906,User
2907,User
2908,User
2909,User
2910,User
2911,User
2912,User
2913,User
2914,User
2915,User
2916,User
2917,User
2918,User
2919,User
2920,User
2921,User
2922,User
2923,User
2924,User
2925,User
2926,User
2927,User
2928,User
2929,User
2930,User
2931,User
2932,User
2933,User
2934,User
2935,User
2936,User
2937,User
2938,User
2939,User
2940,User
2941,User
2942,User
2943,User
2944,User
2945,User
2946,User
2947,User
2948,User
2949,User
2950,User
2951,User
2952,User
2953,User
2954,User
2955,User
2956,User
2957,User
2958,User
2959,User
2960,User
2961,User
2962,User
2963,User
2964,User
2965,User
2966,User
2967,User
2968,User
2969,User
2970,User
2971,User
2972,User
2973,User
2974,User
2975,User
2976,User
2977,User
2978,User
2979,User
2980,User
2981,User
2982,User
2983,User
2984,User
2985,User
2986,User
2987,User
2988,User
2989,User
2990,User
2991,User
2992,User
2993,User
2994,User
2995,User
2996,User
2997,User
2998,User
2999,User
3000,User
3001,User
3002,User
3003,User
3004,User
3005,User
3006,User
3007,User
3008,User
3009,User
3010,User
3011,User
3012,User
3013,User
3014,User
3015,User
3016,User
3017,User
3018,User
3019,User
3020,User
3021,User
3022,User
3023,User
3024,User
3025,User
3026,User
3027,User
3028,User
3029,User
3030,User
3031,User
3032,User
3033,User
3034,User
3035,User
3036,User
3037,User
3038,User
3039,User
3040,User
3041,User
3042,User
3043,User
3044,User
3045,User
3046,User
3047,User
3048,User
3049,User
3050,User
3051,User
3052,User
3053,User
3054,User
3055,User
3056,User
3057,User
3058,User
3059,User
3060,User
3061,User
3062,User
3063,User
3064,User
3065,User
3066,User
3067,User
3068,User
3069,User
3070,User
3071,User
3072,User
3073,User
3074,User
3075,User
3076,User
3077,User
3078,User
3079,User
3080,User
3081,User
3082,User
3083,User
3084,User
3085,User
3086,User
3087,User
3088,User
3089,User
3090,User
3091,User
3092,User
3093,User
3094,User
3095,User
3096,User
3097,User
3098,User
3099,User
3100,User
3101,User
3102,User
3103,User
3104,User
3105,User
3106,User
3107,User
3108,User
3109,User
3110,User
3111,User
3112,User
3113,User
3114,User
3115,User
3116,User
3117,User
3118,User
3119,User
3120,User
3121,User
3122,User
3123,User
3124,User
3125,User
3126,User
3127,User
3128,User
3129,User
3130,User
3131,User
3132,User
3133,User
3134,User
3135,User
3136,User
3137,User
3138,User
3139,User
3140,User
3141,User
3142,User
3143,User
3144,User
3145,User
3146,User
3147,User
3148,User
3149,User
3150,User
3151,User
3152,User
3153,User
3154,User
3155,User
3156,User
3157,User
3158,User
3159,User
3160,User
3161,User
3162,User
3163,User
3164,User
3165,User
3166,User
3167,User
3168,User
3169,User
3170,User
3171,User
3172,User
3173,User
3174,User
3175,User
3176,User
3177,User
3178,User
3179,User
3180,User
3181,User
3182,User
3183,User
3184,User
3185,User
3186,User
3187,User
3188,User
3189,User
3190,User
3191,User
3192,User
3193,User
3194,User
3195,User
3196,User
3197,User
3198,User
3199,User
3200,User
3201,User
3202,User
3203,User
3204,User
3205,User
3206,User
3207,User
3208,User
3209,User
3210,User
3211,User
3212,User
3213,User
3214,User
3215,User
3216,User
3217,User
3218,User
3219,User
3220,User
3221,User
3222,User
3223,User
3224,User
3225,User
3226,User
3227,User
3228,User
3229,User
3230,User
3231,User
3232,User
3233,User
3234,User
3235,User
3236,User
3237,User
3238,User
3239,User
3240,User
3241,User
3242,User
3243,User
3244,User
3245,User
3246,User
3247,User
3248,User
3249,User
3250,User
3251,User
3252,User
3253,User
3254,User
3255,User
3256,User
3257,User
3258,User
3259,User
3260,User
3261,User
3262,User
3263,User
3264,User
3265,User
3266,User
3267,User
3268,User
3269,User
3270,User
3271,User
3272,User
3273,User
3274,User
3275,User
3276,User
3277,User
3278,User
3279,User
3280,User
3281,User
3282,User
3283,User
3284,User
3285,User
3286,User
3287,User
3288,User
3289,User
3290,User
3291,User
3292,User
3293,User
3294,User
3295,User
3296,User
3297,User
3298,User
3299,User
3300,User
3301,User
3302,User
3303,User
3304,User
3305,User
3306,User
3307,User
3308,User
3309,User
3310,User
3311,User
3312,User
3313,User
3314,User
3315,User
3316,User
3317,User
3318,User
3319,User
3320,User
3321,User
3322,User
3323,User
3324,User
3325,User
3326,User
3327,User
3328,User
3329,User
3330,User
3331,User
3332,User
3333,User
3334,User
3335,User
3336,User
3337,User
3338,User
3339,User
3340,User
3341,User
3342,User
3343,User
3344,User
3345,User
3346,User
3347,User
3348,User
3349,User
3350,User
3351,User
3352,User
3353,User
3354,User
3355,User
3356,User
3357,User
3358,User
3359,User
3360,User
3361,User
3362,User
3363,User
3364,User
3365,User
3366,User
3367,User
3368,User
3369,User
3370,User
3371,User
3372,User
3373,User
3374,User
3375,User
3376,User
3377,User
3378,User
3379,User
3380,User
3381,User
3382,User
3383,User
3384,User
3385,User
3386,User
3387,User
3388,User
3389,User
3390,User
3391,User
3392,User
3393,User
3394,User
3395,User
3396,User
3397,User
3398,User
3399,User
3400,User
3401,User
3402,User
3403,User
3404,User
3405,User
3406,User
3407,User
3408,User
3409,User
3410,User
3411,User
3412,User
3413,User
3414,User
3415,User
3416,User
3417,User
3418,User
3419,User
3420,User
3421,User
3422,User
3423,User
3424,User
3425,User
3426,User
3427,User
3428,User
3429,User
3430,User
3431,User
3432,User
3433,User
3434,User
3435,User
3436,User
3437,User
3438,User
3439,User
3440,User
3441,User
3442,User
3443,User
3444,User
3445,User
3446,User
3447,User
3448,User
3449,User
3450,User
3451,User
3452,User
3453,User
3454,User
3455,User
3456,User
3457,User
3458,User
3459,User
3460,User
3461,User
3462,User
3463,User
3464,User
3465,User
3466,User
3467,User
3468,User
3469,User
3470,User
3471,User
3472,User
3473,User
3474,User
3475,User
3476,User
3477,User
3478,User
3479,User
3480,User
3481,User
3482,User
3483,User
3484,User
3485,User
3486,User
3487,User
3488,User
3489,User
3490,User
3491,User
3492,User
3493,User
3494,User
3495,User
3496,User
3497,User
3498,User
3499,User
3500,User
3501,User
3502,User
3503,User
3504,User
3505,User
3506,User
3507,User
3508,User
3509,User
3510,User
3511,User
3512,User
3513,User
3514,User
3515,User
3516,User
3517,User
3518,User
3519,User
3520,User
3521,User
3522,User
3523,User
3524,User
3525,User
3526,User
3527,User
3528,User
3529,User
3530,User
3531,User
3532,User
3533,User
3534,User
3535,User
3536,User
3537,User
3538,User
3539,User
3540,User
3541,User
3542,User
3543,User
3544,User
3545,User
3546,User
3547,User
3548,User
3549,User
3550,User
3551,User
3552,User
3553,User
3554,User
3555,User
3556,User
3557,User
3558,User
3559,User
3560,User
3561,User
3562,User
3563,User
3564,User
3565,User
3566,User
3567,User
3568,User
3569,User
3570,User
3571,User
3572,User
3573,User
3574,User
3575,User
3576,User
3577,User
3578,User
3579,User
3580,User
3581,User
3582,User
3583,User
3584,User
3585,User
3586,User
3587,User
3588,User
3589,User
3590,User
3591,User
3592,User
3593,User
3594,User
3595,User
3596,User
3597,User
3598,User
3599,User
3600,User
3601,User
3602,User
3603,User
3604,User
3605,User
3606,User
3607,User
3608,User
3609,User
3610,User
3611,User
3612,User
3613,User
3614,User
3615,User
3616,User
3617,User
3618,User
3619,User
3620,User
3621,User
3622,User
3623,User
3624,User
3625,User
3626,User
3627,User
3628,User
3629,User
3630,User
3631,User
3632,User
3633,User
3634,User
3635,User
3636,User
3637,User
3638,User
3639,User
3640,User
3641,User
3642,User
3643,User
3644,User
3645,User
3646,User
3647,User
3648,User
3649,User
3650,User
3651,User
3652,User
3653,User
3654,User
3655,User
3656,User
3657,User
3658,User
3659,User
3660,User
3661,User
3662,User
3663,User
3664,User
3665,User
3666,User
3667,User
3668,User
3669,User
3670,User
3671,User
3672,User
3673,User
3674,User
3675,User
3676,User
3677,User
3678,User
3679,User
3680,User
3681,User
3682,User
3683,User
3684,User
3685,User
3686,User
3687,User
3688,User
3689,User
3690,User
3691,User
3692,User
3693,User
3694,User
3695,User
3696,User
3697,User
3698,User
3699,User
3700,User
3701,User
3702,User
3703,User
3704,User
3705,User
3706,User
3707,User
3708,User
3709,User
3710,User
3711,User
3712,User
3713,User
3714,User
3715,User
3716,User
3717,User
3718,User
3719,User
3720,User
3721,User
3722,User
3723,User
3724,User
3725,User
3726,User
3727,User
3728,User
3729,User
3730,User
3731,User
3732,User
3733,User
3734,User
3735,User
3736,User
3737,User
3738,User
3739,User
3740,User
3741,User
3742,User
3743,User
3744,User
3745,User
3746,User
3747,User
3748,User
3749,User
3750,User
3751,User
3752,User
3753,User
3754,User
3755,User
3756,User
3757,User
3758,User
3759,User
3760,User
3761,User
3762,User
3763,User
3764,User
3765,User
3766,User
3767,User
3768,User
3769,User
3770,User
3771,User
3772,User
3773,User
3774,User
3775,User
3776,User
3777,User
3778,User
3779,User
3780,User
3781,User
3782,User
3783,User
3784,User
3785,User
3786,User
3787,User
3788,User
3789,User
3790,User
3791,User
3792,User
3793,User
3794,User
3795,User
3796,User
3797,User
3798,User
3799,User
3800,User
3801,User
3802,User
3803,User
3804,User
3805,User
3806,User
3807,User
3808,User
3809,User
3810,User
3811,User
3812,User
3813,User
3814,User
3815,User
3816,User
3817,User
3818,User
3819,User
3820,User
3821,User
3822,User
3823,User
3824,User
3825,User
3826,User
3827,User
3828,User
3829,User
3830,User
3831,User
3832,User
3833,User
3834,User
3835,User
3836,User
3837,User
3838,User
3839,User
3840,User
3841,User
3842,User
3843,User
3844,User
3845,User
3846,User
3847,User
3848,User
3849,User
3850,User
3851,User
3852,User
3853,User
3854,User
3855,User
3856,User
3857,User
3858,User
3859,User
3860,User
3861,User
3862,User
3863,User
3864,User
3865,User
3866,User
3867,User
3868,User
3869,User
3870,User
3871,User
3872,User
3873,User
3874,User
3875,User
3876,User
3877,User
3878,User
3879,User
3880,User
3881,User
3882,User
3883,User
3884,User
3885,User
3886,User
3887,User
3888,User
3889,User
3890,User
3891,User
3892,User
3893,User
3894,User
3895,User
3896,User
3897,User
3898,User
3899,User
3900,User
3901,User
3902,User
3903,User
3904,User
3905,User
3906,User
3907,User
3908,User
3909,User
3910,User
3911,User
3912,User
3913,User
3914,User
3915,User
3916,User
3917,User
3918,User
3919,User
3920,User
3921,User
3922,User
3923,User
3924,User
3925,User
3926,User
3927,User
3928,User
3929,User
3930,User
3931,User
3932,User
3933,User
3934,User
3935,User
3936,User
3937,User
3938,User
3939,User
3940,User
3941,User
3942,User
3943,User
3944,User
3945,User
3946,User
3947,User
3948,User
3949,User
3950,User
3951,User
3952,User
3953,User
3954,User
3955,User
3956,User
3957,User
3958,User
3959,User
3960,User
3961,User
3962,User
3963,User
3964,User
3965,User
3966,User
3967,User
3968,User
3969,User
3970,User
3971,User
3972,User
3973,User
3974,User
3975,User
3976,User
3977,User
3978,User
3979,User
3980,User
3981,User
3982,User
3983,User
3984,User
3985,User
3986,User
3987,User
3988,User
3989,User
3990,User
3991,User
3992,User
3993,User
3994,User
3995,User
3996,User
3997,User
3998,User
3999,User
4000,User
4001,User
4002,User
4003,User
4004,User
4005,User
4006,User
4007,User
4008,User
4009,User
4010,User
4011,User
4012,User
4013,User
4014,User
4015,User
4016,User
4017,User
4018,User
4019,User
4020,User
4021,User
4022,User
4023,User
4024,User
4025,User
4026,User
4027,User
4028,User
4029,User
4030,User
4031,User
4032,User
4033,User
4034,User
4035,User
4036,User
4037,User
4038,User
4039,User
4040,User
4041,User
4042,User
4043,User
4044,User
4045,User
4046,User
4047,User
4048,User
4049,User
4050,User
4051,User
4052,User
4053,User
4054,User
4055,User
4056,User
4057,User
4058,User
4059,User
4060,User
4061,User
4062,User
4063,User
4064,User
4065,User
4066,User
4067,User
4068,User
4069,User
4070,User
4071,User
4072,User
4073,User
4074,User
4075,User
4076,User
4077,User
4078,User
4079,User
4080,User
4081,User
4082,User
4083,User
4084,User
4085,User
4086,User
4087,User
4088,User
4089,User
4090,User
4091,User
4092,User
4093,User
4094,User
4095,User
4096,User
4097,User
4098,User
4099,User
4100,User
4101,User
4102,User
4103,User
4104,User
4105,User
4106,User
4107,User
4108,User
4109,User
4110,User
4111,User
4112,User
4113,User
4114,User
4115,User
4116,User
4117,User
4118,User
4119,User
4120,User
4121,User
4122,User
4123,User
4124,User
4125,User
4126,User
4127,User
4128,User
4129,User
4130,User
4131,User
4132,User
4133,User
4134,User
4135,User
4136,User
4137,User
4138,User
4139,User
4140,User
4141,User
4142,User
4143,User
4144,User
4145,User
4146,User
4147,User
4148,User
4149,User
4150,User
4151,User
4152,User
4153,User
4154,User
4155,User
4156,User
4157,User
4158,User
4159,User
4160,User
4161,User
4162,User
4163,User
4164,User
4165,User
4166,User
4167,User
4168,User
4169,User
4170,User
4171,User
4172,User
4173,User
4174,User
4175,User
4176,User
4177,User
4178,User
4179,User
4180,User
4181,User
4182,User
4183,User
4184,User
4185,User
4186,User
4187,User
4188,User
4189,User
4190,User
4191,User
4192,User
4193,User
4194,User
4195,User
4196,User
4197,User
4198,User
4199,User
4200,User
4201,User
4202,User
4203,User
4204,User
4205,User
4206,User
4207,User
4208,User
4209,User
4210,User
4211,User
4212,User
4213,User
4214,User
4215,User
4216,User
4217,User
4218,User
4219,User
4220,User
4221,User
4222,User
4223,User
4224,User
4225,User
4226,User
4227,User
4228,User
4229,User
4230,User
4231,User
4232,User
4233,User
4234,User
4235,User
4236,User
4237,User
4238,User
4239,User
4240,User
4241,User
4242,User
4243,User
4244,User
4245,User
4246,User
4247,User
4248,User
4249,User
4250,User
4251,User
4252,User
4253,User
4254,User
4255,User
4256,User
4257,User
4258,User
4259,User
4260,User
4261,User
4262,User
4263,User
4264,User
4265,User
4266,User
4267,User
4268,User
4269,User
4270,User
4271,User
4272,User
4273,User
4274,User
4275,User
4276,User
4277,User
4278,User
4279,User
4280,User
4281,User
4282,User
4283,User
4284,User
4285,User
4286,User
4287,User
4288,User
4289,User
4290,User
4291,User
4292,User
4293,User
4294,User
4295,User
4296,User
4297,User
4298,User
4299,User
4300,User
4301,User
4302,User
4303,User
4304,User
4305,User
4306,User
4307,User
4308,User
4309,User
4310,User
4311,User
4312,User
4313,User
4314,User
4315,User
4316,User
4317,User
4318,User
4319,User
4320,User
4321,User
4322,User
4323,User
4324,User
4325,User
4326,User
4327,User
4328,User
4329,User
4330,User
4331,User
4332,User
4333,User
4334,User
4335,User
4336,User
4337,User
4338,User
4339,User
4340,User
4341,User
4342,User
4343,User
4344,User
4345,User
4346,User
4347,User
4348,User
4349,User
4350,User
4351,User
4352,User
4353,User
4354,User
4355,User
4356,User
4357,User
4358,User
4359,User
4360,User
4361,User
4362,User
4363,User
4364,User
4365,User
4366,User
4367,User
4368,User
4369,User
4370,User
4371,User
4372,User
4373,User
4374,User
4375,User
4376,User
4377,User
4378,User
4379,User
4380,User
4381,User
4382,User
4383,User
4384,User
4385,User
4386,User
4387,User
4388,User
4389,User
4390,User
4391,User
4392,User
4393,User
4394,User
4395,User
4396,User
4397,User
4398,User
4399,User
4400,User
4401,User
4402,User
4403,User
4404,User
4405,User
4406,User
4407,User
4408,User
4409,User
4410,User
4411,User
4412,User
4413,User
4414,User
4415,User
4416,User
4417,User
4418,User
4419,User
4420,User
4421,User
4422,User
4423,User
4424,User
4425,User
4426,User
4427,User
4428,User
4429,User
4430,User
4431,User
4432,User
4433,User
4434,User
4435,User
4436,User
4437,User
4438,User
4439,User
4440,User
4441,User
4442,User
4443,User
4444,User
4445,User
4446,User
4447,User
4448,User
4449,User
4450,User
4451,User
4452,User
4453,User
4454,User
4455,User
4456,User
4457,User
4458,User
4459,User
4460,User
4461,User
4462,User
4463,User
4464,User
4465,User
4466,User
4467,User
4468,User
4469,User
4470,User
4471,User
4472,User
4473,User
4474,User
4475,User
4476,User
4477,User
4478,User
4479,User
4480,User
4481,User
4482,User
4483,User
4484,User
4485,User
4486,User
4487,User
4488,User
4489,User
4490,User
4491,User
4492,User
4493,User
4494,User
4495,User
4496,User
4497,User
4498,User
4499,User
4500,User
4501,User
4502,User
4503,User
4504,User
4505,User
4506,User
4507,User
4508,User
4509,User
4510,User
4511,User
4512,User
4513,User
4514,User
4515,User
4516,User
4517,User
4518,User
4519,User
4520,User
4521,User
4522,User
4523,User
4524,User
4525,User
4526,User
4527,User
4528,User
4529,User
4530,User
4531,User
4532,User
4533,User
4534,User
4535,User
4536,User
4537,User
4538,User
4539,User
4540,User
4541,User
4542,User
4543,User
4544,User
4545,User
4546,User
4547,User
4548,User
4549,User
4550,User
4551,User
4552,User
4553,User
4554,User
4555,User
4556,User
4557,User
4558,User
4559,User
4560,User
4561,User
4562,User
4563,User
4564,User
4565,User
4566,User
4567,User
4568,User
4569,User
4570,User
4571,User
4572,User
4573,User
4574,User
4575,User
4576,User
4577,User
4578,User
4579,User
4580,User
4581,User
4582,User
4583,User
4584,User
4585,User
4586,User
4587,User
4588,User
4589,User
4590,User
4591,User
4592,User
4593,User
4594,User
4595,User
4596,User
4597,User
4598,User
4599,User
4600,User
4601,User
4602,User
4603,User
4604,User
4605,User
4606,User
4607,User
4608,User
4609,User
4610,User
4611,User
4612,User
4613,User
4614,User
4615,User
4616,User
4617,User
4618,User
4619,User
4620,User
4621,User
4622,User
4623,User
4624,User
4625,User
4626,User
4627,User
4628,User
4629,User
4630,User
4631,User
4632,User
4633,User
4634,User
4635,User
4636,User
4637,User
4638,User
4639,User
4640,User
4641,User
4642,User
4643,User
4644,User
4645,User
4646,User
4647,User
4648,User
4649,User
4650,User
4651,User
4652,User
4653,User
4654,User
4655,User
4656,User
4657,User
4658,User
4659,User
4660,User
4661,User
4662,User
4663,User
4664,User
4665,User
4666,User
4667,User
4668,User
4669,User
4670,User
4671,User
4672,User
4673,User
4674,User
4675,User
4676,User
4677,User
4678,User
4679,User
4680,User
4681,User
4682,User
4683,User
4684,User
4685,User
4686,User
4687,User
4688,User
4689,User
4690,User
4691,User
4692,User
4693,User
4694,User
4695,User
4696,User
4697,User
4698,User
4699,User
4700,User
4701,User
4702,User
4703,User
4704,User
4705,User
4706,User
4707,User
4708,User
4709,User
4710,User
4711,User
4712,User
4713,User
4714,User
4715,User
4716,User
4717,User
4718,User
4719,User
4720,User
4721,User
4722,User
4723,User
4724,User
4725,User
4726,User
4727,User
4728,User
4729,User
4730,User
4731,User
4732,User
4733,User
4734,User
4735,User
4736,User
4737,User
4738,User
4739,User
4740,User
4741,User
4742,User
4743,User
4744,User
4745,User
4746,User
4747,User
4748,User
4749,User
4750,User
4751,User
4752,User
4753,User
4754,User
4755,User
4756,User
4757,User
4758,User
4759,User
4760,User
4761,User
4762,User
4763,User
4764,User
4765,User
4766,User
4767,User
4768,User
4769,User
4770,User
4771,User
4772,User
4773,User
4774,User
4775,User
4776,User
4777,User
4778,User
4779,User
4780,User
4781,User
4782,User
4783,User
4784,User
4785,User
4786,User
4787,User
4788,User
4789,User
4790,User
4791,User
4792,User
4793,User
4794,User
4795,User
4796,User
4797,User
4798,User
4799,User
4800,User
4801,User
4802,User
4803,User
4804,User
4805,User
4806,User
4807,User
4808,User
4809,User
4810,User
4811,User
4812,User
4813,User
4814,User
4815,User
4816,User
4817,User
4818,User
4819,User
4820,User
4821,User
4822,User
4823,User
4824,User
4825,User
4826,User
4827,User
4828,User
4829,User
4830,User
4831,User
4832,User
4833,User
4834,User
4835,User
4836,User
4837,User
4838,User
4839,User
4840,User
4841,User
4842,User
4843,User
4844,User
4845,User
4846,User
4847,User
4848,User
4849,User
4850,User
4851,User
4852,User
4853,User
4854,User
4855,User
4856,User
4857,User
4858,User
4859,User
4860,User
4861,User
4862,User
4863,User
4864,User
4865,User
4866,User
4867,User
4868,User
4869,User
4870,User
4871,User
4872,User
4873,User
4874,User
4875,User
4876,User
4877,User
4878,User
4879,User
4880,User
4881,User
4882,User
4883,User
4884,User
4885,User
4886,User
4887,User
4888,User
4889,User
4890,User
4891,User
4892,User
4893,User
4894,User
4895,User
4896,User
4897,User
4898,User
4899,User
4900,User
4901,User
4902,User
4903,User
4904,User
4905,User
4906,User
4907,User
4908,User
4909,User
4910,User
4911,User
4912,User
4913,User
4914,User
4915,User
4916,User
4917,User
4918,User
4919,User
4920,User
4921,User
4922,User
4923,User
4924,User
4925,User
4926,User
4927,User
4928,User
4929,User
4930,User
4931,User
4932,User
4933,User
4934,User
4935,User
4936,User
4937,User
4938,User
4939,User
4940,User
4941,User
4942,User
4943,User
4944,User
4945,User
4946,User
4947,User
4948,User
4949,User
4950,User
4951,User
4952,User
4953,User
4954,User
4955,User
4956,User
4957,User
4958,User
4959,User
4960,User
4961,User
4962,User
4963,User
4964,User
4965,User
4966,User
4967,User
4968,User
4969,User
4970,User
4971,User
4972,User
4973,User
4974,User
4975,User
4976,User
4977,User
4978,User
4979,User
4980,User
4981,User
4982,User
4983,User
4984,User
4985,User
4986,User
4987,User
4988,User
4989,User
4990,User
4991,User
4992,User
4993,User
4994,User
4995,User
4996,User
4997,User
4998,User
4999,User
5000,User
5001,User
5002,User
5003,User
5004,User
5005,User
5006,User
5007,User
5008,User
5009,User
5010,User
5011,User
5012,User
5013,User
5014,User
5015,User
5016,User
5017,User
5018,User
5019,User
5020,User
5021,User
5022,User
5023,User
5024,User
5025,User
5026,User
5027,User
5028,User
5029,User
5030,User
5031,User
5032,User
5033,User
5034,User
5035,User
5036,User
5037,User
5038,User
5039,User
5040,User
5041,User
5042,User
5043,User
5044,User
5045,User
5046,User
5047,User
5048,User
5049,User
5050,User
5051,User
5052,User
5053,User
5054,User
5055,User
5056,User
5057,User
5058,User
5059,User
5060,User
5061,User
5062,User
5063,User
5064,User
5065,User
5066,User
5067,User
5068,User
5069,User
5070,User
5071,User
5072,User
5073,User
5074,User
5075,User
5076,User
5077,User
5078,User
5079,User
5080,User
5081,User
5082,User
5083,User
5084,User
5085,User
5086,User
5087,User
5088,User
5089,User
5090,User
5091,User
5092,User
5093,User
5094,User
5095,User
5096,User
5097,User
5098,User
5099,User
5100,User
5101,User
5102,User
5103,User
5104,User
5105,User
5106,User
5107,User
5108,User
5109,User
5110,User
5111,User
5112,User
5113,User
5114,User
5115,User
5116,User
5117,User
5118,User
5119,User
5120,User
5121,User
5122,User
5123,User
5124,User
5125,User
5126,User
5127,User
5128,User
5129,User
5130,User
5131,User
5132,User
5133,User
5134,User
5135,User
5136,User
5137,User
5138,User
5139,User
5140,User
5141,User
5142,User
5143,User
5144,User
5145,User
5146,User
5147,User
5148,User
5149,User
5150,User
5151,User
5152,User
5153,User
5154,User
5155,User
5156,User
5157,User
5158,User
5159,User
5160,User
5161,User
5162,User
5163,User
5164,User
5165,User
5166,User
5167,User
5168,User
5169,User
5170,User
5171,User
5172,User
5173,User
5174,User
5175,User
5176,User
5177,User
5178,User
5179,User
5180,User
5181,User
5182,User
5183,User
5184,User
5185,User
5186,User
5187,User
5188,User
5189,User
5190,User
5191,User
5192,User
5193,User
5194,User
5195,User
5196,User
5197,User
5198,User
5199,User
5200,User
5201,User
5202,User
5203,User
5204,User
5205,User
5206,User
5207,User
5208,User
5209,User
5210,User
5211,User
5212,User
5213,User
5214,User
5215,User
5216,User
5217,User
5218,User
5219,User
5220,User
5221,User
5222,User
5223,User
5224,User
5225,User
5226,User
5227,User
5228,User
5229,User
5230,User
5231,User
5232,User
5233,User
5234,User
5235,User
5236,User
5237,User
5238,User
5239,User
5240,User
5241,User
5242,User
5243,User
5244,User
5245,User
5246,User
5247,User
5248,User
5249,User
5250,User
5251,User
5252,User
5253,User
5254,User
5255,User
5256,User
5257,User
5258,User
5259,User
5260,User
5261,User
5262,User
5263,User
5264,User
5265,User
5266,User
5267,User
5268,User
5269,User
5270,User
5271,User
5272,User
5273,User
5274,User
5275,User
5276,User
5277,User
5278,User
5279,User
5280,User
5281,User
5282,User
5283,User
5284,User
5285,User
5286,User
5287,User
5288,User
5289,User
5290,User
5291,User
5292,User
5293,User
5294,User
5295,User
5296,User
5297,User
5298,User
5299,User
5300,User
5301,User
5302,User
5303,User
5304,User
5305,User
5306,User
5307,User
5308,User
5309,User
5310,User
5311,User
5312,User
5313,User
5314,User
5315,User
5316,User
5317,User
5318,User
5319,User
5320,User
5321,User
5322,User
5323,User
5324,User
5325,User
5326,User
5327,User
5328,User
5329,User
5330,User
5331,User
5332,User
5333,User
5334,User
5335,User
5336,User
5337,User
5338,User
5339,User
5340,User
5341,User
5342,User
5343,User
5344,User
5345,User
5346,User
5347,User
5348,User
5349,User
5350,User
5351,User
5352,User
5353,User
5354,User
5355,User
5356,User
5357,User
5358,User
5359,User
5360,User
5361,User
5362,User
5363,User
5364,User
5365,User
5366,User
5367,User
5368,User
5369,User
5370,User
5371,User
5372,User
5373,User
5374,User
5375,User
5376,User
5377,User
5378,User
5379,User
5380,User
5381,User
5382,User
5383,User
5384,User
5385,User
5386,User
5387,User
5388,User
5389,User
5390,User
5391,User
5392,User
5393,User
5394,User
5395,User
5396,User
5397,User
5398,User
5399,User
5400,User
5401,User
5402,User
5403,User
5404,User
5405,User
5406,User
5407,User
5408,User
5409,User
5410,User
5411,User
5412,User
5413,User
5414,User
5415,User
5416,User
5417,User
5418,User
5419,User
5420,User
5421,User
5422,User
5423,User
5424,User
5425,User
5426,User
5427,User
5428,User
5429,User
5430,User
5431,User
5432,User
5433,User
5434,User
5435,User
5436,User
5437,User
5438,User
5439,User
5440,User
5441,User
5442,User
5443,User
5444,User
5445,User
5446,User
5447,User
5448,User
5449,User
5450,User
5451,User
5452,User
5453,User
5454,User
5455,User
5456,User
5457,User
5458,User
5459,User
5460,User
5461,User
5462,User
5463,User
5464,User
5465,User
5466,User
5467,User
5468,User
5469,User
5470,User
5471,User
5472,User
5473,User
5474,User
5475,User
5476,User
5477,User
5478,User
5479,User
5480,User
5481,User
5482,User
5483,User
5484,User
5485,User
5486,User
5487,User
5488,User
5489,User
5490,User
5491,User
5492,User
5493,User
5494,User
5495,User
5496,User
5497,User
5498,User
5499,User
5500,User
5501,User
5502,User
5503,User
5504,User
5505,User
5506,User
5507,User
5508,User
5509,User
5510,User
5511,User
5512,User
5513,User
5514,User
5515,User
5516,User
5517,User
5518,User
5519,User
5520,User
5521,User
5522,User
5523,User
5524,User
5525,User
5526,User
5527,User
5528,User
5529,User
5530,User
5531,User
5532,User
5533,User
5534,User
5535,User
5536,User
5537,User
5538,User
5539,User
5540,User
5541,User
5542,User
5543,User
5544,User
5545,User
5546,User
5547,User
5548,User
5549,User
5550,User
5551,User
5552,User
5553,User
5554,User
5555,User
5556,User
5557,User
5558,User
5559,User
5560,User
5561,User
5562,User
5563,User
5564,User
5565,User
5566,User
5567,User
5568,User
5569,User
5570,User
5571,User
5572,User
5573,User
5574,User
5575,User
5576,User
5577,User
5578,User
5579,User
5580,User
5581,User
5582,User
5583,User
5584,User
5585,User
5586,User
5587,User
5588,User
5589,User
5590,User
5591,User
5592,User
5593,User
5594,User
5595,User
5596,User
5597,User
5598,User
5599,User
5600,User
5601,User
5602,User
5603,User
5604,User
5605,User
5606,User
5607,User
5608,User
5609,User
5610,User
5611,User
5612,User
5613,User
5614,User
5615,User
5616,User
5617,User
5618,User
5619,User
5620,User
5621,User
5622,User
5623,User
5624,User
5625,User
5626,User
5627,User
5628,User
5629,User
5630,User
5631,User
5632,User
5633,User
5634,User
5635,User
5636,User
5637,User
5638,User
5639,User
5640,User
5641,User
5642,User
5643,User
5644,User
5645,User
5646,User
5647,User
5648,User
5649,User
5650,User
5651,User
5652,User
5653,User
5654,User
5655,User
5656,User
5657,User
5658,User
5659,User
5660,User
5661,User
5662,User
5663,User
5664,User
5665,User
5666,User
5667,User
5668,User
5669,User
5670,User
5671,User
5672,User
5673,User
5674,User
5675,User
5676,User
5677,User
5678,User
5679,User
5680,User
5681,User
5682,User
5683,User
5684,User
5685,User
5686,User
5687,User
5688,User
5689,User
5690,User
5691,User
5692,User
5693,User
5694,User
5695,User
5696,User
5697,User
5698,User
5699,User
5700,User
5701,User
5702,User
5703,User
5704,User
5705,User
5706,User
5707,User
5708,User
5709,User
5710,User
5711,User
5712,User
5713,User
5714,User
5715,User
5716,User
5717,User
5718,User
5719,User
5720,User
5721,User
5722,User
5723,User
5724,User
5725,User
5726,User
5727,User
5728,User
5729,User
5730,User
5731,User
5732,User
5733,User
5734,User
5735,User
5736,User
5737,User
5738,User
5739,User
5740,User
5741,User
5742,User
5743,User
5744,User
5745,User
5746,User
5747,User
5748,User
5749,User
5750,User
5751,User
5752,User
5753,User
5754,User
5755,User
5756,User
5757,User
5758,User
5759,User
5760,User
5761,User
5762,User
5763,User
5764,User
5765,User
5766,User
5767,User
5768,User
5769,User
5770,User
5771,User
5772,User
5773,User
5774,User
5775,User
5776,User
5777,User
5778,User
5779,User
5780,User
5781,User
5782,User
5783,User
5784,User
5785,User
5786,User
5787,User
5788,User
5789,User
5790,User
5791,User
5792,User
5793,User
5794,User
5795,User
5796,User
5797,User
5798,User
5799,User
5800,User
5801,User
5802,User
5803,User
5804,User
5805,User
5806,User
5807,User
5808,User
5809,User
5810,User
5811,User
5812,User
5813,User
5814,User
5815,User
5816,User
5817,User
5818,User
5819,User
5820,User
5821,User
5822,User
5823,User
5824,User
5825,User
5826,User
5827,User
5828,User
5829,User
5830,User
5831,User
5832,User
5833,User
5834,User
5835,User
5836,User
5837,User
5838,User
5839,User
5840,User
5841,User
5842,User
5843,User
5844,User
5845,User
5846,User
5847,User
5848,User
5849,User
5850,User
5851,User
5852,User
5853,User
5854,User
5855,User
5856,User
5857,User
5858,User
5859,User
5860,User
5861,User
5862,User
5863,User
5864,User
5865,User
5866,User
5867,User
5868,User
5869,User
5870,User
5871,User
5872,User
5873,User
5874,User
5875,User
5876,User
5877,User
5878,User
5879,User
5880,User
5881,User
5882,User
5883,User
5884,User
5885,User
5886,User
5887,User
5888,User
5889,User
5890,User
5891,User
5892,User
5893,User
5894,User
5895,User
5896,User
5897,User
5898,User
5899,User
5900,User
5901,User
5902,User
5903,User
5904,User
5905,User
5906,User
5907,User
5908,User
5909,User
5910,User
5911,User
5912,User
5913,User
5914,User
5915,User
5916,User
5917,User
5918,User
5919,User
5920,User
5921,User
5922,User
5923,User
5924,User
5925,User
5926,User
5927,User
5928,User
5929,User
5930,User
5931,User
5932,User
5933,User
5934,User
5935,User
5936,User
5937,User
5938,User
5939,User
5940,User
5941,User
5942,User
5943,User
5944,User
5945,User
5946,User
5947,User
5948,User
5949,User
5950,User
5951,User
5952,User
5953,User
5954,User
5955,User
5956,User
5957,User
5958,User
5959,User
5960,User
5961,User
5962,User
5963,User
5964,User
5965,User
5966,User
5967,User
5968,User
5969,User
5970,User
5971,User
5972,User
5973,User
5974,User
5975,User
5976,User
5977,User
5978,User
5979,User
5980,User
5981,User
5982,User
5983,User
5984,User
5985,User
5986,User
5987,User
5988,User
5989,User
5990,User
5991,User
5992,User
5993,User
5994,User
5995,User
5996,User
5997,User
5998,User
5999,User
6000,User
6001,User
6002,User
6003,User
6004,User
6005,User
6006,User
6007,User
6008,User
6009,User
6010,User
6011,User
6012,User
6013,User
6014,User
6015,User
6016,User
6017,User
6018,User
6019,User
6020,User
6021,User
6022,User
6023,User
6024,User
6025,User
6026,User
6027,User
6028,User
6029,User
6030,User
6031,User
6032,User
6033,User
6034,User
6035,User
6036,User
6037,User
6038,User
6039,User
6040,User
6041,User
6042,User
6043,User
6044,User
6045,User
6046,User
6047,User
6048,User
6049,User
6050,User
6051,User
6052,User
6053,User
6054,User
6055,User
6056,User
6057,User
6058,User
6059,User
6060,User
6061,User
6062,User
6063,User
6064,User
6065,User
6066,User
6067,User
6068,User
6069,User
6070,User
6071,User
6072,User
6073,User
6074,User
6075,User
6076,User
6077,User
6078,User
6079,User
6080,User
6081,User
6082,User
6083,User
6084,User
6085,User
6086,User
6087,User
6088,User
6089,User
6090,User
6091,User
6092,User
6093,User
6094,User
6095,User
6096,User
6097,User
6098,User
6099,User
6100,User
6101,User
6102,User
6103,User
6104,User
6105,User
6106,User
6107,User
6108,User
6109,User
6110,User
6111,User
6112,User
6113,User
6114,User
6115,User
6116,User
6117,User
6118,User
6119,User
6120,User
6121,User
6122,User
6123,User
6124,User
6125,User
6126,User
6127,User
6128,User
6129,User
6130,User
6131,User
6132,User
6133,User
6134,User
6135,User
6136,User
6137,User
6138,User
6139,User
6140,User
6141,User
6142,User
6143,User
6144,User
6145,User
6146,User
6147,User
6148,User
6149,User
6150,User
6151,User
6152,User
6153,User
6154,User
6155,User
6156,User
6157,User
6158,User
6159,User
6160,User
6161,User
6162,User
6163,User
6164,User
6165,User
6166,User
6167,User
6168,User
6169,User
6170,User
6171,User
6172,User
6173,User
6174,User
6175,User
6176,User
6177,User
6178,User
6179,User
6180,User
6181,User
6182,User
6183,User
6184,User
6185,User
6186,User
6187,User
6188,User
6189,User
6190,User
6191,User
6192,User
6193,User
6194,User
6195,User
6196,User
6197,User
6198,User
6199,User
6200,User
6201,User
6202,User
6203,User
6204,User
6205,User
6206,User
6207,User
6208,User
6209,User
6210,User
6211,User
6212,User
6213,User
6214,User
6215,User
6216,User
6217,User
6218,User
6219,User
6220,User
6221,User
6222,User
6223,User
6224,User
6225,User
6226,User
6227,User
6228,User
6229,User
6230,User
6231,User
6232,User
6233,User
6234,User
6235,User
6236,User
6237,User
6238,User
6239,User
6240,User
6241,User
6242,User
6243,User
6244,User
6245,User
6246,User
6247,User
6248,User
6249,User
6250,User
6251,User
6252,User
6253,User
6254,User
6255,User
6256,User
6257,User
6258,User
6259,User
6260,User
6261,User
6262,User
6263,User
6264,User
6265,User
6266,User
6267,User
6268,User
6269,User
6270,User
6271,User
6272,User
6273,User
6274,User
6275,User
6276,User
6277,User
6278,User
6279,User
6280,User
6281,User
6282,User
6283,User
6284,User
6285,User
6286,User
6287,User
6288,User
6289,User
6290,User
6291,User
6292,User
6293,User
6294,User
6295,User
6296,User
6297,User
6298,User
6299,User
6300,User
6301,User
6302,User
6303,User
6304,User
6305,User
6306,User
6307,User
6308,User
6309,User
6310,User
6311,User
6312,User
6313,User
6314,User
6315,User
6316,User
6317,User
6318,User
6319,User
6320,User
6321,User
6322,User
6323,User
6324,User
6325,User
6326,User
6327,User
6328,User
6329,User
6330,User
6331,User
6332,User
6333,User
6334,User
6335,User
6336,User
6337,User
6338,User
6339,User
6340,User
6341,User
6342,User
6343,User
6344,User
6345,User
6346,User
6347,User
6348,User
6349,User
6350,User
6351,User
6352,User
6353,User
6354,User
6355,User
6356,User
6357,User
6358,User
6359,User
6360,User
6361,User
6362,User
6363,User
6364,User
6365,User
6366,User
6367,User
6368,User
6369,User
6370,User
6371,User
6372,User
6373,User
6374,User
6375,User
6376,User
6377,User
6378,User
6379,User
6380,User
6381,User
6382,User
6383,User
6384,User
6385,User
6386,User
6387,User
6388,User
6389,User
6390,User
6391,User
6392,User
6393,User
6394,User
6395,User
6396,User
6397,User
6398,User
6399,User
6400,User
6401,User
6402,User
6403,User
6404,User
6405,User
6406,User
6407,User
6408,User
6409,User
6410,User
6411,User
6412,User
6413,User
6414,User
6415,User
6416,User
6417,User
6418,User
6419,User
6420,User
6421,User
6422,User
6423,User
6424,User
6425,User
6426,User
6427,User
6428,User
6429,User
6430,User
6431,User
6432,User
6433,User
6434,User
6435,User
6436,User
6437,User
6438,User
6439,User
6440,User
6441,User
6442,User
6443,User
6444,User
6445,User
6446,User
6447,User
6448,User
6449,User
6450,User
6451,User
6452,User
6453,User
6454,User
6455,User
6456,User
6457,User
6458,User
6459,User
6460,User
6461,User
6462,User
6463,User
6464,User
6465,User
6466,User
6467,User
6468,User
6469,User
6470,User
6471,User
6472,User
6473,User
6474,User
6475,User
6476,User
6477,User
6478,User
6479,User
6480,User
6481,User
6482,User
6483,User
6484,User
6485,User
6486,User
6487,User
6488,User
6489,User
6490,User
6491,User
6492,User
6493,User
6494,User
6495,User
6496,User
6497,User
6498,User
6499,User
6500,User
6501,User
6502,User
6503,User
6504,User
6505,User
6506,User
6507,User
6508,User
6509,User
6510,User
6511,User
6512,User
6513,User
6514,User
6515,User
6516,User
6517,User
6518,User
6519,User
6520,User
6521,User
6522,User
6523,User
6524,User
6525,User
6526,User
6527,User
6528,User
6529,User
6530,User
6531,User
6532,User
6533,User
6534,User
6535,User
6536,User
6537,User
6538,User
6539,User
6540,User
6541,User
6542,User
6543,User
6544,User
6545,User
6546,User
6547,User
6548,User
6549,User
6550,User
6551,User
6552,User
6553,User
6554,User
6555,User
6556,User
6557,User
6558,User
6559,User
6560,User
6561,User
6562,User
6563,User
6564,User
6565,User
6566,User
6567,User
6568,User
6569,User
6570,User
6571,User
6572,User
6573,User
6574,User
6575,User
6576,User
6577,User
6578,User
6579,User
6580,User
6581,User
6582,User
6583,User
6584,User
6585,User
6586,User
6587,User
6588,User
6589,User
6590,User
6591,User
6592,User
6593,User
6594,User
6595,User
6596,User
6597,User
6598,User
6599,User
6600,User
6601,User
6602,User
6603,User
6604,User
6605,User
6606,User
6607,User
6608,User
6609,User
6610,User
6611,User
6612,User
6613,User
6614,User
6615,User
6616,User
6617,User
6618,User
6619,User
6620,User
6621,User
6622,User
6623,User
6624,User
6625,User
6626,User
6627,User
6628,User
6629,User
6630,User
6631,User
6632,User
6633,User
6634,User
6635,User
6636,User
6637,User
6638,User
6639,User
6640,User
6641,User
6642,User
6643,User
6644,User
6645,User
6646,User
6647,User
6648,User
6649,User
6650,User
6651,User
6652,User
6653,User
6654,User
6655,User
6656,User
6657,User
6658,User
6659,User
6660,User
6661,User
6662,User
6663,User
6664,User
6665,User
6666,User
6667,User
6668,User
6669,User
6670,User
6671,User
6672,User
6673,User
6674,User
6675,User
6676,User
6677,User
6678,User
6679,User
6680,User
6681,User
6682,User
6683,User
6684,User
6685,User
6686,User
6687,User
6688,User
6689,User
6690,User
6691,User
6692,User
6693,User
6694,User
6695,User
6696,User
6697,User
6698,User
6699,User
6700,User
6701,User
6702,User
6703,User
6704,User
6705,User
6706,User
6707,User
6708,User
6709,User
6710,User
6711,User
6712,User
6713,User
6714,User
6715,User
6716,User
6717,User
6718,User
6719,User
6720,User
6721,User
6722,User
6723,User
6724,User
6725,User
6726,User
6727,User
6728,User
6729,User
6730,User
6731,User
6732,User
6733,User
6734,User
6735,User
6736,User
6737,User
6738,User
6739,User
6740,User
6741,User
6742,User
6743,User
6744,User
6745,User
6746,User
6747,User
6748,User
6749,User
6750,User
6751,User
6752,User
6753,User
6754,User
6755,User
6756,User
6757,User
6758,User
6759,User
6760,User
6761,User
6762,User
6763,User
6764,User
6765,User
6766,User
6767,User
6768,User
6769,User
6770,User
6771,User
6772,User
6773,User
6774,User
6775,User
6776,User
6777,User
6778,User
6779,User
6780,User
6781,User
6782,User
6783,User
6784,User
6785,User
6786,User
6787,User
6788,User
6789,User
6790,User
6791,User
6792,User
6793,User
6794,User
6795,User
6796,User
6797,User
6798,User
6799,User
6800,User
6801,User
6802,User
6803,User
6804,User
6805,User
6806,User
6807,User
6808,User
6809,User
6810,User
6811,User
6812,User
6813,User
6814,User
6815,User
6816,User
6817,User
6818,User
6819,User
6820,User
6821,User
6822,User
6823,User
6824,User
6825,User
6826,User
6827,User
6828,User
6829,User
6830,User
6831,User
6832,User
6833,User
6834,User
6835,User
6836,User
6837,User
6838,User
6839,User
6840,User
6841,User
6842,User
6843,User
6844,User
6845,User
6846,User
6847,User
6848,User
6849,User
6850,User
6851,User
6852,User
6853,User
6854,User
6855,User
6856,User
6857,User
6858,User
6859,User
6860,User
6861,User
6862,User
6863,User
6864,User
6865,User
6866,User
6867,User
6868,User
6869,User
6870,User
6871,User
6872,User
6873,User
6874,User
6875,User
6876,User
6877,User
6878,User
6879,User
6880,User
6881,User
6882,User
6883,User
6884,User
6885,User
6886,User
6887,User
6888,User
6889,User
6890,User
6891,User
6892,User
6893,User
6894,User
6895,User
6896,User
6897,User
6898,User
6899,User
6900,User
6901,User
6902,User
6903,User
6904,User
6905,User
6906,User
6907,User
6908,User
6909,User
6910,User
6911,User
6912,User
6913,User
6914,User
6915,User
6916,User
6917,User
6918,User
6919,User
6920,User
6921,User
6922,User
6923,User
6924,User
6925,User
6926,User
6927,User
6928,User
6929,User
6930,User
6931,User
6932,User
6933,User
6934,User
6935,User
6936,User
6937,User
6938,User
6939,User
6940,User
6941,User
6942,User
6943,User
6944,User
6945,User
6946,User
6947,User
6948,User
6949,User
6950,User
6951,User
6952,User
6953,User
6954,User
6955,User
6956,User
6957,User
6958,User
6959,User
6960,User
6961,User
6962,User
6963,User
6964,User
6965,User
6966,User
6967,User
6968,User
6969,User
6970,User
6971,User
6972,User
6973,User
6974,User
6975,User
6976,User
6977,User
6978,User
6979,User
6980,User
6981,User
6982,User
6983,User
6984,User
6985,User
6986,User
6987,User
6988,User
6989,User
6990,User
6991,User
6992,User
6993,User
6994,User
6995,User
6996,User
6997,User
6998,User
6999,User
7000,User
7001,User
7002,User
7003,User
7004,User
7005,User
7006,User
7007,User
7008,User
7009,User
7010,User
7011,User
7012,User
7013,User
7014,User
7015,User
7016,User
7017,User
7018,User
7019,User
7020,User
7021,User
7022,User
7023,User
7024,User
7025,User
7026,User
7027,User
7028,User
7029,User
7030,User
7031,User
7032,User
7033,User
7034,User
7035,User
7036,User
7037,User
7038,User
7039,User
7040,User
7041,User
7042,User
7043,User
7044,User
7045,User
7046,User
7047,User
7048,User
7049,User
7050,User
7051,User
7052,User
7053,User
7054,User
7055,User
7056,User
7057,User
7058,User
7059,User
7060,User
7061,User
7062,User
7063,User
7064,User
7065,User
7066,User
7067,User
7068,User
7069,User
7070,User
7071,User
7072,User
7073,User
7074,User
7075,User
7076,User
7077,User
7078,User
7079,User
7080,User
7081,User
7082,User
7083,User
7084,User
7085,User
7086,User
7087,User
7088,User
7089,User
7090,User
7091,User
7092,User
7093,User
7094,User
7095,User
7096,User
7097,User
7098,User
7099,User
7100,User
7101,User
7102,User
7103,User
7104,User
7105,User
7106,User
7107,User
7108,User
7109,User
7110,User
7111,User
7112,User
7113,User
7114,User
7115,User
7116,User
7117,User
7118,User
7119,User
7120,User
7121,User
7122,User
7123,User
7124,User
7125,User
7126,User
7127,User
7128,User
7129,User
7130,User
7131,User
7132,User
7133,User
7134,User
7135,User
7136,User
7137,User
7138,User
7139,User
7140,User
7141,User
7142,User
7143,User
7144,User
7145,User
7146,User
7147,User
7148,User
7149,User
7150,User
7151,User
7152,User
7153,User
7154,User
7155,User
7156,User
7157,User
7158,User
7159,User
7160,User
7161,User
7162,User
7163,User
7164,User
7165,User
7166,User
7167,User
7168,User
7169,User
7170,User
7171,User
7172,User
7173,User
7174,User
7175,User
7176,User
7177,User
7178,User
7179,User
7180,User
7181,User
7182,User
7183,User
7184,User
7185,User
7186,User
7187,User
7188,User
7189,User
7190,User
7191,User
7192,User
7193,User
7194,User
7195,User
7196,User
7197,User
7198,User
7199,User
7200,User
7201,User
7202,User
7203,User
7204,User
7205,User
7206,User
7207,User
7208,User
7209,User
7210,User
7211,User
7212,User
7213,User
7214,User
7215,User
7216,User
7217,User
7218,User
7219,User
7220,User
7221,User
7222,User
7223,User
7224,User
7225,User
7226,User
7227,User
7228,User
7229,User
7230,User
7231,User
7232,User
7233,User
7234,User
7235,User
7236,User
7237,User
7238,User
7239,User
7240,User
7241,User
7242,User
7243,User
7244,User
7245,User
7246,User
7247,User
7248,User
7249,User
7250,User
7251,User
7252,User
7253,User
7254,User
7255,User
7256,User
7257,User
7258,User
7259,User
7260,User
7261,User
7262,User
7263,User
7264,User
7265,User
7266,User
7267,User
7268,User
7269,User
7270,User
7271,User
7272,User
7273,User
7274,User
7275,User
7276,User
7277,User
7278,User
7279,User
7280,User
7281,User
7282,User
7283,User
7284,User
7285,User
7286,User
7287,User
7288,User
7289,User
7290,User
7291,User
7292,User
7293,User
7294,User
7295,User
7296,User
7297,User
7298,User
7299,User
7300,User
7301,User
7302,User
7303,User
7304,User
7305,User
7306,User
7307,User
7308,User
7309,User
7310,User
7311,User
7312,User
7313,User
7314,User
7315,User
7316,User
7317,User
7318,User
7319,User
7320,User
7321,User
7322,User
7323,User
7324,User
7325,User
7326,User
7327,User
7328,User
7329,User
7330,User
7331,User
7332,User
7333,User
7334,User
7335,User
7336,User
7337,User
7338,User
7339,User
7340,User
7341,User
7342,User
7343,User
7344,User
7345,User
7346,User
7347,User
7348,User
7349,User
7350,User
7351,User
7352,User
7353,User
7354,User
7355,User
7356,User
7357,User
7358,User
7359,User
7360,User
7361,User
7362,User
7363,User
7364,User
7365,User
7366,User
7367,User
7368,User
7369,User
7370,User
7371,User
7372,User
7373,User
7374,User
7375,User
7376,User
7377,User
7378,User
7379,User
7380,User
7381,User
7382,User
7383,User
7384,User
7385,User
7386,User
7387,User
7388,User
7389,User
7390,User
7391,User
7392,User
7393,User
7394,User
7395,User
7396,User
7397,User
7398,User
7399,User
7400,User
7401,User
7402,User
7403,User
7404,User
7405,User
7406,User
7407,User
7408,User
7409,User
7410,User
7411,User
7412,User
7413,User
7414,User
7415,User
7416,User
7417,User
7418,User
7419,User
7420,User
7421,User
7422,User
7423,User
7424,User
7425,User
7426,User
7427,User
7428,User
7429,User
7430,User
7431,User
7432,User
7433,User
7434,User
7435,User
7436,User
7437,User
7438,User
7439,User
7440,User
7441,User
7442,User
7443,User
7444,User
7445,User
7446,User
7447,User
7448,User
7449,User
7450,User
7451,User
7452,User
7453,User
7454,User
7455,User
7456,User
7457,User
7458,User
7459,User
7460,User
7461,User
7462,User
7463,User
7464,User
7465,User
7466,User
7467,User
7468,User
7469,User
7470,User
7471,User
7472,User
7473,User
7474,User
7475,User
7476,User
7477,User
7478,User
7479,User
7480,User
7481,User
7482,User
7483,User
7484,User
7485,User
7486,User
7487,User
7488,User
7489,User
7490,User
7491,User
7492,User
7493,User
7494,User
7495,User
7496,User
7497,User
7498,User
7499,User
7500,User
7501,User
7502,User
7503,User
7504,User
7505,User
7506,User
7507,User
7508,User
7509,User
7510,User
7511,User
7512,User
7513,User
7514,User
7515,User
7516,User
7517,User
7518,User
7519,User
7520,User
7521,User
7522,User
7523,User
7524,User
7525,User
7526,User
7527,User
7528,User
7529,User
7530,User
7531,User
7532,User
7533,User
7534,User
7535,User
7536,User
7537,User
7538,User
7539,User
7540,User
7541,User
7542,User
7543,User
7544,User
7545,User
7546,User
7547,User
7548,User
7549,User
7550,User
7551,User
7552,User
7553,User
7554,User
7555,User
7556,User
7557,User
7558,User
7559,User
7560,User
7561,User
7562,User
7563,User
7564,User
7565,User
7566,User
7567,User
7568,User
7569,User
7570,User
7571,User
7572,User
7573,User
7574,User
7575,User
7576,User
7577,User
7578,User
7579,User
7580,User
7581,User
7582,User
7583,User
7584,User
7585,User
7586,User
7587,User
7588,User
7589,User
7590,User
7591,User
7592,User
7593,User
7594,User
7595,User
7596,User
7597,User
7598,User
7599,User
7600,User
7601,User
7602,User
7603,User
7604,User
7605,User
7606,User
7607,User
7608,User
7609,User
7610,User
7611,User
7612,User
7613,User
7614,User
7615,User
7616,User
7617,User
7618,User
7619,User
7620,User
7621,User
7622,User
7623,User
7624,User
7625,User
7626,User
7627,User
7628,User
7629,User
7630,User
7631,User
7632,User
7633,User
7634,User
7635,User
7636,User
7637,User
7638,User
7639,User
7640,User
7641,User
7642,User
7643,User
7644,User
7645,User
7646,User
7647,User
7648,User
7649,User
7650,User
7651,User
7652,User
7653,User
7654,User
7655,User
7656,User
7657,User
7658,User
7659,User
7660,User
7661,User
7662,User
7663,User
7664,User
7665,User
7666,User
7667,User
7668,User
7669,User
7670,User
7671,User
7672,User
7673,User
7674,User
7675,User
7676,User
7677,User
7678,User
7679,User
7680,User
7681,User
7682,User
7683,User
7684,User
7685,User
7686,User
7687,User
7688,User
7689,User
7690,User
7691,User
7692,User
7693,User
7694,User
7695,User
7696,User
7697,User
7698,User
7699,User
7700,User
7701,User
7702,User
7703,User
7704,User
7705,User
7706,User
7707,User
7708,User
7709,User
7710,User
7711,User
7712,User
7713,User
7714,User
7715,User
7716,User
7717,User
7718,User
7719,User
7720,User
7721,User
7722,User
7723,User
7724,User
7725,User
7726,User
7727,User
7728,User
7729,User
7730,User
7731,User
7732,User
7733,User
7734,User
7735,User
7736,User
7737,User
7738,User
7739,User
7740,User
7741,User
7742,User
7743,User
7744,User
7745,User
7746,User
7747,User
7748,User
7749,User
7750,User
7751,User
7752,User
7753,User
7754,User
7755,User
7756,User
7757,User
7758,User
7759,User
7760,User
7761,User
7762,User
7763,User
7764,User
7765,User
7766,User
7767,User
7768,User
7769,User
7770,User
7771,User
7772,User
7773,User
7774,User
7775,User
7776,User
7777,User
7778,User
7779,User
7780,User
7781,User
7782,User
7783,User
7784,User
7785,User
7786,User
7787,User
7788,User
7789,User
7790,User
7791,User
7792,User
7793,User
7794,User
7795,User
7796,User
7797,User
7798,User
7799,User
7800,User
7801,User
7802,User
7803,User
7804,User
7805,User
7806,User
7807,User
7808,User
7809,User
7810,User
7811,User
7812,User
7813,User
7814,User
7815,User
7816,User
7817,User
7818,User
7819,User
7820,User
7821,User
7822,User
7823,User
7824,User
7825,User
7826,User
7827,User
7828,User
7829,User
7830,User
7831,User
7832,User
7833,User
7834,User
7835,User
7836,User
7837,User
7838,User
7839,User
7840,User
7841,User
7842,User
7843,User
7844,User
7845,User
7846,User
7847,User
7848,User
7849,User
7850,User
7851,User
7852,User
7853,User
7854,User
7855,User
7856,User
7857,User
7858,User
7859,User
7860,User
7861,User
7862,User
7863,User
7864,User
7865,User
7866,User
7867,User
7868,User
7869,User
7870,User
7871,User
7872,User
7873,User
7874,User
7875,User
7876,User
7877,User
7878,User
7879,User
7880,User
7881,User
7882,User
7883,User
7884,User
7885,User
7886,User
7887,User
7888,User
7889,User
7890,User
7891,User
7892,User
7893,User
7894,User
7895,User
7896,User
7897,User
7898,User
7899,User
7900,User
7901,User
7902,User
7903,User
7904,User
7905,User
7906,User
7907,User
7908,User
7909,User
7910,User
7911,User
7912,User
7913,User
7914,User
7915,User
7916,User
7917,User
7918,User
7919,User
7920,User
7921,User
7922,User
7923,User
7924,User
7925,User
7926,User
7927,User
7928,User
7929,User
7930,User
7931,User
7932,User
7933,User
7934,User
7935,User
7936,User
7937,User
7938,User
7939,User
7940,User
7941,User
7942,User
7943,User
7944,User
7945,User
7946,User
7947,User
7948,User
7949,User
7950,User
7951,User
7952,User
7953,User
7954,User
7955,User
7956,User
7957,User
7958,User
7959,User
7960,User
7961,User
7962,User
7963,User
7964,User
7965,User
7966,User
7967,User
7968,User
7969,User
7970,User
7971,User
7972,User
7973,User
7974,User
7975,User
7976,User
7977,User
7978,User
7979,User
7980,User
7981,User
7982,User
7983,User
7984,User
7985,User
7986,User
7987,User
7988,User
7989,User
7990,User
7991,User
7992,User
7993,User
7994,User
7995,User
7996,User
7997,User
7998,User
7999,User
8000,User
8001,User
8002,User
8003,User
8004,User
8005,User
8006,User
8007,User
8008,User
8009,User
8010,User
8011,User
8012,User
8013,User
8014,User
8015,User
8016,User
8017,User
8018,User
8019,User
8020,User
8021,User
8022,User
8023,User
8024,User
8025,User
8026,User
8027,User
8028,User
8029,User
8030,User
8031,User
8032,User
8033,User
8034,User
8035,User
8036,User
8037,User
8038,User
8039,User
8040,User
8041,User
8042,User
8043,User
8044,User
8045,User
8046,User
8047,User
8048,User
8049,User
8050,User
8051,User
8052,User
8053,User
8054,User
8055,User
8056,User
8057,User
8058,User
8059,User
8060,User
8061,User
8062,User
8063,User
8064,User
8065,User
8066,User
8067,User
8068,User
8069,User
8070,User
8071,User
8072,User
8073,User
8074,User
8075,User
8076,User
8077,User
8078,User
8079,User
8080,User
8081,User
8082,User
8083,User
8084,User
8085,User
8086,User
8087,User
8088,User
8089,User
8090,User
8091,User
8092,User
8093,User
8094,User
8095,User
8096,User
8097,User
8098,User
8099,User
8100,User
8101,User
8102,User
8103,User
8104,User
8105,User
8106,User
8107,User
8108,User
8109,User
8110,User
8111,User
8112,User
8113,User
8114,User
8115,User
8116,User
8117,User
8118,User
8119,User
8120,User
8121,User
8122,User
8123,User
8124,User
8125,User
8126,User
8127,User
8128,User
8129,User
8130,User
8131,User
8132,User
8133,User
8134,User
8135,User
8136,User
8137,User
8138,User
8139,User
8140,User
8141,User
8142,User
8143,User
8144,User
8145,User
8146,User
8147,User
8148,User
8149,User
8150,User
8151,User
8152,User
8153,User
8154,User
8155,User
8156,User
8157,User
8158,User
8159,User
8160,User
8161,User
8162,User
8163,User
8164,User
8165,User
8166,User
8167,User
8168,User
8169,User
8170,User
8171,User
8172,User
8173,User
8174,User
8175,User
8176,User
8177,User
8178,User
8179,User
8180,User
8181,User
8182,User
8183,User
8184,User
8185,User
8186,User
8187,User
8188,User
8189,User
8190,User
8191,User
8192,User
8193,User
8194,User
8195,User
8196,User
8197,User
8198,User
8199,User
8200,User
8201,User
8202,User
8203,User
8204,User
8205,User
8206,User
8207,User
8208,User
8209,User
8210,User
8211,User
8212,User
8213,User
8214,User
8215,User
8216,User
8217,User
8218,User
8219,User
8220,User
8221,User
8222,User
8223,User
8224,User
8225,User
8226,User
8227,User
8228,User
8229,User
8230,User
8231,User
8232,User
8233,User
8234,User
8235,User
8236,User
8237,User
8238,User
8239,User
8240,User
8241,User
8242,User
8243,User
8244,User
8245,User
8246,User
8247,User
8248,User
8249,User
8250,User
8251,User
8252,User
8253,User
8254,User
8255,User
8256,User
8257,User
8258,User
8259,User
8260,User
8261,User
8262,User
8263,User
8264,User
8265,User
8266,User
8267,User
8268,User
8269,User
8270,User
8271,User
8272,User
8273,User
8274,User
8275,User
8276,User
8277,User
8278,User
8279,User
8280,User
8281,User
8282,User
8283,User
8284,User
8285,User
8286,User
8287,User
8288,User
8289,User
8290,User
8291,User
8292,User
8293,User
8294,User
8295,User
8296,User
8297,User
8298,User
8299,User
8300,User
8301,User
8302,User
8303,User
8304,User
8305,User
8306,User
8307,User
8308,User
8309,User
8310,User
8311,User
8312,User
8313,User
8314,User
8315,User
8316,User
8317,User
8318,User
8319,User
8320,User
8321,User
8322,User
8323,User
8324,User
8325,User
8326,User
8327,User
8328,User
8329,User
8330,User
8331,User
8332,User
8333,User
8334,User
8335,User
8336,User
8337,User
8338,User
8339,User
8340,User
8341,User
8342,User
8343,User
8344,User
8345,User
8346,User
8347,User
8348,User
8349,User
8350,User
8351,User
8352,User
8353,User
8354,User
8355,User
8356,User
8357,User
8358,User
8359,User
8360,User
8361,User
8362,User
8363,User
8364,User
8365,User
8366,User
8367,User
8368,User
8369,User
8370,User
8371,User
8372,User
8373,User
8374,User
8375,User
8376,User
8377,User
8378,User
8379,User
8380,User
8381,User
8382,User
8383,User
8384,User
8385,User
8386,User
8387,User
8388,User
8389,User
8390,User
8391,User
8392,User
8393,User
8394,User
8395,User
8396,User
8397,User
8398,User
8399,User
8400,User
8401,User
8402,User
8403,User
8404,User
8405,User
8406,User
8407,User
8408,User
8409,User
8410,User
8411,User
8412,User
8413,User
8414,User
8415,User
8416,User
8417,User
8418,User
8419,User
8420,User
8421,User
8422,User
8423,User
8424,User
8425,User
8426,User
8427,User
8428,User
8429,User
8430,User
8431,User
8432,User
8433,User
8434,User
8435,User
8436,User
8437,User
8438,User
8439,User
8440,User
8441,User
8442,User
8443,User
8444,User
8445,User
8446,User
8447,User
8448,User
8449,User
8450,User
8451,User
8452,User
8453,User
8454,User
8455,User
8456,User
8457,User
8458,User
8459,User
8460,User
8461,User
8462,User
8463,User
8464,User
8465,User
8466,User
8467,User
8468,User
8469,User
8470,User
8471,User
8472,User
8473,User
8474,User
8475,User
8476,User
8477,User
8478,User
8479,User
8480,User
8481,User
8482,User
8483,User
8484,User
8485,User
8486,User
8487,User
8488,User
8489,User
8490,User
8491,User
8492,User
8493,User
8494,User
8495,User
8496,User
8497,User
8498,User
8499,User
8500,User
8501,User
8502,User
8503,User
8504,User
8505,User
8506,User
8507,User
8508,User
8509,User
8510,User
8511,User
8512,User
8513,User
8514,User
8515,User
8516,User
8517,User
8518,User
8519,User
8520,User
8521,User
8522,User
8523,User
8524,User
8525,User
8526,User
8527,User
8528,User
8529,User
8530,User
8531,User
8532,User
8533,User
8534,User
8535,User
8536,User
8537,User
8538,User
8539,User
8540,User
8541,User
8542,User
8543,User
8544,User
8545,User
8546,User
8547,User
8548,User
8549,User
8550,User
8551,User
8552,User
8553,User
8554,User
8555,User
8556,User
8557,User
8558,User
8559,User
8560,User
8561,User
8562,User
8563,User
8564,User
8565,User
8566,User
8567,User
8568,User
8569,User
8570,User
8571,User
8572,User
8573,User
8574,User
8575,User
8576,User
8577,User
8578,User
8579,User
8580,User
8581,User
8582,User
8583,User
8584,User
8585,User
8586,User
8587,User
8588,User
8589,User
8590,User
8591,User
8592,User
8593,User
8594,User
8595,User
8596,User
8597,User
8598,User
8599,User
8600,User
8601,User
8602,User
8603,User
8604,User
8605,User
8606,User
8607,User
8608,User
8609,User
8610,User
8611,User
8612,User
8613,User
8614,User
8615,User
8616,User
8617,User
8618,User
8619,User
8620,User
8621,User
8622,User
8623,User
8624,User
8625,User
8626,User
8627,User
8628,User
8629,User
8630,User
8631,User
8632,User
8633,User
8634,User
8635,User
8636,User
8637,User
8638,User
8639,User
8640,User
8641,User
8642,User
8643,User
8644,User
8645,User
8646,User
8647,User
8648,User
8649,User
8650,User
8651,User
8652,User
8653,User
8654,User
8655,User
8656,User
8657,User
8658,User
8659,User
8660,User
8661,User
8662,User
8663,User
8664,User
8665,User
8666,User
8667,User
8668,User
8669,User
8670,User
8671,User
8672,User
8673,User
8674,User
8675,User
8676,User
8677,User
8678,User
8679,User
8680,User
8681,User
8682,User
8683,User
8684,User
8685,User
8686,User
8687,User
8688,User
8689,User
8690,User
8691,User
8692,User
8693,User
8694,User
8695,User
8696,User
8697,User
8698,User
8699,User
8700,User
8701,User
8702,User
8703,User
8704,User
8705,User
8706,User
8707,User
8708,User
8709,User
8710,User
8711,User
8712,User
8713,User
8714,User
8715,User
8716,User
8717,User
8718,User
8719,User
8720,User
8721,User
8722,User
8723,User
8724,User
8725,User
8726,User
8727,User
8728,User
8729,User
8730,User
8731,User
8732,User
8733,User
8734,User
8735,User
8736,User
8737,User
8738,User
8739,User
8740,User
8741,User
8742,User
8743,User
8744,User
8745,User
8746,User
8747,User
8748,User
8749,User
8750,User
8751,User
8752,User
8753,User
8754,User
8755,User
8756,User
8757,User
8758,User
8759,User
8760,User
8761,User
8762,User
8763,User
8764,User
8765,User
8766,User
8767,User
8768,User
8769,User
8770,User
8771,User
8772,User
8773,User
8774,User
8775,User
8776,User
8777,User
8778,User
8779,User
8780,User
8781,User
8782,User
8783,User
8784,User
8785,User
8786,User
8787,User
8788,User
8789,User
8790,User
8791,User
8792,User
8793,User
8794,User
8795,User
8796,User
8797,User
8798,User
8799,User
8800,User
8801,User
8802,User
8803,User
8804,User
8805,User
8806,User
8807,User
8808,User
8809,User
8810,User
8811,User
8812,User
8813,User
8814,User
8815,User
8816,User
8817,User
8818,User
8819,User
8820,User
8821,User
8822,User
8823,User
8824,User
8825,User
8826,User
8827,User
8828,User
8829,User
8830,User
8831,User
8832,User
8833,User
8834,User
8835,User
8836,User
8837,User
8838,User
8839,User
8840,User
8841,User
8842,User
8843,User
8844,User
8845,User
8846,User
8847,User
8848,User
8849,User
8850,User
8851,User
8852,User
8853,User
8854,User
8855,User
8856,User
8857,User
8858,User
8859,User
8860,User
8861,User
8862,User
8863,User
8864,User
8865,User
8866,User
8867,User
8868,User
8869,User
8870,User
8871,User
8872,User
8873,User
8874,User
8875,User
8876,User
8877,User
8878,User
8879,User
8880,User
8881,User
8882,User
8883,User
8884,User
8885,User
8886,User
8887,User
8888,User
8889,User
8890,User
8891,User
8892,User
8893,User
8894,User
8895,User
8896,User
8897,User
8898,User
8899,User
8900,User
8901,User
8902,User
8903,User
8904,User
8905,User
8906,User
8907,User
8908,User
8909,User
8910,User
8911,User
8912,User
8913,User
8914,User
8915,User
8916,User
8917,User
8918,User
8919,User
8920,User
8921,User
8922,User
8923,User
8924,User
8925,User
8926,User
8927,User
8928,User
8929,User
8930,User
8931,User
8932,User
8933,User
8934,User
8935,User
8936,User
8937,User
8938,User
8939,User
8940,User
8941,User
8942,User
8943,User
8944,User
8945,User
8946,User
8947,User
8948,User
8949,User
8950,User
8951,User
8952,User
8953,User
8954,User
8955,User
8956,User
8957,User
8958,User
8959,User
8960,User
8961,User
8962,User
8963,User
8964,User
8965,User
8966,User
8967,User
8968,User
8969,User
8970,User
8971,User
8972,User
8973,User
8974,User
8975,User
8976,User
8977,User
8978,User
8979,User
8980,User
8981,User
8982,User
8983,User
8984,User
8985,User
8986,User
8987,User
8988,User
8989,User
8990,User
8991,User
8992,User
8993,User
8994,User
8995,User
8996,User
8997,User
8998,User
8999,User
9000,User
9001,User
9002,User
9003,User
9004,User
9005,User
9006,User
9007,User
9008,User
9009,User
9010,User
9011,User
9012,User
9013,User
9014,User
9015,User
9016,User
9017,User
9018,User
9019,User
9020,User
9021,User
9022,User
9023,User
9024,User
9025,User
9026,User
9027,User
9028,User
9029,User
9030,User
9031,User
9032,User
9033,User
9034,User
9035,User
9036,User
9037,User
9038,User
9039,User
9040,User
9041,User
9042,User
9043,User
9044,User
9045,User
9046,User
9047,User
9048,User
9049,User
9050,User
9051,User
9052,User
9053,User
9054,User
9055,User
9056,User
9057,User
9058,User
9059,User
9060,User
9061,User
9062,User
9063,User
9064,User
9065,User
9066,User
9067,User
9068,User
9069,User
9070,User
9071,User
9072,User
9073,User
9074,User
9075,User
9076,User
9077,User
9078,User
9079,User
9080,User
9081,User
9082,User
9083,User
9084,User
9085,User
9086,User
9087,User
9088,User
9089,User
9090,User
9091,User
9092,User
9093,User
9094,User
9095,User
9096,User
9097,User
9098,User
9099,User
9100,User
9101,User
9102,User
9103,User
9104,User
9105,User
9106,User
9107,User
9108,User
9109,User
9110,User
9111,User
9112,User
9113,User
9114,User
9115,User
9116,User
9117,User
9118,User
9119,User
9120,User
9121,User
9122,User
9123,User
9124,User
9125,User
9126,User
9127,User
9128,User
9129,User
9130,User
9131,User
9132,User
9133,User
9134,User
9135,User
9136,User
9137,User
9138,User
9139,User
9140,User
9141,User
9142,User
9143,User
9144,User
9145,User
9146,User
9147,User
9148,User
9149,User
9150,User
9151,User
9152,User
9153,User
9154,User
9155,User
9156,User
9157,User
9158,User
9159,User
9160,User
9161,User
9162,User
9163,User
9164,User
9165,User
9166,User
9167,User
9168,User
9169,User
9170,User
9171,User
9172,User
9173,User
9174,User
9175,User
9176,User
9177,User
9178,User
9179,User
9180,User
9181,User
9182,User
9183,User
9184,User
9185,User
9186,User
9187,User
9188,User
9189,User
9190,User
9191,User
9192,User
9193,User
9194,User
9195,User
9196,User
9197,User
9198,User
9199,User
9200,User
9201,User
9202,User
9203,User
9204,User
9205,User
9206,User
9207,User
9208,User
9209,User
9210,User
9211,User
9212,User
9213,User
9214,User
9215,User
9216,User
9217,User
9218,User
9219,User
9220,User
9221,User
9222,User
9223,User
9224,User
9225,User
9226,User
9227,User
9228,User
9229,User
9230,User
9231,User
9232,User
9233,User
9234,User
9235,User
9236,User
9237,User
9238,User
9239,User
9240,User
9241,User
9242,User
9243,User
9244,User
9245,User
9246,User
9247,User
9248,User
9249,User
9250,User
9251,User
9252,User
9253,User
9254,User
9255,User
9256,User
9257,User
9258,User
9259,User
9260,User
9261,User
9262,User
9263,User
9264,User
9265,User
9266,User
9267,User
9268,User
9269,User
9270,User
9271,User
9272,User
9273,User
9274,User
9275,User
9276,User
9277,User
9278,User
9279,User
9280,User
9281,User
9282,User
9283,User
9284,User
9285,User
9286,User
9287,User
9288,User
9289,User
9290,User
9291,User
9292,User
9293,User
9294,User
9295,User
9296,User
9297,User
9298,User
9299,User
9300,User
9301,User
9302,User
9303,User
9304,User
9305,User
9306,User
9307,User
9308,User
9309,User
9310,User
9311,User
9312,User
9313,User
9314,User
9315,User
9316,User
9317,User
9318,User
9319,User
9320,User
9321,User
9322,User
9323,User
9324,User
9325,User
9326,User
9327,User
9328,User
9329,User
9330,User
9331,User
9332,User
9333,User
9334,User
9335,User
9336,User
9337,User
9338,User
9339,User
9340,User
9341,User
9342,User
9343,User
9344,User
9345,User
9346,User
9347,User
9348,User
9349,User
9350,User
9351,User
9352,User
9353,User
9354,User
9355,User
9356,User
9357,User
9358,User
9359,User
9360,User
9361,User
9362,User
9363,User
9364,User
9365,User
9366,User
9367,User
9368,User
9369,User
9370,User
9371,User
9372,User
9373,User
9374,User
9375,User
9376,User
9377,User
9378,User
9379,User
9380,User
9381,User
9382,User
9383,User
9384,User
9385,User
9386,User
9387,User
9388,User
9389,User
9390,User
9391,User
9392,User
9393,User
9394,User
9395,User
9396,User
9397,User
9398,User
9399,User
9400,User
9401,User
9402,User
9403,User
9404,User
9405,User
9406,User
9407,User
9408,User
9409,User
9410,User
9411,User
9412,User
9413,User
9414,User
9415,User
9416,User
9417,User
9418,User
9419,User
9420,User
9421,User
9422,User
9423,User
9424,User
9425,User
9426,User
9427,User
9428,User
9429,User
9430,User
9431,User
9432,User
9433,User
9434,User
9435,User
9436,User
9437,User
9438,User
9439,User
9440,User
9441,User
9442,User
9443,User
9444,User
9445,User
9446,User
9447,User
9448,User
9449,User
9450,User
9451,User
9452,User
9453,User
9454,User
9455,User
9456,User
9457,User
9458,User
9459,User
9460,User
9461,User
9462,User
9463,User
9464,User
9465,User
9466,User
9467,User
9468,User
9469,User
9470,User
9471,User
9472,User
9473,User
9474,User
9475,User
9476,User
9477,User
9478,User
9479,User
9480,User
9481,User
9482,User
9483,User
9484,User
9485,User
9486,User
9487,User
9488,User
9489,User
9490,User
9491,User
9492,User
9493,User
9494,User
9495,User
9496,User
9497,User
9498,User
9499,User
9500,User
9501,User
9502,User
9503,User
9504,User
9505,User
9506,User
9507,User
9508,User
9509,User
9510,User
9511,User
9512,User
9513,User
9514,User
9515,User
9516,User
9517,User
9518,User
9519,User
9520,User
9521,User
9522,User
9523,User
9524,User
9525,User
9526,User
9527,User
9528,User
9529,User
9530,User
9531,User
9532,User
9533,User
9534,User
9535,User
9536,User
9537,User
9538,User
9539,User
9540,User
9541,User
9542,User
9543,User
9544,User
9545,User
9546,User
9547,User
9548,User
9549,User
9550,User
9551,User
9552,User
9553,User
9554,User
9555,User
9556,User
9557,User
9558,User
9559,User
9560,User
9561,User
9562,User
9563,User
9564,User
9565,User
9566,User
9567,User
9568,User
9569,User
9570,User
9571,User
9572,User
9573,User
9574,User
9575,User
9576,User
9577,User
9578,User
9579,User
9580,User
9581,User
9582,User
9583,User
9584,User
9585,User
9586,User
9587,User
9588,User
9589,User
9590,User
9591,User
9592,User
9593,User
9594,User
9595,User
9596,User
9597,User
9598,User
9599,User
9600,User
9601,User
9602,User
9603,User
9604,User
9605,User
9606,User
9607,User
9608,User
9609,User
9610,User
9611,User
9612,User
9613,User
9614,User
9615,User
9616,User
9617,User
9618,User
9619,User
9620,User
9621,User
9622,User
9623,User
9624,User
9625,User
9626,User
9627,User
9628,User
9629,User
9630,User
9631,User
9632,User
9633,User
9634,User
9635,User
9636,User
9637,User
9638,User
9639,User
9640,User
9641,User
9642,User
9643,User
9644,User
9645,User
9646,User
9647,User
9648,User
9649,User
9650,User
9651,User
9652,User
9653,User
9654,User
9655,User
9656,User
9657,User
9658,User
9659,User
9660,User
9661,User
9662,User
9663,User
9664,User
9665,User
9666,User
9667,User
9668,User
9669,User
9670,User
9671,User
9672,User
9673,User
9674,User
9675,User
9676,User
9677,User
9678,User
9679,User
9680,User
9681,User
9682,User
9683,User
9684,User
9685,User
9686,User
9687,User
9688,User
9689,User
9690,User
9691,User
9692,User
9693,User
9694,User
9695,User
9696,User
9697,User
9698,User
9699,User
9700,User
9701,User
9702,User
9703,User
9704,User
9705,User
9706,User
9707,User
9708,User
9709,User
9710,User
9711,User
9712,User
9713,User
9714,User
9715,User
9716,User
9717,User
9718,User
9719,User
9720,User
9721,User
9722,User
9723,User
9724,User
9725,User
9726,User
9727,User
9728,User
9729,User
9730,User
9731,User
9732,User
9733,User
9734,User
9735,User
9736,User
9737,User
9738,User
9739,User
9740,User
9741,User
9742,User
9743,User
9744,User
9745,User
9746,User
9747,User
9748,User
9749,User
9750,User
9751,User
9752,User
9753,User
9754,User
9755,User
9756,User
9757,User
9758,User
9759,User
9760,User
9761,User
9762,User
9763,User
9764,User
9765,User
9766,User
9767,User
9768,User
9769,User
9770,User
9771,User
9772,User
9773,User
9774,User
9775,User
9776,User
9777,User
9778,User
9779,User
9780,User
9781,User
9782,User
9783,User
9784,User
9785,User
9786,User
9787,User
9788,User
9789,User
9790,User
9791,User
9792,User
9793,User
9794,User
9795,User
9796,User
9797,User
9798,User
9799,User
9800,User
9801,User
9802,User
9803,User
9804,User
9805,User
9806,User
9807,User
9808,User
9809,User
9810,User
9811,User
9812,User
9813,User
9814,User
9815,User
9816,User
9817,User
9818,User
9819,User
9820,User
9821,User
9822,User
9823,User
9824,User
9825,User
9826,User
9827,User
9828,User
9829,User
9830,User
9831,User
9832,User
9833,User
9834,User
9835,User
9836,User
9837,User
9838,User
9839,User
9840,User
9841,User
9842,User
9843,User
9844,User
9845,User
9846,User
9847,User
9848,User
9849,User
9850,User
9851,User
9852,User
9853,User
9854,User
9855,User
9856,User
9857,User
9858,User
9859,User
9860,User
9861,User
9862,User
9863,User
9864,User
9865,User
9866,User
9867,User
9868,User
9869,User
9870,User
9871,User
9872,User
9873,User
9874,User
9875,User
9876,User
9877,User
9878,User
9879,User
9880,User
9881,User
9882,User
9883,User
9884,User
9885,User
9886,User
9887,User
9888,User
9889,User
9890,User
9891,User
9892,User
9893,User
9894,User
9895,User
9896,User
9897,User
9898,User
9899,User
9900,User
9901,User
9902,User
9903,User
9904,User
9905,User
9906,User
9907,User
9908,User
9909,User
9910,User
9911,User
9912,User
9913,User
9914,User
9915,User
9916,User
9917,User
9918,User
9919,User
9920,User
9921,User
9922,User
9923,User
9924,User
9925,User
9926,User
9927,User
9928,User
9929,User
9930,User
9931,User
9932,User
9933,User
9934,User
9935,User
9936,User
9937,User
9938,User
9939,User
9940,User
9941,User
9942,User
9943,User
9944,User
9945,User
9946,User
9947,User
9948,User
9949,User
9950,User
9951,User
9952,User
9953,User
9954,User
9955,User
9956,User
9957,User
9958,User
9959,User
9960,User
9961,User
9962,User
9963,User
9964,User
9965,User
9966,User
9967,User
9968,User
9969,User
9970,User
9971,User
9972,User
9973,User
9974,User
9975,User
9976,User
9977,User
9978,User
9979,User
9980,User
9981,User
9982,User
9983,User
9984,User
9985,User
9986,User
9987,User
9988,User
9989,User
9990,User
9991,User
9992,User
9993,User
9994,User
9995,User
9996,User
9997,User
9998,User
9999,User
10000,User
10001,User
10002,User
10003,User
10004,User
10005,User
10006,User
10007,User
10008,User
10009,User
10010,User
10011,User
10012,User
10013,User
10014,User
10015,User
10016,User
10017,User
10018,User
10019,User
10020,User
10021,User
10022,User
10023,User
10024,User
10025,User
10026,User
10027,User
10028,User
10029,User
10030,User
10031,User
10032,User
10033,User
10034,User
10035,User
10036,User
10037,User
10038,User
10039,User
10040,User
10041,User
10042,User
10043,User
10044,User
10045,User
10046,User
10047,User
10048,User
10049,User
10050,User
10051,User
10052,User
10053,User
10054,User
10055,User
10056,User
10057,User
10058,User
10059,User
10060,User
10061,User
10062,User
10063,User
10064,User
10065,User
10066,User
10067,User
10068,User
10069,User
10070,User
10071,User
10072,User
10073,User
10074,User
10075,User
10076,User
10077,User
10078,User
10079,User
10080,User
10081,User
10082,User
10083,User
10084,User
10085,User
10086,User
10087,User
10088,User
10089,User
10090,User
10091,User
10092,User
10093,User
10094,User
10095,User
10096,User
10097,User
10098,User
10099,User
10100,User
10101,User
10102,User
10103,User
10104,User
10105,User
10106,User
10107,User
10108,User
10109,User
10110,User
10111,User
10112,User
10113,User
10114,User
10115,User
10116,User
10117,User
10118,User
10119,User
10120,User
10121,User
10122,User
10123,User
10124,User
10125,User
10126,User
10127,User
10128,User
10129,User
10130,User
10131,User
10132,User
10133,User
10134,User
10135,User
10136,User
10137,User
10138,User
10139,User
10140,User
10141,User
10142,User
10143,User
10144,User
10145,User
10146,User
10147,User
10148,User
10149,User
10150,User
10151,User
10152,User
10153,User
10154,User
10155,User
10156,User
10157,User
10158,User
10159,User
10160,User
10161,User
10162,User
10163,User
10164,User
10165,User
10166,User
10167,User
10168,User
10169,User
10170,User
10171,User
10172,User
10173,User
10174,User
10175,User
10176,User
10177,User
10178,User
10179,User
10180,User
10181,User
10182,User
10183,User
10184,User
10185,User
10186,User
10187,User
10188,User
10189,User
10190,User
10191,User
10192,User
10193,User
10194,User
10195,User
10196,User
10197,User
10198,User
10199,User
10200,User
10201,User
10202,User
10203,User
10204,User
10205,User
10206,User
10207,User
10208,User
10209,User
10210,User
10211,User
10212,User
10213,User
10214,User
10215,User
10216,User
10217,User
10218,User
10219,User
10220,User
10221,User
10222,User
10223,User
10224,User
10225,User
10226,User
10227,User
10228,User
10229,User
10230,User
10231,User
10232,User
10233,User
10234,User
10235,User
10236,User
10237,User
10238,User
10239,User
10240,User
10241,User
10242,User
10243,User
10244,User
10245,User
10246,User
10247,User
10248,User
10249,User
10250,User
10251,User
10252,User
10253,User
10254,User
10255,User
10256,User
10257,User
10258,User
10259,User
10260,User
10261,User
10262,User
10263,User
10264,User
10265,User
10266,User
10267,User
10268,User
10269,User
10270,User
10271,User
10272,User
10273,User
10274,User
10275,User
10276,User
10277,User
10278,User
10279,User
10280,User
10281,User
10282,User
10283,User
10284,User
10285,User
10286,User
10287,User
10288,User
10289,User
10290,User
10291,User
10292,User
10293,User
10294,User
10295,User
10296,User
10297,User
10298,User
10299,User
10300,User
10301,User
10302,User
10303,User
10304,User
10305,User
10306,User
10307,User
10308,User
10309,User
10310,User
10311,User
10312,User
10313,User
10314,User
10315,User
10316,User
10317,User
10318,User
10319,User
10320,User
10321,User
10322,User
10323,User
10324,User
10325,User
10326,User
10327,User
10328,User
10329,User
10330,User
10331,User
10332,User
10333,User
10334,User
10335,User
10336,User
10337,User
10338,User
10339,User
10340,User
10341,User
10342,User
10343,User
10344,User
10345,User
10346,User
10347,User
10348,User
10349,User
10350,User
10351,User
10352,User
10353,User
10354,User
10355,User
10356,User
10357,User
10358,User
10359,User
10360,User
10361,User
10362,User
10363,User
10364,User
10365,User
10366,User
10367,User
10368,User
10369,User
10370,User
10371,User
10372,User
10373,User
10374,User
10375,User
10376,User
10377,User
10378,User
10379,User
10380,User
10381,User
10382,User
10383,User
10384,User
10385,User
10386,User
10387,User
10388,User
10389,User
10390,User
10391,User
10392,User
10393,User
10394,User
10395,User
10396,User
10397,User
10398,User
10399,User
10400,User
10401,User
10402,User
10403,User
10404,User
10405,User
10406,User
10407,User
10408,User
10409,User
10410,User
10411,User
10412,User
10413,User
10414,User
10415,User
10416,User
10417,User
10418,User
10419,User
10420,User
10421,User
10422,User
10423,User
10424,User
10425,User
10426,User
10427,User
10428,User
10429,User
10430,User
10431,User
10432,User
10433,User
10434,User
10435,User
10436,User
10437,User
10438,User
10439,User
10440,User
10441,User
10442,User
10443,User
10444,User
10445,User
10446,User
10447,User
10448,User
10449,User
10450,User
10451,User
10452,User
10453,User
10454,User
10455,User
10456,User
10457,User
10458,User
10459,User
10460,User
10461,User
10462,User
10463,User
10464,User
10465,User
10466,User
10467,User
10468,User
10469,User
10470,User
10471,User
10472,User
10473,User
10474,User
10475,User
10476,User
10477,User
10478,User
10479,User
10480,User
10481,User
10482,User
10483,User
10484,User
10485,User
10486,User
10487,User
10488,User
10489,User
10490,User
10491,User
10492,User
10493,User
10494,User
10495,User
10496,User
10497,User
10498,User
10499,User
10500,User
10501,User
10502,User
10503,User
10504,User
10505,User
10506,User
10507,User
10508,User
10509,User
10510,User
10511,User
10512,User
10513,User
10514,User
10515,User
10516,User
10517,User
10518,User
10519,User
10520,User
10521,User
10522,User
10523,User
10524,User
10525,User
10526,User
10527,User
10528,User
10529,User
10530,User
10531,User
10532,User
10533,User
10534,User
10535,User
10536,User
10537,User
10538,User
10539,User
10540,User
10541,User
10542,User
10543,User
10544,User
10545,User
10546,User
10547,User
10548,User
10549,User
10550,User
10551,User
10552,User
10553,User
10554,User
10555,User
10556,User
10557,User
10558,User
10559,User
10560,User
10561,User
10562,User
10563,User
10564,User
10565,User
10566,User
10567,User
10568,User
10569,User
10570,User
10571,User
10572,User
10573,User
10574,User
10575,User
10576,User
10577,User
10578,User
10579,User
10580,User
10581,User
10582,User
10583,User
10584,User
10585,User
10586,User
10587,User
10588,User
10589,User
10590,User
10591,User
10592,User
10593,User
10594,User
10595,User
10596,User
10597,User
10598,User
10599,User
10600,User
10601,User
10602,User
10603,User
10604,User
10605,User
10606,User
10607,User
10608,User
10609,User
10610,User
10611,User
10612,User
10613,User
10614,User
10615,User
10616,User
10617,User
10618,User
10619,User
10620,User
10621,User
10622,User
10623,User
10624,User
10625,User
10626,User
10627,User
10628,User
10629,User
10630,User
10631,User
10632,User
10633,User
10634,User
10635,User
10636,User
10637,User
10638,User
10639,User
10640,User
10641,User
10642,User
10643,User
10644,User
10645,User
10646,User
10647,User
10648,User
10649,User
10650,User
10651,User
10652,User
10653,User
10654,User
10655,User
10656,User
10657,User
10658,User
10659,User
10660,User
10661,User
10662,User
10663,User
10664,User
10665,User
10666,User
10667,User
10668,User
10669,User
10670,User
10671,User
10672,User
10673,User
10674,User
10675,User
10676,User
10677,User
10678,User
10679,User
10680,User
10681,User
10682,User
10683,User
10684,User
10685,User
10686,User
10687,User
10688,User
10689,User
10690,User
10691,User
10692,User
10693,User
10694,User
10695,User
10696,User
10697,User
10698,User
10699,User
10700,User
10701,User
10702,User
10703,User
10704,User
10705,User
10706,User
10707,User
10708,User
10709,User
10710,User
10711,User
10712,User
10713,User
10714,User
10715,User
10716,User
10717,User
10718,User
10719,User
10720,User
10721,User
10722,User
10723,User
10724,User
10725,User
10726,User
10727,User
10728,User
10729,User
10730,User
10731,User
10732,User
10733,User
10734,User
10735,User
10736,User
10737,User
10738,User
10739,User
10740,User
10741,User
10742,User
10743,User
10744,User
10745,User
10746,User
10747,User
10748,User
10749,User
10750,User
10751,User
10752,User
10753,User
10754,User
10755,User
10756,User
10757,User
10758,User
10759,User
10760,User
10761,User
10762,User
10763,User
10764,User
10765,User
10766,User
10767,User
10768,User
10769,User
10770,User
10771,User
10772,User
10773,User
10774,User
10775,User
10776,User
10777,User
10778,User
10779,User
10780,User
10781,User
10782,User
10783,User
10784,User
10785,User
10786,User
10787,User
10788,User
10789,User
10790,User
10791,User
10792,User
10793,User
10794,User
10795,User
10796,User
10797,User
10798,User
10799,User
10800,User
10801,User
10802,User
10803,User
10804,User
10805,User
10806,User
10807,User
10808,User
10809,User
10810,User
10811,User
10812,User
10813,User
10814,User
10815,User
10816,User
10817,User
10818,User
10819,User
10820,User
10821,User
10822,User
10823,User
10824,User
10825,User
10826,User
10827,User
10828,User
10829,User
10830,User
10831,User
10832,User
10833,User
10834,User
10835,User
10836,User
10837,User
10838,User
10839,User
10840,User
10841,User
10842,User
10843,User
10844,User
10845,User
10846,User
10847,User
10848,User
10849,User
10850,User
10851,User
10852,User
10853,User
10854,User
10855,User
10856,User
10857,User
10858,User
10859,User
10860,User
10861,User
10862,User
10863,User
10864,User
10865,User
10866,User
10867,User
10868,User
10869,User
10870,User
10871,User
10872,User
10873,User
10874,User
10875,User
10876,User
10877,User
10878,User
10879,User
10880,User
10881,User
10882,User
10883,User
10884,User
10885,User
10886,User
10887,User
10888,User
10889,User
10890,User
10891,User
10892,User
10893,User
10894,User
10895,User
10896,User
10897,User
10898,User
10899,User
10900,User
10901,User
10902,User
10903,User
10904,User
10905,User
10906,User
10907,User
10908,User
10909,User
10910,User
10911,User
10912,User
10913,User
10914,User
10915,User
10916,User
10917,User
10918,User
10919,User
10920,User
10921,User
10922,User
10923,User
10924,User
10925,User
10926,User
10927,User
10928,User
10929,User
10930,User
10931,User
10932,User
10933,User
10934,User
10935,User
10936,User
10937,User
10938,User
10939,User
10940,User
10941,User
10942,User
10943,User
10944,User
10945,User
10946,User
10947,User
10948,User
10949,User
10950,User
10951,User
10952,User
10953,User
10954,User
10955,User
10956,User
10957,User
10958,User
10959,User
10960,User
10961,User
10962,User
10963,User
10964,User
10965,User
10966,User
10967,User
10968,User
10969,User
10970,User
10971,User
10972,User
10973,User
10974,User
10975,User
10976,User
10977,User
10978,User
10979,User
10980,User
10981,User
10982,User
10983,User
10984,User
10985,User
10986,User
10987,User
10988,User
10989,User
10990,User
10991,User
10992,User
10993,User
10994,User
10995,User
10996,User
10997,User
10998,User
10999,User
11000,User
11001,User
11002,User
11003,User
11004,User
11005,User
11006,User
11007,User
11008,User
11009,User
11010,User
11011,User
11012,User
11013,User
11014,User
11015,User
11016,User
11017,User
11018,User
11019,User
11020,User
11021,User
11022,User
11023,User
11024,User
11025,User
11026,User
11027,User
11028,User
11029,User
11030,User
11031,User
11032,User
11033,User
11034,User
11035,User
11036,User
11037,User
11038,User
11039,User
11040,User
11041,User
11042,User
11043,User
11044,User
11045,User
11046,User
11047,User
11048,User
11049,User
11050,User
11051,User
11052,User
11053,User
11054,User
11055,User
11056,User
11057,User
11058,User
11059,User
11060,User
11061,User
11062,User
11063,User
11064,User
11065,User
11066,User
11067,User
11068,User
11069,User
11070,User
11071,User
11072,User
11073,User
11074,User
11075,User
11076,User
11077,User
11078,User
11079,User
11080,User
11081,User
11082,User
11083,User
11084,User
11085,User
11086,User
11087,User
11088,User
11089,User
11090,User
11091,User
11092,User
11093,User
11094,User
11095,User
11096,User
11097,User
11098,User
11099,User
11100,User
11101,User
11102,User
11103,User
11104,User
11105,User
11106,User
11107,User
11108,User
11109,User
11110,User
11111,User
11112,User
11113,User
11114,User
11115,User
11116,User
11117,User
11118,User
11119,User
11120,User
11121,User
11122,User
11123,User
11124,User
11125,User
11126,User
11127,User
11128,User
11129,User
11130,User
11131,User
11132,User
11133,User
11134,User
11135,User
11136,User
11137,User
11138,User
11139,User
11140,User
11141,User
11142,User
11143,User
11144,User
11145,User
11146,User
11147,User
11148,User
11149,User
11150,User
11151,User
11152,User
11153,User
11154,User
11155,User
11156,User
11157,User
11158,User
11159,User
11160,User
11161,User
11162,User
11163,User
11164,User
11165,User
11166,User
11167,User
11168,User
11169,User
11170,User
11171,User
11172,User
11173,User
11174,User
11175,User
11176,User
11177,User
11178,User
11179,User
11180,User
11181,User
11182,User
11183,User
11184,User
11185,User
11186,User
11187,User
11188,User
11189,User
11190,User
11191,User
11192,User
11193,User
11194,User
11195,User
11196,User
11197,User
11198,User
11199,User
11200,User
11201,User
11202,User
11203,User
11204,User
11205,User
11206,User
11207,User
11208,User
11209,User
11210,User
11211,User
11212,User
11213,User
11214,User
11215,User
11216,User
11217,User
11218,User
11219,User
11220,User
11221,User
11222,User
11223,User
11224,User
11225,User
11226,User
11227,User
11228,User
11229,User
11230,User
11231,User
11232,User
11233,User
11234,User
11235,User
11236,User
11237,User
11238,User
11239,User
11240,User
11241,User
11242,User
11243,User
11244,User
11245,User
11246,User
11247,User
11248,User
11249,User
11250,User
11251,User
11252,User
11253,User
11254,User
11255,User
11256,User
11257,User
11258,User
11259,User
11260,User
11261,User
11262,User
11263,User
11264,User
11265,User
11266,User
11267,User
11268,User
11269,User
11270,User
11271,User
11272,User
11273,User
11274,User
11275,User
11276,User
11277,User
11278,User
11279,User
11280,User
11281,User
11282,User
11283,User
11284,User
11285,User
11286,User
11287,User
11288,User
11289,User
11290,User
11291,User
11292,User
11293,User
11294,User
11295,User
11296,User
11297,User
11298,User
11299,User
11300,User
11301,User
11302,User
11303,User
11304,User
11305,User
11306,User
11307,User
11308,User
11309,User
11310,User
11311,User
11312,User
11313,User
11314,User
11315,User
11316,User
11317,User
11318,User
11319,User
11320,User
11321,User
11322,User
11323,User
11324,User
11325,User
11326,User
11327,User
11328,User
11329,User
11330,User
11331,User
11332,User
11333,User
11334,User
11335,User
11336,User
11337,User
11338,User
11339,User
11340,User
11341,User
11342,User
11343,User
11344,User
11345,User
11346,User
11347,User
11348,User
11349,User
11350,User
11351,User
11352,User
11353,User
11354,User
11355,User
11356,User
11357,User
11358,User
11359,User
11360,User
11361,User
11362,User
11363,User
11364,User
11365,User
11366,User
11367,User
11368,User
11369,User
11370,User
11371,User
11372,User
11373,User
11374,User
11375,User
11376,User
11377,User
11378,User
11379,User
11380,User
11381,User
11382,User
11383,User
11384,User
11385,User
11386,User
11387,User
11388,User
11389,User
11390,User
11391,User
11392,User
11393,User
11394,User
11395,User
11396,User
11397,User
11398,User
11399,User
11400,User
11401,User
11402,User
11403,User
11404,User
11405,User
11406,User
11407,User
11408,User
11409,User
11410,User
11411,User
11412,User
11413,User
11414,User
11415,User
11416,User
11417,User
11418,User
11419,User
11420,User
11421,User
11422,User
11423,User
11424,User
11425,User
11426,User
11427,User
11428,User
11429,User
11430,User
11431,User
11432,User
11433,User
11434,User
11435,User
11436,User
11437,User
11438,User
11439,User
11440,User
11441,User
11442,User
11443,User
11444,User
11445,User
11446,User
11447,User
11448,User
11449,User
11450,User
11451,User
11452,User
11453,User
11454,User
11455,User
11456,User
11457,User
11458,User
11459,User
11460,User
11461,User
11462,User
11463,User
11464,User
11465,User
11466,User
11467,User
11468,User
11469,User
11470,User
11471,User
11472,User
11473,User
11474,User
11475,User
11476,User
11477,User
11478,User
11479,User
11480,User
11481,User
11482,User
11483,User
11484,User
11485,User
11486,User
11487,User
11488,User
11489,User
11490,User
11491,User
11492,User
11493,User
11494,User
11495,User
11496,User
11497,User
11498,User
11499,User
11500,User
11501,User
11502,User
11503,User
11504,User
11505,User
11506,User
11507,User
11508,User
11509,User
11510,User
11511,User
11512,User
11513,User
11514,User
11515,User
11516,User
11517,User
11518,User
11519,User
11520,User
11521,User
11522,User
11523,User
11524,User
11525,User
11526,User
11527,User
11528,User
11529,User
11530,User
11531,User
11532,User
11533,User
11534,User
11535,User
11536,User
11537,User
11538,User
11539,User
11540,User
11541,User
11542,User
11543,User
11544,User
11545,User
11546,User
11547,User
11548,User
11549,User
11550,User
11551,User
11552,User
11553,User
11554,User
11555,User
11556,User
11557,User
11558,User
11559,User
11560,User
11561,User
11562,User
11563,User
11564,User
11565,User
11566,User
11567,User
11568,User
11569,User
11570,User
11571,User
11572,User
11573,User
11574,User
11575,User
11576,User
11577,User
11578,User
11579,User
11580,User
11581,User
11582,User
11583,User
11584,User
11585,User
11586,User
11587,User
11588,User
11589,User
11590,User
11591,User
11592,User
11593,User
11594,User
11595,User
11596,User
11597,User
11598,User
11599,User
11600,User
11601,User
11602,User
11603,User
11604,User
11605,User
11606,User
11607,User
11608,User
11609,User
11610,User
11611,User
11612,User
11613,User
11614,User
11615,User
11616,User
11617,User
11618,User
11619,User
11620,User
11621,User
11622,User
11623,User
11624,User
11625,User
11626,User
11627,User
11628,User
11629,User
11630,User
11631,User
11632,User
11633,User
11634,User
11635,User
11636,User
11637,User
11638,User
11639,User
11640,User
11641,User
11642,User
11643,User
11644,User
11645,User
11646,User
11647,User
11648,User
11649,User
11650,User
11651,User
11652,User
11653,User
11654,User
11655,User
11656,User
11657,User
11658,User
11659,User
11660,User
11661,User
11662,User
11663,User
11664,User
11665,User
11666,User
11667,User
11668,User
11669,User
11670,User
11671,User
11672,User
11673,User
11674,User
11675,User
11676,User
11677,User
11678,User
11679,User
11680,User
11681,User
11682,User
11683,User
11684,User
11685,User
11686,User
11687,User
11688,User
11689,User
11690,User
11691,User
11692,User
11693,User
11694,User
11695,User
11696,User
11697,User
11698,User
11699,User
11700,User
11701,User
11702,User
11703,User
11704,User
11705,User
11706,User
11707,User
11708,User
11709,User
11710,User
11711,User
11712,User
11713,User
11714,User
11715,User
11716,User
11717,User
11718,User
11719,User
11720,User
11721,User
11722,User
11723,User
11724,User
11725,User
11726,User
11727,User
11728,User
11729,User
11730,User
11731,User
11732,User
11733,User
11734,User
11735,User
11736,User
11737,User
11738,User
11739,User
11740,User
11741,User
11742,User
11743,User
11744,User
11745,User
11746,User
11747,User
11748,User
11749,User
11750,User
11751,User
11752,User
11753,User
11754,User
11755,User
11756,User
11757,User
11758,User
11759,User
11760,User
11761,User
11762,User
11763,User
11764,User
11765,User
11766,User
11767,User
11768,User
11769,User
11770,User
11771,User
11772,User
11773,User
11774,User
11775,User
11776,User
11777,User
11778,User
11779,User
11780,User
11781,User
11782,User
11783,User
11784,User
11785,User
11786,User
11787,User
11788,User
11789,User
11790,User
11791,User
11792,User
11793,User
11794,User
11795,User
11796,User
11797,User
11798,User
11799,User
11800,User
11801,User
11802,User
11803,User
11804,User
11805,User
11806,User
11807,User
11808,User
11809,User
11810,User
11811,User
11812,User
11813,User
11814,User
11815,User
11816,User
11817,User
11818,User
11819,User
11820,User
11821,User
11822,User
11823,User
11824,User
11825,User
11826,User
11827,User
11828,User
11829,User
11830,User
11831,User
11832,User
11833,User
11834,User
11835,User
11836,User
11837,User
11838,User
11839,User
11840,User
11841,User
11842,User
11843,User
11844,User
11845,User
11846,User
11847,User
11848,User
11849,User
11850,User
11851,User
11852,User
11853,User
11854,User
11855,User
11856,User
11857,User
11858,User
11859,User
11860,User
11861,User
11862,User
11863,User
11864,User
11865,User
11866,User
11867,User
11868,User
11869,User
11870,User
11871,User
11872,User
11873,User
11874,User
11875,User
11876,User
11877,User
11878,User
11879,User
11880,User
11881,User
11882,User
11883,User
11884,User
11885,User
11886,User
11887,User
11888,User
11889,User
11890,User
11891,User
11892,User
11893,User
11894,User
11895,User
11896,User
11897,User
11898,User
11899,User
11900,User
11901,User
11902,User
11903,User
11904,User
11905,User
11906,User
11907,User
11908,User
11909,User
11910,User
11911,User
11912,User
11913,User
11914,User
11915,User
11916,User
11917,User
11918,User
11919,User
11920,User
11921,User
11922,User
11923,User
11924,User
11925,User
11926,User
11927,User
11928,User
11929,User
11930,User
11931,User
11932,User
11933,User
11934,User
11935,User
11936,User
11937,User
11938,User
11939,User
11940,User
11941,User
11942,User
11943,User
11944,User
11945,User
11946,User
11947,User
11948,User
11949,User
11950,User
11951,User
11952,User
11953,User
11954,User
11955,User
11956,User
11957,User
11958,User
11959,User
11960,User
11961,User
11962,User
11963,User
11964,User
11965,User
11966,User
11967,User
11968,User
11969,User
11970,User
11971,User
11972,User
11973,User
11974,User
11975,User
11976,User
11977,User
11978,User
11979,User
11980,User
11981,User
11982,User
11983,User
11984,User
11985,User
11986,User
11987,User
11988,User
11989,User
11990,User
11991,User
11992,User
11993,User
11994,User
11995,User
11996,User
11997,User
11998,User
11999,User
12000,User
12001,User
12002,User
12003,User
12004,User
12005,User
12006,User
12007,User
12008,User
12009,User
12010,User
12011,User
12012,User
12013,User
12014,User
12015,User
12016,User
12017,User
12018,User
12019,User
12020,User
12021,User
12022,User
12023,User
12024,User
12025,User
12026,User
12027,User
12028,User
12029,User
12030,User
12031,User
12032,User
12033,User
12034,User
12035,User
12036,User
12037,User
12038,User
12039,User
12040,User
12041,User
12042,User
12043,User
12044,User
12045,User
12046,User
12047,User
12048,User
12049,User
12050,User
12051,User
12052,User
12053,User
12054,User
12055,User
12056,User
12057,User
12058,User
12059,User
12060,User
12061,User
12062,User
12063,User
12064,User
12065,User
12066,User
12067,User
12068,User
12069,User
12070,User
12071,User
12072,User
12073,User
12074,User
12075,User
12076,User
12077,User
12078,User
12079,User
12080,User
12081,User
12082,User
12083,User
12084,User
12085,User
12086,User
12087,User
12088,User
12089,User
12090,User
12091,User
12092,User
12093,User
12094,User
12095,User
12096,User
12097,User
12098,User
12099,User
12100,User
12101,User
12102,User
12103,User
12104,User
12105,User
12106,User
12107,User
12108,User
12109,User
12110,User
12111,User
12112,User
12113,User
12114,User
12115,User
12116,User
12117,User
12118,User
12119,User
12120,User
12121,User
12122,User
12123,User
12124,User
12125,User
12126,User
12127,User
12128,User
12129,User
12130,User
12131,User
12132,User
12133,User
12134,User
12135,User
12136,User
12137,User
12138,User
12139,User
12140,User
12141,User
12142,User
12143,User
12144,User
12145,User
12146,User
12147,User
12148,User
12149,User
12150,User
12151,User
12152,User
12153,User
12154,User
12155,User
12156,User
12157,User
12158,User
12159,User
12160,User
12161,User
12162,User
12163,User
12164,User
12165,User
12166,User
12167,User
12168,User
12169,User
12170,User
12171,User
12172,User
12173,User
12174,User
12175,User
12176,User
12177,User
12178,User
12179,User
12180,User
12181,User
12182,User
12183,User
12184,User
12185,User
12186,User
12187,User
12188,User
12189,User
12190,User
12191,User
12192,User
12193,User
12194,User
12195,User
12196,User
12197,User
12198,User
12199,User
12200,User
12201,User
12202,User
12203,User
12204,User
12205,User
12206,User
12207,User
12208,User
12209,User
12210,User
12211,User
12212,User
12213,User
12214,User
12215,User
12216,User
12217,User
12218,User
12219,User
12220,User
12221,User
12222,User
12223,User
12224,User
12225,User
12226,User
12227,User
12228,User
12229,User
12230,User
12231,User
12232,User
12233,User
12234,User
12235,User
12236,User
12237,User
12238,User
12239,User
12240,User
12241,User
12242,User
12243,User
12244,User
12245,User
12246,User
12247,User
12248,User
12249,User
12250,User
12251,User
12252,User
12253,User
12254,User
12255,User
12256,User
12257,User
12258,User
12259,User
12260,User
12261,User
12262,User
12263,User
12264,User
12265,User
12266,User
12267,User
12268,User
12269,User
12270,User
12271,User
12272,User
12273,User
12274,User
12275,User
12276,User
12277,User
12278,User
12279,User
12280,User
12281,User
12282,User
12283,User
12284,User
12285,User
12286,User
12287,User
12288,User
12289,User
12290,User
12291,User
12292,User
12293,User
12294,User
12295,User
12296,User
12297,User
12298,User
12299,User
12300,User
12301,User
12302,User
12303,User
12304,User
12305,User
12306,User
12307,User
12308,User
12309,User
12310,User
12311,User
12312,User
12313,User
12314,User
12315,User
12316,User
12317,User
12318,User
12319,User
12320,User
12321,User
12322,User
12323,User
12324,User
12325,User
12326,User
12327,User
12328,User
12329,User
12330,User
12331,User
12332,User
12333,User
12334,User
12335,User
12336,User
12337,User
12338,User
12339,User
12340,User
12341,User
12342,User
12343,User
12344,User
12345,User
12346,User
12347,User
12348,User
12349,User
12350,User
12351,User
12352,User
12353,User
12354,User
12355,User
12356,User
12357,User
12358,User
12359,User
12360,User
12361,User
12362,User
12363,User
12364,User
12365,User
12366,User
12367,User
12368,User
12369,User
12370,User
12371,User
12372,User
12373,User
12374,User
12375,User
12376,User
12377,User
12378,User
12379,User
12380,User
12381,User
12382,User
12383,User
12384,User
12385,User
12386,User
12387,User
12388,User
12389,User
12390,User
12391,User
12392,User
12393,User
12394,User
12395,User
12396,User
12397,User
12398,User
12399,User
12400,User
12401,User
12402,User
12403,User
12404,User
12405,User
12406,User
12407,User
12408,User
12409,User
12410,User
12411,User
12412,User
12413,User
12414,User
12415,User
12416,User
12417,User
12418,User
12419,User
12420,User
12421,User
12422,User
12423,User
12424,User
12425,User
12426,User
12427,User
12428,User
12429,User
12430,User
12431,User
12432,User
12433,User
12434,User
12435,User
12436,User
12437,User
12438,User
12439,User
12440,User
12441,User
12442,User
12443,User
12444,User
12445,User
12446,User
12447,User
12448,User
12449,User
12450,User
12451,User
12452,User
12453,User
12454,User
12455,User
12456,User
12457,User
12458,User
12459,User
12460,User
12461,User
12462,User
12463,User
12464,User
12465,User
12466,User
12467,User
12468,User
12469,User
12470,User
12471,User
12472,User
12473,User
12474,User
12475,User
12476,User
12477,User
12478,User
12479,User
12480,User
12481,User
12482,User
12483,User
12484,User
12485,User
12486,User
12487,User
12488,User
12489,User
12490,User
12491,User
12492,User
12493,User
12494,User
12495,User
12496,User
12497,User
12498,User
12499,User
12500,User
12501,User
12502,User
12503,User
12504,User
12505,User
12506,User
12507,User
12508,User
12509,User
12510,User
12511,User
12512,User
12513,User
12514,User
12515,User
12516,User
12517,User
12518,User
12519,User
12520,User
12521,User
12522,User
12523,User
12524,User
12525,User
12526,User
12527,User
12528,User
12529,User
12530,User
12531,User
12532,User
12533,User
12534,User
12535,User
12536,User
12537,User
12538,User
12539,User
12540,User
12541,User
12542,User
12543,User
12544,User
12545,User
12546,User
12547,User
12548,User
12549,User
12550,User
12551,User
12552,User
12553,User
12554,User
12555,User
12556,User
12557,User
12558,User
12559,User
12560,User
12561,User
12562,User
12563,User
12564,User
12565,User
12566,User
12567,User
12568,User
12569,User
12570,User
12571,User
12572,User
12573,User
12574,User
12575,User
12576,User
12577,User
12578,User
12579,User
12580,User
12581,User
12582,User
12583,User
12584,User
12585,User
12586,User
12587,User
12588,User
12589,User
12590,User
12591,User
12592,User
12593,User
12594,User
12595,User
12596,User
12597,User
12598,User
12599,User
12600,User
12601,User
12602,User
12603,User
12604,User
12605,User
12606,User
12607,User
12608,User
12609,User
12610,User
12611,User
12612,User
12613,User
12614,User
12615,User
12616,User
12617,User
12618,User
12619,User
12620,User
12621,User
12622,User
12623,User
12624,User
12625,User
12626,User
12627,User
12628,User
12629,User
12630,User
12631,User
12632,User
12633,User
12634,User
12635,User
12636,User
12637,User
12638,User
12639,User
12640,User
12641,User
12642,User
12643,User
12644,User
12645,User
12646,User
12647,User
12648,User
12649,User
12650,User
12651,User
12652,User
12653,User
12654,User
12655,User
12656,User
12657,User
12658,User
12659,User
12660,User
12661,User
12662,User
12663,User
12664,User
12665,User
12666,User
12667,User
12668,User
12669,User
12670,User
12671,User
12672,User
12673,User
12674,User
12675,User
12676,User
12677,User
12678,User
12679,User
12680,User
12681,User
12682,User
12683,User
12684,User
12685,User
12686,User
12687,User
12688,User
12689,User
12690,User
12691,User
12692,User
12693,User
12694,User
12695,User
12696,User
12697,User
12698,User
12699,User
12700,User
12701,User
12702,User
12703,User
12704,User
12705,User
12706,User
12707,User
12708,User
12709,User
12710,User
12711,User
12712,User
12713,User
12714,User
12715,User
12716,User
12717,User
12718,User
12719,User
12720,User
12721,User
12722,User
12723,User
12724,User
12725,User
12726,User
12727,User
12728,User
12729,User
12730,User
12731,User
12732,User
12733,User
12734,User
12735,User
12736,User
12737,User
12738,User
12739,User
12740,User
12741,User
12742,User
12743,User
12744,User
12745,User
12746,User
12747,User
12748,User
12749,User
12750,User
12751,User
12752,User
12753,User
12754,User
12755,User
12756,User
12757,User
12758,User
12759,User
12760,User
12761,User
12762,User
12763,User
12764,User
12765,User
12766,User
12767,User
12768,User
12769,User
12770,User
12771,User
12772,User
12773,User
12774,User
12775,User
12776,User
12777,User
12778,User
12779,User
12780,User
12781,User
12782,User
12783,User
12784,User
12785,User
12786,User
12787,User
12788,User
12789,User
12790,User
12791,User
12792,User
12793,User
12794,User
12795,User
12796,User
12797,User
12798,User
12799,User
12800,User
12801,User
12802,User
12803,User
12804,User
12805,User
12806,User
12807,User
12808,User
12809,User
12810,User
12811,User
12812,User
12813,User
12814,User
12815,User
12816,User
12817,User
12818,User
12819,User
12820,User
12821,User
12822,User
12823,User
12824,User
12825,User
12826,User
12827,User
12828,User
12829,User
12830,User
12831,User
12832,User
12833,User
12834,User
12835,User
12836,User
12837,User
12838,User
12839,User
12840,User
12841,User
12842,User
12843,User
12844,User
12845,User
12846,User
12847,User
12848,User
12849,User
12850,User
12851,User
12852,User
12853,User
12854,User
12855,User
12856,User
12857,User
12858,User
12859,User
12860,User
12861,User
12862,User
12863,User
12864,User
12865,User
12866,User
12867,User
12868,User
12869,User
12870,User
12871,User
12872,User
12873,User
12874,User
12875,User
12876,User
12877,User
12878,User
12879,User
12880,User
12881,User
12882,User
12883,User
12884,User
12885,User
12886,User
12887,User
12888,User
12889,User
12890,User
12891,User
12892,User
12893,User
12894,User
12895,User
12896,User
12897,User
12898,User
12899,User
12900,User
12901,User
12902,User
12903,User
12904,User
12905,User
12906,User
12907,User
12908,User
12909,User
12910,User
12911,User
12912,User
12913,User
12914,User
12915,User
12916,User
12917,User
12918,User
12919,User
12920,User
12921,User
12922,User
12923,User
12924,User
12925,User
12926,User
12927,User
12928,User
12929,User
12930,User
12931,User
12932,User
12933,User
12934,User
12935,User
12936,User
12937,User
12938,User
12939,User
12940,User
12941,User
12942,User
12943,User
12944,User
12945,User
12946,User
12947,User
12948,User
12949,User
12950,User
12951,User
12952,User
12953,User
12954,User
12955,User
12956,User
12957,User
12958,User
12959,User
12960,User
12961,User
12962,User
12963,User
12964,User
12965,User
12966,User
12967,User
12968,User
12969,User
12970,User
12971,User
12972,User
12973,User
12974,User
12975,User
12976,User
12977,User
12978,User
12979,User
12980,User
12981,User
12982,User
12983,User
12984,User
12985,User
12986,User
12987,User
12988,User
12989,User
12990,User
12991,User
12992,User
12993,User
12994,User
12995,User
12996,User
12997,User
12998,User
12999,User
13000,User
13001,User
13002,User
13003,User
13004,User
13005,User
13006,User
13007,User
13008,User
13009,User
13010,User
13011,User
13012,User
13013,User
13014,User
13015,User
13016,User
13017,User
13018,User
13019,User
13020,User
13021,User
13022,User
13023,User
13024,User
13025,User
13026,User
13027,User
13028,User
13029,User
13030,User
13031,User
13032,User
13033,User
13034,User
13035,User
13036,User
13037,User
13038,User
13039,User
13040,User
13041,User
13042,User
13043,User
13044,User
13045,User
13046,User
13047,User
13048,User
13049,User
13050,User
13051,User
13052,User
13053,User
13054,User
13055,User
13056,User
13057,User
13058,User
13059,User
13060,User
13061,User
13062,User
13063,User
13064,User
13065,User
13066,User
13067,User
13068,User
13069,User
13070,User
13071,User
13072,User
13073,User
13074,User
13075,User
13076,User
13077,User
13078,User
13079,User
13080,User
13081,User
13082,User
13083,User
13084,User
13085,User
13086,User
13087,User
13088,User
13089,User
13090,User
13091,User
13092,User
13093,User
13094,User
13095,User
13096,User
13097,User
13098,User
13099,User
13100,User
13101,User
13102,User
13103,User
13104,User
13105,User
13106,User
13107,User
13108,User
13109,User
13110,User
13111,User
13112,User
13113,User
13114,User
13115,User
13116,User
13117,User
13118,User
13119,User
13120,User
13121,User
13122,User
13123,User
13124,User
13125,User
13126,User
13127,User
13128,User
13129,User
13130,User
13131,User
13132,User
13133,User
13134,User
13135,User
13136,User
13137,User
13138,User
13139,User
13140,User
13141,User
13142,User
13143,User
13144,User
13145,User
13146,User
13147,User
13148,User
13149,User
13150,User
13151,User
13152,User
13153,User
13154,User
13155,User
13156,User
13157,User
13158,User
13159,User
13160,User
13161,User
13162,User
13163,User
13164,User
13165,User
13166,User
13167,User
13168,User
13169,User
13170,User
13171,User
13172,User
13173,User
13174,User
13175,User
13176,User
13177,User
13178,User
13179,User
13180,User
13181,User
13182,User
13183,User
13184,User
13185,User
13186,User
13187,User
13188,User
13189,User
13190,User
13191,User
13192,User
13193,User
13194,User
13195,User
13196,User
13197,User
13198,User
13199,User
13200,User
13201,User
13202,User
13203,User
13204,User
13205,User
13206,User
13207,User
13208,User
13209,User
13210,User
13211,User
13212,User
13213,User
13214,User
13215,User
13216,User
13217,User
13218,User
13219,User
13220,User
13221,User
13222,User
13223,User
13224,User
13225,User
13226,User
13227,User
13228,User
13229,User
13230,User
13231,User
13232,User
13233,User
13234,User
13235,User
13236,User
13237,User
13238,User
13239,User
13240,User
13241,User
13242,User
13243,User
13244,User
13245,User
13246,User
13247,User
13248,User
13249,User
13250,User
13251,User
13252,User
13253,User
13254,User
13255,User
13256,User
13257,User
13258,User
13259,User
13260,User
13261,User
13262,User
13263,User
13264,User
13265,User
13266,User
13267,User
13268,User
13269,User
13270,User
13271,User
13272,User
13273,User
13274,User
13275,User
13276,User
13277,User
13278,User
13279,User
13280,User
13281,User
13282,User
13283,User
13284,User
13285,User
13286,User
13287,User
13288,User
13289,User
13290,User
13291,User
13292,User
13293,User
13294,User
13295,User
13296,User
13297,User
13298,User
13299,User
13300,User
13301,User
13302,User
13303,User
13304,User
13305,User
13306,User
13307,User
13308,User
13309,User
13310,User
13311,User
13312,User
13313,User
13314,User
13315,User
13316,User
13317,User
13318,User
13319,User
13320,User
13321,User
13322,User
13323,User
13324,User
13325,User
13326,User
13327,User
13328,User
13329,User
13330,User
13331,User
13332,User
13333,User
13334,User
13335,User
13336,User
13337,User
13338,User
13339,User
13340,User
13341,User
13342,User
13343,User
13344,User
13345,User
13346,User
13347,User
13348,User
13349,User
13350,User
13351,User
13352,User
13353,User
13354,User
13355,User
13356,User
13357,User
13358,User
13359,User
13360,User
13361,User
13362,User
13363,User
13364,User
13365,User
13366,User
13367,User
13368,User
13369,User
13370,User
13371,User
13372,User
13373,User
13374,User
13375,User
13376,User
13377,User
13378,User
13379,User
13380,User
13381,User
13382,User
13383,User
13384,User
13385,User
13386,User
13387,User
13388,User
13389,User
13390,User
13391,User
13392,User
13393,User
13394,User
13395,User
13396,User
13397,User
13398,User
13399,User
13400,User
13401,User
13402,User
13403,User
13404,User
13405,User
13406,User
13407,User
13408,User
13409,User
13410,User
13411,User
13412,User
13413,User
13414,User
13415,User
13416,User
13417,User
13418,User
13419,User
13420,User
13421,User
13422,User
13423,User
13424,User
13425,User
13426,User
13427,User
13428,User
13429,User
13430,User
13431,User
13432,User
13433,User
13434,User
13435,User
13436,User
13437,User
13438,User
13439,User
13440,User
13441,User
13442,User
13443,User
13444,User
13445,User
13446,User
13447,User
13448,User
13449,User
13450,User
13451,User
13452,User
13453,User
13454,User
13455,User
13456,User
13457,User
13458,User
13459,User
13460,User
13461,User
13462,User
13463,User
13464,User
13465,User
13466,User
13467,User
13468,User
13469,User
13470,User
13471,User
13472,User
13473,User
13474,User
13475,User
13476,User
13477,User
13478,User
13479,User
13480,User
13481,User
13482,User
13483,User
13484,User
13485,User
13486,User
13487,User
13488,User
13489,User
13490,User
13491,User
13492,User
13493,User
13494,User
13495,User
13496,User
13497,User
13498,User
13499,User
13500,User
13501,User
13502,User
13503,User
13504,User
13505,User
13506,User
13507,User
13508,User
13509,User
13510,User
13511,User
13512,User
13513,User
13514,User
13515,User
13516,User
13517,User
13518,User
13519,User
13520,User
13521,User
13522,User
13523,User
13524,User
13525,User
13526,User
13527,User
13528,User
13529,User
13530,User
13531,User
13532,User
13533,User
13534,User
13535,User
13536,User
13537,User
13538,User
13539,User
13540,User
13541,User
13542,User
13543,User
13544,User
13545,User
13546,User
13547,User
13548,User
13549,User
13550,User
13551,User
13552,User
13553,User
13554,User
13555,User
13556,User
13557,User
13558,User
13559,User
13560,User
13561,User
13562,User
13563,User
13564,User
13565,User
13566,User
13567,User
13568,User
13569,User
13570,User
13571,User
13572,User
13573,User
13574,User
13575,User
13576,User
13577,User
13578,User
13579,User
13580,User
13581,User
13582,User
13583,User
13584,User
13585,User
13586,User
13587,User
13588,User
13589,User
13590,User
13591,User
13592,User
13593,User
13594,User
13595,User
13596,User
13597,User
13598,User
13599,User
13600,User
13601,User
13602,User
13603,User
13604,User
13605,User
13606,User
13607,User
13608,User
13609,User
13610,User
13611,User
13612,User
13613,User
13614,User
13615,User
13616,User
13617,User
13618,User
13619,User
13620,User
13621,User
13622,User
13623,User
13624,User
13625,User
13626,User
13627,User
13628,User
13629,User
13630,User
13631,User
13632,User
13633,User
13634,User
13635,User
13636,User
13637,User
13638,User
13639,User
13640,User
13641,User
13642,User
13643,User
13644,User
13645,User
13646,User
13647,User
13648,User
13649,User
13650,User
13651,User
13652,User
13653,User
13654,User
13655,User
13656,User
13657,User
13658,User
13659,User
13660,User
13661,User
13662,User
13663,User
13664,User
13665,User
13666,User
13667,User
13668,User
13669,User
13670,User
13671,User
13672,User
13673,User
13674,User
13675,User
13676,User
13677,User
13678,User
13679,User
13680,User
13681,User
13682,User
13683,User
13684,User
13685,User
13686,User
13687,User
13688,User
13689,User
13690,User
13691,User
13692,User
13693,User
13694,User
13695,User
13696,User
13697,User
13698,User
13699,User
13700,User
13701,User
13702,User
13703,User
13704,User
13705,User
13706,User
13707,User
13708,User
13709,User
13710,User
13711,User
13712,User
13713,User
13714,User
13715,User
13716,User
13717,User
13718,User
13719,User
13720,User
13721,User
13722,User
13723,User
13724,User
13725,User
13726,User
13727,User
13728,User
13729,User
13730,User
13731,User
13732,User
13733,User
13734,User
13735,User
13736,User
13737,User
13738,User
13739,User
13740,User
13741,User
13742,User
13743,User
13744,User
13745,User
13746,User
13747,User
13748,User
13749,User
13750,User
13751,User
13752,User
13753,User
13754,User
13755,User
13756,User
13757,User
13758,User
13759,User
13760,User
13761,User
13762,User
13763,User
13764,User
13765,User
13766,User
13767,User
13768,User
13769,User
13770,User
13771,User
13772,User
13773,User
13774,User
13775,User
13776,User
13777,User
13778,User
13779,User
13780,User
13781,User
13782,User
13783,User
13784,User
13785,User
13786,User
13787,User
13788,User
13789,User
13790,User
13791,User
13792,User
13793,User
13794,User
13795,User
13796,User
13797,User
13798,User
13799,User
13800,User
13801,User
13802,User
13803,User
13804,User
13805,User
13806,User
13807,User
13808,User
13809,User
13810,User
13811,User
13812,User
13813,User
13814,User
13815,User
13816,User
13817,User
13818,User
13819,User
13820,User
13821,User
13822,User
13823,User
13824,User
13825,User
13826,User
13827,User
13828,User
13829,User
13830,User
13831,User
13832,User
13833,User
13834,User
13835,User
13836,User
13837,User
13838,User
13839,User
13840,User
13841,User
13842,User
13843,User
13844,User
13845,User
13846,User
13847,User
13848,User
13849,User
13850,User
13851,User
13852,User
13853,User
13854,User
13855,User
13856,User
13857,User
13858,User
13859,User
13860,User
13861,User
13862,User
13863,User
13864,User
13865,User
13866,User
13867,User
13868,User
13869,User
13870,User
13871,User
13872,User
13873,User
13874,User
13875,User
13876,User
13877,User
13878,User
13879,User
13880,User
13881,User
13882,User
13883,User
13884,User
13885,User
13886,User
13887,User
13888,User
13889,User
13890,User
13891,User
13892,User
13893,User
13894,User
13895,User
13896,User
13897,User
13898,User
13899,User
13900,User
13901,User
13902,User
13903,User
13904,User
13905,User
13906,User
13907,User
13908,User
13909,User
13910,User
13911,User
13912,User
13913,User
13914,User
13915,User
13916,User
13917,User
13918,User
13919,User
13920,User
13921,User
13922,User
13923,User
13924,User
13925,User
13926,User
13927,User
13928,User
13929,User
13930,User
13931,User
13932,User
13933,User
13934,User
13935,User
13936,User
13937,User
13938,User
13939,User
13940,User
13941,User
13942,User
13943,User
13944,User
13945,User
13946,User
13947,User
13948,User
13949,User
13950,User
13951,User
13952,User
13953,User
13954,User
13955,User
13956,User
13957,User
13958,User
13959,User
13960,User
13961,User
13962,User
13963,User
13964,User
13965,User
13966,User
13967,User
13968,User
13969,User
13970,User
13971,User
13972,User
13973,User
13974,User
13975,User
13976,User
13977,User
13978,User
13979,User
13980,User
13981,User
13982,User
13983,User
13984,User
13985,User
13986,User
13987,User
13988,User
13989,User
13990,User
13991,User
13992,User
13993,User
13994,User
13995,User
13996,User
13997,User
13998,User
13999,User
14000,User
14001,User
14002,User
14003,User
14004,User
14005,User
14006,User
14007,User
14008,User
14009,User
14010,User
14011,User
14012,User
14013,User
14014,User
14015,User
14016,User
14017,User
14018,User
14019,User
14020,User
14021,User
14022,User
14023,User
14024,User
14025,User
14026,User
14027,User
14028,User
14029,User
14030,User
14031,User
14032,User
14033,User
14034,User
14035,User
14036,User
14037,User
14038,User
14039,User
14040,User
14041,User
14042,User
14043,User
14044,User
14045,User
14046,User
14047,User
14048,User
14049,User
14050,User
14051,User
14052,User
14053,User
14054,User
14055,User
14056,User
14057,User
14058,User
14059,User
14060,User
14061,User
14062,User
14063,User
14064,User
14065,User
14066,User
14067,User
14068,User
14069,User
14070,User
14071,User
14072,User
14073,User
14074,User
14075,User
14076,User
14077,User
14078,User
14079,User
14080,User
14081,User
14082,User
14083,User
14084,User
14085,User
14086,User
14087,User
14088,User
14089,User
14090,User
14091,User
14092,User
14093,User
14094,User
14095,User
14096,User
14097,User
14098,User
14099,User
14100,User
14101,User
14102,User
14103,User
14104,User
14105,User
14106,User
14107,User
14108,User
14109,User
14110,User
14111,User
14112,User
14113,User
14114,User
14115,User
14116,User
14117,User
14118,User
14119,User
14120,User
14121,User
14122,User
14123,User
14124,User
14125,User
14126,User
14127,User
14128,User
14129,User
14130,User
14131,User
14132,User
14133,User
14134,User
14135,User
14136,User
14137,User
14138,User
14139,User
14140,User
14141,User
14142,User
14143,User
14144,User
14145,User
14146,User
14147,User
14148,User
14149,User
14150,User
14151,User
14152,User
14153,User
14154,User
14155,User
14156,User
14157,User
14158,User
14159,User
14160,User
14161,User
14162,User
14163,User
14164,User
14165,User
14166,User
14167,User
14168,User
14169,User
14170,User
14171,User
14172,User
14173,User
14174,User
14175,User
14176,User
14177,User
14178,User
14179,User
14180,User
14181,User
14182,User
14183,User
14184,User
14185,User
14186,User
14187,User
14188,User
14189,User
14190,User
14191,User
14192,User
14193,User
14194,User
14195,User
14196,User
14197,User
14198,User
14199,User
14200,User
14201,User
14202,User
14203,User
14204,User
14205,User
14206,User
14207,User
14208,User
14209,User
14210,User
14211,User
14212,User
14213,User
14214,User
14215,User
14216,User
14217,User
14218,User
14219,User
14220,User
14221,User
14222,User
14223,User
14224,User
14225,User
14226,User
14227,User
14228,User
14229,User
14230,User
14231,User
14232,User
14233,User
14234,User
14235,User
14236,User
14237,User
14238,User
14239,User
14240,User
14241,User
14242,User
14243,User
14244,User
14245,User
14246,User
14247,User
14248,User
14249,User
14250,User
14251,User
14252,User
14253,User
14254,User
14255,User
14256,User
14257,User
14258,User
14259,User
14260,User
14261,User
14262,User
14263,User
14264,User
14265,User
14266,User
14267,User
14268,User
14269,User
14270,User
14271,User
14272,User
14273,User
14274,User
14275,User
14276,User
14277,User
14278,User
14279,User
14280,User
14281,User
14282,User
14283,User
14284,User
14285,User
14286,User
14287,User
14288,User
14289,User
14290,User
14291,User
14292,User
14293,User
14294,User
14295,User
14296,User
14297,User
14298,User
14299,User
14300,User
14301,User
14302,User
14303,User
14304,User
14305,User
14306,User
14307,User
14308,User
14309,User
14310,User
14311,User
14312,User
14313,User
14314,User
14315,User
14316,User
14317,User
14318,User
14319,User
14320,User
14321,User
14322,User
14323,User
14324,User
14325,User
14326,User
14327,User
14328,User
14329,User
14330,User
14331,User
14332,User
14333,User
14334,User
14335,User
14336,User
14337,User
14338,User
14339,User
14340,User
14341,User
14342,User
14343,User
14344,User
14345,User
14346,User
14347,User
14348,User
14349,User
14350,User
14351,User
14352,User
14353,User
14354,User
14355,User
14356,User
14357,User
14358,User
14359,User
14360,User
14361,User
14362,User
14363,User
14364,User
14365,User
14366,User
14367,User
14368,User
14369,User
14370,User
14371,User
14372,User
14373,User
14374,User
14375,User
14376,User
14377,User
14378,User
14379,User
14380,User
14381,User
14382,User
14383,User
14384,User
14385,User
14386,User
14387,User
14388,User
14389,User
14390,User
14391,User
14392,User
14393,User
14394,User
14395,User
14396,User
14397,User
14398,User
14399,User
14400,User
14401,User
14402,User
14403,User
14404,User
14405,User
14406,User
14407,User
14408,User
14409,User
14410,User
14411,User
14412,User
14413,User
14414,User
14415,User
14416,User
14417,User
14418,User
14419,User
14420,User
14421,User
14422,User
14423,User
14424,User
14425,User
14426,User
14427,User
14428,User
14429,User
14430,User
14431,User
14432,User
14433,User
14434,User
14435,User
14436,User
14437,User
14438,User
14439,User
14440,User
14441,User
14442,User
14443,User
14444,User
14445,User
14446,User
14447,User
14448,User
14449,User
14450,User
14451,User
14452,User
14453,User
14454,User
14455,User
14456,User
14457,User
14458,User
14459,User
14460,User
14461,User
14462,User
14463,User
14464,User
14465,User
14466,User
14467,User
14468,User
14469,User
14470,User
14471,User
14472,User
14473,User
14474,User
14475,User
14476,User
14477,User
14478,User
14479,User
14480,User
14481,User
14482,User
14483,User
14484,User
14485,User
14486,User
14487,User
14488,User
14489,User
14490,User
14491,User
14492,User
14493,User
14494,User
14495,User
14496,User
14497,User
14498,User
14499,User
14500,User
14501,User
14502,User
14503,User
14504,User
14505,User
14506,User
14507,User
14508,User
14509,User
14510,User
14511,User
14512,User
14513,User
14514,User
14515,User
14516,User
14517,User
14518,User
14519,User
14520,User
14521,User
14522,User
14523,User
14524,User
14525,User
14526,User
14527,User
14528,User
14529,User
14530,User
14531,User
14532,User
14533,User
14534,User
14535,User
14536,User
14537,User
14538,User
14539,User
14540,User
14541,User
14542,User
14543,User
14544,User
14545,User
14546,User
14547,User
14548,User
14549,User
14550,User
14551,User
14552,User
14553,User
14554,User
14555,User
14556,User
14557,User
14558,User
14559,User
14560,User
14561,User
14562,User
14563,User
14564,User
14565,User
14566,User
14567,User
14568,User
14569,User
14570,User
14571,User
14572,User
14573,User
14574,User
14575,User
14576,User
14577,User
14578,User
14579,User
14580,User
14581,User
14582,User
14583,User
14584,User
14585,User
14586,User
14587,User
14588,User
14589,User
14590,User
14591,User
14592,User
14593,User
14594,User
14595,User
14596,User
14597,User
14598,User
14599,User
14600,User
14601,User
14602,User
14603,User
14604,User
14605,User
14606,User
14607,User
14608,User
14609,User
14610,User
14611,User
14612,User
14613,User
14614,User
14615,User
14616,User
14617,User
14618,User
14619,User
14620,User
14621,User
14622,User
14623,User
14624,User
14625,User
14626,User
14627,User
14628,User
14629,User
14630,User
14631,User
14632,User
14633,User
14634,User
14635,User
14636,User
14637,User
14638,User
14639,User
14640,User
14641,User
14642,User
14643,User
14644,User
14645,User
14646,User
14647,User
14648,User
14649,User
14650,User
14651,User
14652,User
14653,User
14654,User
14655,User
14656,User
14657,User
14658,User
14659,User
14660,User
14661,User
14662,User
14663,User
14664,User
14665,User
14666,User
14667,User
14668,User
14669,User
14670,User
14671,User
14672,User
14673,User
14674,User
14675,User
14676,User
14677,User
14678,User
14679,User
14680,User
14681,User
14682,User
14683,User
14684,User
14685,User
14686,User
14687,User
14688,User
14689,User
14690,User
14691,User
14692,User
14693,User
14694,User
14695,User
14696,User
14697,User
14698,User
14699,User
14700,User
14701,User
14702,User
14703,User
14704,User
14705,User
14706,User
14707,User
14708,User
14709,User
14710,User
14711,User
14712,User
14713,User
14714,User
14715,User
14716,User
14717,User
14718,User
14719,User
14720,User
14721,User
14722,User
14723,User
14724,User
14725,User
14726,User
14727,User
14728,User
14729,User
14730,User
14731,User
14732,User
14733,User
14734,User
14735,User
14736,User
14737,User
14738,User
14739,User
14740,User
14741,User
14742,User
14743,User
14744,User
14745,User
14746,User
14747,User
14748,User
14749,User
14750,User
14751,User
14752,User
14753,User
14754,User
14755,User
14756,User
14757,User
14758,User
14759,User
14760,User
14761,User
14762,User
14763,User
14764,User
14765,User
14766,User
14767,User
14768,User
14769,User
14770,User
14771,User
14772,User
14773,User
14774,User
14775,User
14776,User
14777,User
14778,User
14779,User
14780,User
14781,User
14782,User
14783,User
14784,User
14785,User
14786,User
14787,User
14788,User
14789,User
14790,User
14791,User
14792,User
14793,User
14794,User
14795,User
14796,User
14797,User
14798,User
14799,User
14800,User
14801,User
14802,User
14803,User
14804,User
14805,User
14806,User
14807,User
14808,User
14809,User
14810,User
14811,User
14812,User
14813,User
14814,User
14815,User
14816,User
14817,User
14818,User
14819,User
14820,User
14821,User
14822,User
14823,User
14824,User
14825,User
14826,User
14827,User
14828,User
14829,User
14830,User
14831,User
14832,User
14833,User
14834,User
14835,User
14836,User
14837,User
14838,User
14839,User
14840,User
14841,User
14842,User
14843,User
14844,User
14845,User
14846,User
14847,User
14848,User
14849,User
14850,User
14851,User
14852,User
14853,User
14854,User
14855,User
14856,User
14857,User
14858,User
14859,User
14860,User
14861,User
14862,User
14863,User
14864,User
14865,User
14866,User
14867,User
14868,User
14869,User
14870,User
14871,User
14872,User
14873,User
14874,User
14875,User
14876,User
14877,User
14878,User
14879,User
14880,User
14881,User
14882,User
14883,User
14884,User
14885,User
14886,User
14887,User
14888,User
14889,User
14890,User
14891,User
14892,User
14893,User
14894,User
14895,User
14896,User
14897,User
14898,User
14899,User
14900,User
14901,User
14902,User
14903,User
14904,User
14905,User
14906,User
14907,User
14908,User
14909,User
14910,User
14911,User
14912,User
14913,User
14914,User
14915,User
14916,User
14917,User
14918,User
14919,User
14920,User
14921,User
14922,User
14923,User
14924,User
14925,User
14926,User
14927,User
14928,User
14929,User
14930,User
14931,User
14932,User
14933,User
14934,User
14935,User
14936,User
14937,User
14938,User
14939,User
14940,User
14941,User
14942,User
14943,User
14944,User
14945,User
14946,User
14947,User
14948,User
14949,User
14950,User
14951,User
14952,User
14953,User
14954,User
14955,User
14956,User
14957,User
14958,User
14959,User
14960,User
14961,User
14962,User
14963,User
14964,User
14965,User
14966,User
14967,User
14968,User
14969,User
14970,User
14971,User
14972,User
14973,User
14974,User
14975,User
14976,User
14977,User
14978,User
14979,User
14980,User
14981,User
14982,User
14983,User
14984,User
14985,User
14986,User
14987,User
14988,User
14989,User
14990,User
14991,User
14992,User
14993,User
14994,User
14995,User
14996,User
14997,User
14998,User
14999,User
15000,User
15001,User
15002,User
15003,User
15004,User
15005,User
15006,User
15007,User
15008,User
15009,User
15010,User
15011,User
15012,User
15013,User
15014,User
15015,User
15016,User
15017,User
15018,User
15019,User
15020,User
15021,User
15022,User
15023,User
15024,User
15025,User
15026,User
15027,User
15028,User
15029,User
15030,User
15031,User
15032,User
15033,User
15034,User
15035,User
15036,User
15037,User
15038,User
15039,User
15040,User
15041,User
15042,User
15043,User
15044,User
15045,User
15046,User
15047,User
15048,User
15049,User
15050,User
15051,User
15052,User
15053,User
15054,User
15055,User
15056,User
15057,User
15058,User
15059,User
15060,User
15061,User
15062,User
15063,User
15064,User
15065,User
15066,User
15067,User
15068,User
15069,User
15070,User
15071,User
15072,User
15073,User
15074,User
15075,User
15076,User
15077,User
15078,User
15079,User
15080,User
15081,User
15082,User
15083,User
15084,User
15085,User
15086,User
15087,User
15088,User
15089,User
15090,User
15091,User
15092,User
15093,User
15094,User
15095,User
15096,User
15097,User
15098,User
15099,User
15100,User
15101,User
15102,User
15103,User
15104,User
15105,User
15106,User
15107,User
15108,User
15109,User
15110,User
15111,User
15112,User
15113,User
15114,User
15115,User
15116,User
15117,User
15118,User
15119,User
15120,User
15121,User
15122,User
15123,User
15124,User
15125,User
15126,User
15127,User
15128,User
15129,User
15130,User
15131,User
15132,User
15133,User
15134,User
15135,User
15136,User
15137,User
15138,User
15139,User
15140,User
15141,User
15142,User
15143,User
15144,User
15145,User
15146,User
15147,User
15148,User
15149,User
15150,User
15151,User
15152,User
15153,User
15154,User
15155,User
15156,User
15157,User
15158,User
15159,User
15160,User
15161,User
15162,User
15163,User
15164,User
15165,User
15166,User
15167,User
15168,User
15169,User
15170,User
15171,User
15172,User
15173,User
15174,User
15175,User
15176,User
15177,User
15178,User
15179,User
15180,User
15181,User
15182,User
15183,User
15184,User
15185,User
15186,User
15187,User
15188,User
15189,User
15190,User
15191,User
15192,User
15193,User
15194,User
15195,User
15196,User
15197,User
15198,User
15199,User
15200,User
15201,User
15202,User
15203,User
15204,User
15205,User
15206,User
15207,User
15208,User
15209,User
15210,User
15211,User
15212,User
15213,User
15214,User
15215,User
15216,User
15217,User
15218,User
15219,User
15220,User
15221,User
15222,User
15223,User
15224,User
15225,User
15226,User
15227,User
15228,User
15229,User
15230,User
15231,User
15232,User
15233,User
15234,User
15235,User
15236,User
15237,User
15238,User
15239,User
15240,User
15241,User
15242,User
15243,User
15244,User
15245,User
15246,User
15247,User
15248,User
15249,User
15250,User
15251,User
15252,User
15253,User
15254,User
15255,User
15256,User
15257,User
15258,User
15259,User
15260,User
15261,User
15262,User
15263,User
15264,User
15265,User
15266,User
15267,User
15268,User
15269,User
15270,User
15271,User
15272,User
15273,User
15274,User
15275,User
15276,User
15277,User
15278,User
15279,User
15280,User
15281,User
15282,User
15283,User
15284,User
15285,User
15286,User
15287,User
15288,User
15289,User
15290,User
15291,User
15292,User
15293,User
15294,User
15295,User
15296,User
15297,User
15298,User
15299,User
15300,User
15301,User
15302,User
15303,User
15304,User
15305,User
15306,User
15307,User
15308,User
15309,User
15310,User
15311,User
15312,User
15313,User
15314,User
15315,User
15316,User
15317,User
15318,User
15319,User
15320,User
15321,User
15322,User
15323,User
15324,User
15325,User
15326,User
15327,User
15328,User
15329,User
15330,User
15331,User
15332,User
15333,User
15334,User
15335,User
15336,User
15337,User
15338,User
15339,User
15340,User
15341,User
15342,User
15343,User
15344,User
15345,User
15346,User
15347,User
15348,User
15349,User
15350,User
15351,User
15352,User
15353,User
15354,User
15355,User
15356,User
15357,User
15358,User
15359,User
15360,User
15361,User
15362,User
15363,User
15364,User
15365,User
15366,User
15367,User
15368,User
15369,User
15370,User
15371,User
15372,User
15373,User
15374,User
15375,User
15376,User
15377,User
15378,User
15379,User
15380,User
15381,User
15382,User
15383,User
15384,User
15385,User
15386,User
15387,User
15388,User
15389,User
15390,User
15391,User
15392,User
15393,User
15394,User
15395,User
15396,User
15397,User
15398,User
15399,User
15400,User
15401,User
15402,User
15403,User
15404,User
15405,User
15406,User
15407,User
15408,User
15409,User
15410,User
15411,User
15412,User
15413,User
15414,User
15415,User
15416,User
15417,User
15418,User
15419,User
15420,User
15421,User
15422,User
15423,User
15424,User
15425,User
15426,User
15427,User
15428,User
15429,User
15430,User
15431,User
15432,User
15433,User
15434,User
15435,User
15436,User
15437,User
15438,User
15439,User
15440,User
15441,User
15442,User
15443,User
15444,User
15445,User
15446,User
15447,User
15448,User
15449,User
15450,User
15451,User
15452,User
15453,User
15454,User
15455,User
15456,User
15457,User
15458,User
15459,User
15460,User
15461,User
15462,User
15463,User
15464,User
15465,User
15466,User
15467,User
15468,User
15469,User
15470,User
15471,User
15472,User
15473,User
15474,User
15475,User
15476,User
15477,User
15478,User
15479,User
15480,User
15481,User
15482,User
15483,User
15484,User
15485,User
15486,User
15487,User
15488,User
15489,User
15490,User
15491,User
15492,User
15493,User
15494,User
15495,User
15496,User
15497,User
15498,User
15499,User
15500,User
15501,User
15502,User
15503,User
15504,User
15505,User
15506,User
15507,User
15508,User
15509,User
15510,User
15511,User
15512,User
15513,User
15514,User
15515,User
15516,User
15517,User
15518,User
15519,User
15520,User
15521,User
15522,User
15523,User
15524,User
15525,User
15526,User
15527,User
15528,User
15529,User
15530,User
15531,User
15532,User
15533,User
15534,User
15535,User
15536,User
15537,User
15538,User
15539,User
15540,User
15541,User
15542,User
15543,User
15544,User
15545,User
15546,User
15547,User
15548,User
15549,User
15550,User
15551,User
15552,User
15553,User
15554,User
15555,User
15556,User
15557,User
15558,User
15559,User
15560,User
15561,User
15562,User
15563,User
15564,User
15565,User
15566,User
15567,User
15568,User
15569,User
15570,User
15571,User
15572,User
15573,User
15574,User
15575,User
15576,User
15577,User
15578,User
15579,User
15580,User
15581,User
15582,User
15583,User
15584,User
15585,User
15586,User
15587,User
15588,User
15589,User
15590,User
15591,User
15592,User
15593,User
15594,User
15595,User
15596,User
15597,User
15598,User
15599,User
15600,User
15601,User
15602,User
15603,User
15604,User
15605,User
15606,User
15607,User
15608,User
15609,User
15610,User
15611,User
15612,User
15613,User
15614,User
15615,User
15616,User
15617,User
15618,User
15619,User
15620,User
15621,User
15622,User
15623,User
15624,User
15625,User
15626,User
15627,User
15628,User
15629,User
15630,User
15631,User
15632,User
15633,User
15634,User
15635,User
15636,User
15637,User
15638,User
15639,User
15640,User
15641,User
15642,User
15643,User
15644,User
15645,User
15646,User
15647,User
15648,User
15649,User
15650,User
15651,User
15652,User
15653,User
15654,User
15655,User
15656,User
15657,User
15658,User
15659,User
15660,User
15661,User
15662,User
15663,User
15664,User
15665,User
15666,User
15667,User
15668,User
15669,User
15670,User
15671,User
15672,User
15673,User
15674,User
15675,User
15676,User
15677,User
15678,User
15679,User
15680,User
15681,User
15682,User
15683,User
15684,User
15685,User
15686,User
15687,User
15688,User
15689,User
15690,User
15691,User
15692,User
15693,User
15694,User
15695,User
15696,User
15697,User
15698,User
15699,User
15700,User
15701,User
15702,User
15703,User
15704,User
15705,User
15706,User
15707,User
15708,User
15709,User
15710,User
15711,User
15712,User
15713,User
15714,User
15715,User
15716,User
15717,User
15718,User
15719,User
15720,User
15721,User
15722,User
15723,User
15724,User
15725,User
15726,User
15727,User
15728,User
15729,User
15730,User
15731,User
15732,User
15733,User
15734,User
15735,User
15736,User
15737,User
15738,User
15739,User
15740,User
15741,User
15742,User
15743,User
15744,User
15745,User
15746,User
15747,User
15748,User
15749,User
15750,User
15751,User
15752,User
15753,User
15754,User
15755,User
15756,User
15757,User
15758,User
15759,User
15760,User
15761,User
15762,User
15763,User
15764,User
15765,User
15766,User
15767,User
15768,User
15769,User
15770,User
15771,User
15772,User
15773,User
15774,User
15775,User
15776,User
15777,User
15778,User
15779,User
15780,User
15781,User
15782,User
15783,User
15784,User
15785,User
15786,User
15787,User
15788,User
15789,User
15790,User
15791,User
15792,User
15793,User
15794,User
15795,User
15796,User
15797,User
15798,User
15799,User
15800,User
15801,User
15802,User
15803,User
15804,User
15805,User
15806,User
15807,User
15808,User
15809,User
15810,User
15811,User
15812,User
15813,User
15814,User
15815,User
15816,User
15817,User
15818,User
15819,User
15820,User
15821,User
15822,User
15823,User
15824,User
15825,User
15826,User
15827,User
15828,User
15829,User
15830,User
15831,User
15832,User
15833,User
15834,User
15835,User
15836,User
15837,User
15838,User
15839,User
15840,User
15841,User
15842,User
15843,User
15844,User
15845,User
15846,User
15847,User
15848,User
15849,User
15850,User
15851,User
15852,User
15853,User
15854,User
15855,User
15856,User
15857,User
15858,User
15859,User
15860,User
15861,User
15862,User
15863,User
15864,User
15865,User
15866,User
15867,User
15868,User
15869,User
15870,User
15871,User
15872,User
15873,User
15874,User
15875,User
15876,User
15877,User
15878,User
15879,User
15880,User
15881,User
15882,User
15883,User
15884,User
15885,User
15886,User
15887,User
15888,User
15889,User
15890,User
15891,User
15892,User
15893,User
15894,User
15895,User
15896,User
15897,User
15898,User
15899,User
15900,User
15901,User
15902,User
15903,User
15904,User
15905,User
15906,User
15907,User
15908,User
15909,User
15910,User
15911,User
15912,User
15913,User
15914,User
15915,User
15916,User
15917,User
15918,User
15919,User
15920,User
15921,User
15922,User
15923,User
15924,User
15925,User
15926,User
15927,User
15928,User
15929,User
15930,User
15931,User
15932,User
15933,User
15934,User
15935,User
15936,User
15937,User
15938,User
15939,User
15940,User
15941,User
15942,User
15943,User
15944,User
15945,User
15946,User
15947,User
15948,User
15949,User
15950,User
15951,User
15952,User
15953,User
15954,User
15955,User
15956,User
15957,User
15958,User
15959,User
15960,User
15961,User
15962,User
15963,User
15964,User
15965,User
15966,User
15967,User
15968,User
15969,User
15970,User
15971,User
15972,User
15973,User
15974,User
15975,User
15976,User
15977,User
15978,User
15979,User
15980,User
15981,User
15982,User
15983,User
15984,User
15985,User
15986,User
15987,User
15988,User
15989,User
15990,User
15991,User
15992,User
15993,User
15994,User
15995,User
15996,User
15997,User
15998,User
15999,User
16000,User
16001,User
16002,User
16003,User
16004,User
16005,User
16006,User
16007,User
16008,User
16009,User
16010,User
16011,User
16012,User
16013,User
16014,User
16015,User
16016,User
16017,User
16018,User
16019,User
16020,User
16021,User
16022,User
16023,User
16024,User
16025,User
16026,User
16027,User
16028,User
16029,User
16030,User
16031,User
16032,User
16033,User
16034,User
16035,User
16036,User
16037,User
16038,User
16039,User
16040,User
16041,User
16042,User
16043,User
16044,User
16045,User
16046,User
16047,User
16048,User
16049,User
16050,User
16051,User
16052,User
16053,User
16054,User
16055,User
16056,User
16057,User
16058,User
16059,User
16060,User
16061,User
16062,User
16063,User
16064,User
16065,User
16066,User
16067,User
16068,User
16069,User
16070,User
16071,User
16072,User
16073,User
16074,User
16075,User
16076,User
16077,User
16078,User
16079,User
16080,User
16081,User
16082,User
16083,User
16084,User
16085,User
16086,User
16087,User
16088,User
16089,User
16090,User
16091,User
16092,User
16093,User
16094,User
16095,User
16096,User
16097,User
16098,User
16099,User
16100,User
16101,User
16102,User
16103,User
16104,User
16105,User
16106,User
16107,User
16108,User
16109,User
16110,User
16111,User
16112,User
16113,User
16114,User
16115,User
16116,User
16117,User
16118,User
16119,User
16120,User
16121,User
16122,User
16123,User
16124,User
16125,User
16126,User
16127,User
16128,User
16129,User
16130,User
16131,User
16132,User
16133,User
16134,User
16135,User
16136,User
16137,User
16138,User
16139,User
16140,User
16141,User
16142,User
16143,User
16144,User
16145,User
16146,User
16147,User
16148,User
16149,User
16150,User
16151,User
16152,User
16153,User
16154,User
16155,User
16156,User
16157,User
16158,User
16159,User
16160,User
16161,User
16162,User
16163,User
16164,User
16165,User
16166,User
16167,User
16168,User
16169,User
16170,User
16171,User
16172,User
16173,User
16174,User
16175,User
16176,User
16177,User
16178,User
16179,User
16180,User
16181,User
16182,User
16183,User
16184,User
16185,User
16186,User
16187,User
16188,User
16189,User
16190,User
16191,User
16192,User
16193,User
16194,User
16195,User
16196,User
16197,User
16198,User
16199,User
16200,User
16201,User
16202,User
16203,User
16204,User
16205,User
16206,User
16207,User
16208,User
16209,User
16210,User
16211,User
16212,User
16213,User
16214,User
16215,User
16216,User
16217,User
16218,User
16219,User
16220,User
16221,User
16222,User
16223,User
16224,User
16225,User
16226,User
16227,User
16228,User
16229,User
16230,User
16231,User
16232,User
16233,User
16234,User
16235,User
16236,User
16237,User
16238,User
16239,User
16240,User
16241,User
16242,User
16243,User
16244,User
16245,User
16246,User
16247,User
16248,User
16249,User
16250,User
16251,User
16252,User
16253,User
16254,User
16255,User
16256,User
16257,User
16258,User
16259,User
16260,User
16261,User
16262,User
16263,User
16264,User
16265,User
16266,User
16267,User
16268,User
16269,User
16270,User
16271,User
16272,User
16273,User
16274,User
16275,User
16276,User
16277,User
16278,User
16279,User
16280,User
16281,User
16282,User
16283,User
16284,User
16285,User
16286,User
16287,User
16288,User
16289,User
16290,User
16291,User
16292,User
16293,User
16294,User
16295,User
16296,User
16297,User
16298,User
16299,User
16300,User
16301,User
16302,User
16303,User
16304,User
16305,User
16306,User
16307,User
16308,User
16309,User
16310,User
16311,User
16312,User
16313,User
16314,User
16315,User
16316,User
16317,User
16318,User
16319,User
16320,User
16321,User
16322,User
16323,User
16324,User
16325,User
16326,User
16327,User
16328,User
16329,User
16330,User
16331,User
16332,User
16333,User
16334,User
16335,User
16336,User
16337,User
16338,User
16339,User
16340,User
16341,User
16342,User
16343,User
16344,User
16345,User
16346,User
16347,User
16348,User
16349,User
16350,User
16351,User
16352,User
16353,User
16354,User
16355,User
16356,User
16357,User
16358,User
16359,User
16360,User
16361,User
16362,User
16363,User
16364,User
16365,User
16366,User
16367,User
16368,User
16369,User
16370,User
16371,User
16372,User
16373,User
16374,User
16375,User
16376,User
16377,User
16378,User
16379,User
16380,User
16381,User
16382,User
16383,User
16384,User
16385,User
16386,User
16387,User
16388,User
16389,User
16390,User
16391,User
16392,User
16393,User
16394,User
16395,User
16396,User
16397,User
16398,User
16399,User
16400,User
16401,User
16402,User
16403,User
16404,User
16405,User
16406,User
16407,User
16408,User
16409,User
16410,User
16411,User
16412,User
16413,User
16414,User
16415,User
16416,User
16417,User
16418,User
16419,User
16420,User
16421,User
16422,User
16423,User
16424,User
16425,User
16426,User
16427,User
16428,User
16429,User
16430,User
16431,User
16432,User
16433,User
16434,User
16435,User
16436,User
16437,User
16438,User
16439,User
16440,User
16441,User
16442,User
16443,User
16444,User
16445,User
16446,User
16447,User
16448,User
16449,User
16450,User
16451,User
16452,User
16453,User
16454,User
16455,User
16456,User
16457,User
16458,User
16459,User
16460,User
16461,User
16462,User
16463,User
16464,User
16465,User
16466,User
16467,User
16468,User
16469,User
16470,User
16471,User
16472,User
16473,User
16474,User
16475,User
16476,User
16477,User
16478,User
16479,User
16480,User
16481,User
16482,User
16483,User
16484,User
16485,User
16486,User
16487,User
16488,User
16489,User
16490,User
16491,User
16492,User
16493,User
16494,User
16495,User
16496,User
16497,User
16498,User
16499,User
16500,User
16501,User
16502,User
16503,User
16504,User
16505,User
16506,User
16507,User
16508,User
16509,User
16510,User
16511,User
16512,User
16513,User
16514,User
16515,User
16516,User
16517,User
16518,User
16519,User
16520,User
16521,User
16522,User
16523,User
16524,User
16525,User
16526,User
16527,User
16528,User
16529,User
16530,User
16531,User
16532,User
16533,User
16534,User
16535,User
16536,User
16537,User
16538,User
16539,User
16540,User
16541,User
16542,User
16543,User
16544,User
16545,User
16546,User
16547,User
16548,User
16549,User
16550,User
16551,User
16552,User
16553,User
16554,User
16555,User
16556,User
16557,User
16558,User
16559,User
16560,User
16561,User
16562,User
16563,User
16564,User
16565,User
16566,User
16567,User
16568,User
16569,User
16570,User
16571,User
16572,User
16573,User
16574,User
16575,User
16576,User
16577,User
16578,User
16579,User
16580,User
16581,User
16582,User
16583,User
16584,User
16585,User
16586,User
16587,User
16588,User
16589,User
16590,User
16591,User
16592,User
16593,User
16594,User
16595,User
16596,User
16597,User
16598,User
16599,User
16600,User
16601,User
16602,User
16603,User
16604,User
16605,User
16606,User
16607,User
16608,User
16609,User
16610,User
16611,User
16612,User
16613,User
16614,User
16615,User
16616,User
16617,User
16618,User
16619,User
16620,User
16621,User
16622,User
16623,User
16624,User
16625,User
16626,User
16627,User
16628,User
16629,User
16630,User
16631,User
16632,User
16633,User
16634,User
16635,User
16636,User
16637,User
16638,User
16639,User
16640,User
16641,User
16642,User
16643,User
16644,User
16645,User
16646,User
16647,User
16648,User
16649,User
16650,User
16651,User
16652,User
16653,User
16654,User
16655,User
16656,User
16657,User
16658,User
16659,User
16660,User
16661,User
16662,User
16663,User
16664,User
16665,User
16666,User
16667,User
16668,User
16669,User
16670,User
16671,User
16672,User
16673,User
16674,User
16675,User
16676,User
16677,User
16678,User
16679,User
16680,User
16681,User
16682,User
16683,User
16684,User
16685,User
16686,User
16687,User
16688,User
16689,User
16690,User
16691,User
16692,User
16693,User
16694,User
16695,User
16696,User
16697,User
16698,User
16699,User
16700,User
16701,User
16702,User
16703,User
16704,User
16705,User
16706,User
16707,User
16708,User
16709,User
16710,User
16711,User
16712,User
16713,User
16714,User
16715,User
16716,User
16717,User
16718,User
16719,User
16720,User
16721,User
16722,User
16723,User
16724,User
16725,User
16726,User
16727,User
16728,User
16729,User
16730,User
16731,User
16732,User
16733,User
16734,User
16735,User
16736,User
16737,User
16738,User
16739,User
16740,User
16741,User
16742,User
16743,User
16744,User
16745,User
16746,User
16747,User
16748,User
16749,User
16750,User
16751,User
16752,User
16753,User
16754,User
16755,User
16756,User
16757,User
16758,User
16759,User
16760,User
16761,User
16762,User
16763,User
16764,User
16765,User
16766,User
16767,User
16768,User
16769,User
16770,User
16771,User
16772,User
16773,User
16774,User
16775,User
16776,User
16777,User
16778,User
16779,User
16780,User
16781,User
16782,User
16783,User
16784,User
16785,User
16786,User
16787,User
16788,User
16789,User
16790,User
16791,User
16792,User
16793,User
16794,User
16795,User
16796,User
16797,User
16798,User
16799,User
16800,User
16801,User
16802,User
16803,User
16804,User
16805,User
16806,User
16807,User
16808,User
16809,User
16810,User
16811,User
16812,User
16813,User
16814,User
16815,User
16816,User
16817,User
16818,User
16819,User
16820,User
16821,User
16822,User
16823,User
16824,User
16825,User
16826,User
16827,User
16828,User
16829,User
16830,User
16831,User
16832,User
16833,User
16834,User
16835,User
16836,User
16837,User
16838,User
16839,User
16840,User
16841,User
16842,User
16843,User
16844,User
16845,User
16846,User
16847,User
16848,User
16849,User
16850,User
16851,User
16852,User
16853,User
16854,User
16855,User
16856,User
16857,User
16858,User
16859,User
16860,User
16861,User
16862,User
16863,User
16864,User
16865,User
16866,User
16867,User
16868,User
16869,User
16870,User
16871,User
16872,User
16873,User
16874,User
16875,User
16876,User
16877,User
16878,User
16879,User
16880,User
16881,User
16882,User
16883,User
16884,User
16885,User
16886,User
16887,User
16888,User
16889,User
16890,User
16891,User
16892,User
16893,User
16894,User
16895,User
16896,User
16897,User
16898,User
16899,User
16900,User
16901,User
16902,User
16903,User
16904,User
16905,User
16906,User
16907,User
16908,User
16909,User
16910,User
16911,User
16912,User
16913,User
16914,User
16915,User
16916,User
16917,User
16918,User
16919,User
16920,User
16921,User
16922,User
16923,User
16924,User
16925,User
16926,User
16927,User
16928,User
16929,User
16930,User
16931,User
16932,User
16933,User
16934,User
16935,User
16936,User
16937,User
16938,User
16939,User
16940,User
16941,User
16942,User
16943,User
16944,User
16945,User
16946,User
16947,User
16948,User
16949,User
16950,User
16951,User
16952,User
16953,User
16954,User
16955,User
16956,User
16957,User
16958,User
16959,User
16960,User
16961,User
16962,User
16963,User
16964,User
16965,User
16966,User
16967,User
16968,User
16969,User
16970,User
16971,User
16972,User
16973,User
16974,User
16975,User
16976,User
16977,User
16978,User
16979,User
16980,User
16981,User
16982,User
16983,User
16984,User
16985,User
16986,User
16987,User
16988,User
16989,User
16990,User
16991,User
16992,User
16993,User
16994,User
16995,User
16996,User
16997,User
16998,User
16999,User
17000,User
17001,User
17002,User
17003,User
17004,User
17005,User
17006,User
17007,User
17008,User
17009,User
17010,User
17011,User
17012,User
17013,User
17014,User
17015,User
17016,User
17017,User
17018,User
17019,User
17020,User
17021,User
17022,User
17023,User
17024,User
17025,User
17026,User
17027,User
17028,User
17029,User
17030,User
17031,User
17032,User
17033,User
17034,User
17035,User
17036,User
17037,User
17038,User
17039,User
17040,User
17041,User
17042,User
17043,User
17044,User
17045,User
17046,User
17047,User
17048,User
17049,User
17050,User
17051,User
17052,User
17053,User
17054,User
17055,User
17056,User
17057,User
17058,User
17059,User
17060,User
17061,User
17062,User
17063,User
17064,User
17065,User
17066,User
17067,User
17068,User
17069,User
17070,User
17071,User
17072,User
17073,User
17074,User
17075,User
17076,User
17077,User
17078,User
17079,User
17080,User
17081,User
17082,User
17083,User
17084,User
17085,User
17086,User
17087,User
17088,User
17089,User
17090,User
17091,User
17092,User
17093,User
17094,User
17095,User
17096,User
17097,User
17098,User
17099,User
17100,User
17101,User
17102,User
17103,User
17104,User
17105,User
17106,User
17107,User
17108,User
17109,User
17110,User
17111,User
17112,User
17113,User
17114,User
17115,User
17116,User
17117,User
17118,User
17119,User
17120,User
17121,User
17122,User
17123,User
17124,User
17125,User
17126,User
17127,User
17128,User
17129,User
17130,User
17131,User
17132,User
17133,User
17134,User
17135,User
17136,User
17137,User
17138,User
17139,User
17140,User
17141,User
17142,User
17143,User
17144,User
17145,User
17146,User
17147,User
17148,User
17149,User
17150,User
17151,User
17152,User
17153,User
17154,User
17155,User
17156,User
17157,User
17158,User
17159,User
17160,User
17161,User
17162,User
17163,User
17164,User
17165,User
17166,User
17167,User
17168,User
17169,User
17170,User
17171,User
17172,User
17173,User
17174,User
17175,User
17176,User
17177,User
17178,User
17179,User
17180,User
17181,User
17182,User
17183,User
17184,User
17185,User
17186,User
17187,User
17188,User
17189,User
17190,User
17191,User
17192,User
17193,User
17194,User
17195,User
17196,User
17197,User
17198,User
17199,User
17200,User
17201,User
17202,User
17203,User
17204,User
17205,User
17206,User
17207,User
17208,User
17209,User
17210,User
17211,User
17212,User
17213,User
17214,User
17215,User
17216,User
17217,User
17218,User
17219,User
17220,User
17221,User
17222,User
17223,User
17224,User
17225,User
17226,User
17227,User
17228,User
17229,User
17230,User
17231,User
17232,User
17233,User
17234,User
17235,User
17236,User
17237,User
17238,User
17239,User
17240,User
17241,User
17242,User
17243,User
17244,User
17245,User
17246,User
17247,User
17248,User
17249,User
17250,User
17251,User
17252,User
17253,User
17254,User
17255,User
17256,User
17257,User
17258,User
17259,User
17260,User
17261,User
17262,User
17263,User
17264,User
17265,User
17266,User
17267,User
17268,User
17269,User
17270,User
17271,User
17272,User
17273,User
17274,User
17275,User
17276,User
17277,User
17278,User
17279,User
17280,User
17281,User
17282,User
17283,User
17284,User
17285,User
17286,User
17287,User
17288,User
17289,User
17290,User
17291,User
17292,User
17293,User
17294,User
17295,User
17296,User
17297,User
17298,User
17299,User
17300,User
17301,User
17302,User
17303,User
17304,User
17305,User
17306,User
17307,User
17308,User
17309,User
17310,User
17311,User
17312,User
17313,User
17314,User
17315,User
17316,User
17317,User
17318,User
17319,User
17320,User
17321,User
17322,User
17323,User
17324,User
17325,User
17326,User
17327,User
17328,User
17329,User
17330,User
17331,User
17332,User
17333,User
17334,User
17335,User
17336,User
17337,User
17338,User
17339,User
17340,User
17341,User
17342,User
17343,User
17344,User
17345,User
17346,User
17347,User
17348,User
17349,User
17350,User
17351,User
17352,User
17353,User
17354,User
17355,User
17356,User
17357,User
17358,User
17359,User
17360,User
17361,User
17362,User
17363,User
17364,User
17365,User
17366,User
17367,User
17368,User
17369,User
17370,User
17371,User
17372,User
17373,User
17374,User
17375,User
17376,User
17377,User
17378,User
17379,User
17380,User
17381,User
17382,User
17383,User
17384,User
17385,User
17386,User
17387,User
17388,User
17389,User
17390,User
17391,User
17392,User
17393,User
17394,User
17395,User
17396,User
17397,User
17398,User
17399,User
17400,User
17401,User
17402,User
17403,User
17404,User
17405,User
17406,User
17407,User
17408,User
17409,User
17410,User
17411,User
17412,User
17413,User
17414,User
17415,User
17416,User
17417,User
17418,User
17419,User
17420,User
17421,User
17422,User
17423,User
17424,User
17425,User
17426,User
17427,User
17428,User
17429,User
17430,User
17431,User
17432,User
17433,User
17434,User
17435,User
17436,User
17437,User
17438,User
17439,User
17440,User
17441,User
17442,User
17443,User
17444,User
17445,User
17446,User
17447,User
17448,User
17449,User
17450,User
17451,User
17452,User
17453,User
17454,User
17455,User
17456,User
17457,User
17458,User
17459,User
17460,User
17461,User
17462,User
17463,User
17464,User
17465,User
17466,User
17467,User
17468,User
17469,User
17470,User
17471,User
17472,User
17473,User
17474,User
17475,User
17476,User
17477,User
17478,User
17479,User
17480,User
17481,User
17482,User
17483,User
17484,User
17485,User
17486,User
17487,User
17488,User
17489,User
17490,User
17491,User
17492,User
17493,User
17494,User
17495,User
17496,User
17497,User
17498,User
17499,User
17500,User
17501,User
17502,User
17503,User
17504,User
17505,User
17506,User
17507,User
17508,User
17509,User
17510,User
17511,User
17512,User
17513,User
17514,User
17515,User
17516,User
17517,User
17518,User
17519,User
17520,User
17521,User
17522,User
17523,User
17524,User
17525,User
17526,User
17527,User
17528,User
17529,User
17530,User
17531,User
17532,User
17533,User
17534,User
17535,User
17536,User
17537,User
17538,User
17539,User
17540,User
17541,User
17542,User
17543,User
17544,User
17545,User
17546,User
17547,User
17548,User
17549,User
17550,User
17551,User
17552,User
17553,User
17554,User
17555,User
17556,User
17557,User
17558,User
17559,User
17560,User
17561,User
17562,User
17563,User
17564,User
17565,User
17566,User
17567,User
17568,User
17569,User
17570,User
17571,User
17572,User
17573,User
17574,User
17575,User
17576,User
17577,User
17578,User
17579,User
17580,User
17581,User
17582,User
17583,User
17584,User
17585,User
17586,User
17587,User
17588,User
17589,User
17590,User
17591,User
17592,User
17593,User
17594,User
17595,User
17596,User
17597,User
17598,User
17599,User
17600,User
17601,User
17602,User
17603,User
17604,User
17605,User
17606,User
17607,User
17608,User
17609,User
17610,User
17611,User
17612,User
17613,User
17614,User
17615,User
17616,User
17617,User
17618,User
17619,User
17620,User
17621,User
17622,User
17623,User
17624,User
17625,User
17626,User
17627,User
17628,User
17629,User
17630,User
17631,User
17632,User
17633,User
17634,User
17635,User
17636,User
17637,User
17638,User
17639,User
17640,User
17641,User
17642,User
17643,User
17644,User
17645,User
17646,User
17647,User
17648,User
17649,User
17650,User
17651,User
17652,User
17653,User
17654,User
17655,User
17656,User
17657,User
17658,User
17659,User
17660,User
17661,User
17662,User
17663,User
17664,User
17665,User
17666,User
17667,User
17668,User
17669,User
17670,User
17671,User
17672,User
17673,User
17674,User
17675,User
17676,User
17677,User
17678,User
17679,User
17680,User
17681,User
17682,User
17683,User
17684,User
17685,User
17686,User
17687,User
17688,User
17689,User
17690,User
17691,User
17692,User
17693,User
17694,User
17695,User
17696,User
17697,User
17698,User
17699,User
17700,User
17701,User
17702,User
17703,User
17704,User
17705,User
17706,User
17707,User
17708,User
17709,User
17710,User
17711,User
17712,User
17713,User
17714,User
17715,User
17716,User
17717,User
17718,User
17719,User
17720,User
17721,User
17722,User
17723,User
17724,User
17725,User
17726,User
17727,User
17728,User
17729,User
17730,User
17731,User
17732,User
17733,User
17734,User
17735,User
17736,User
17737,User
17738,User
17739,User
17740,User
17741,User
17742,User
17743,User
17744,User
17745,User
17746,User
17747,User
17748,User
17749,User
17750,User
17751,User
17752,User
17753,User
17754,User
17755,User
17756,User
17757,User
17758,User
17759,User
17760,User
17761,User
17762,User
17763,User
17764,User
17765,User
17766,User
17767,User
17768,User
17769,User
17770,User
17771,User
17772,User
17773,User
17774,User
17775,User
17776,User
17777,User
17778,User
17779,User
17780,User
17781,User
17782,User
17783,User
17784,User
17785,User
17786,User
17787,User
17788,User
17789,User
17790,User
17791,User
17792,User
17793,User
17794,User
17795,User
17796,User
17797,User
17798,User
17799,User
17800,User
17801,User
17802,User
17803,User
17804,User
17805,User
17806,User
17807,User
17808,User
17809,User
17810,User
17811,User
17812,User
17813,User
17814,User
17815,User
17816,User
17817,User
17818,User
17819,User
17820,User
17821,User
17822,User
17823,User
17824,User
17825,User
17826,User
17827,User
17828,User
17829,User
17830,User
17831,User
17832,User
17833,User
17834,User
17835,User
17836,User
17837,User
17838,User
17839,User
17840,User
17841,User
17842,User
17843,User
17844,User
17845,User
17846,User
17847,User
17848,User
17849,User
17850,User
17851,User
17852,User
17853,User
17854,User
17855,User
17856,User
17857,User
17858,User
17859,User
17860,User
17861,User
17862,User
17863,User
17864,User
17865,User
17866,User
17867,User
17868,User
17869,User
17870,User
17871,User
17872,User
17873,User
17874,User
17875,User
17876,User
17877,User
17878,User
17879,User
17880,User
17881,User
17882,User
17883,User
17884,User
17885,User
17886,User
17887,User
17888,User
17889,User
17890,User
17891,User
17892,User
17893,User
17894,User
17895,User
17896,User
17897,User
17898,User
17899,User
17900,User
17901,User
17902,User
17903,User
17904,User
17905,User
17906,User
17907,User
17908,User
17909,User
17910,User
17911,User
17912,User
17913,User
17914,User
17915,User
17916,User
17917,User
17918,User
17919,User
17920,User
17921,User
17922,User
17923,User
17924,User
17925,User
17926,User
17927,User
17928,User
17929,User
17930,User
17931,User
17932,User
17933,User
17934,User
17935,User
17936,User
17937,User
17938,User
17939,User
17940,User
17941,User
17942,User
17943,User
17944,User
17945,User
17946,User
17947,User
17948,User
17949,User
17950,User
17951,User
17952,User
17953,User
17954,User
17955,User
17956,User
17957,User
17958,User
17959,User
17960,User
17961,User
17962,User
17963,User
17964,User
17965,User
17966,User
17967,User
17968,User
17969,User
17970,User
17971,User
17972,User
17973,User
17974,User
17975,User
17976,User
17977,User
17978,User
17979,User
17980,User
17981,User
17982,User
17983,User
17984,User
17985,User
17986,User
17987,User
17988,User
17989,User
17990,User
17991,User
17992,User
17993,User
17994,User
17995,User
17996,User
17997,User
17998,User
17999,User
18000,User
18001,User
18002,User
18003,User
18004,User
18005,User
18006,User
18007,User
18008,User
18009,User
18010,User
18011,User
18012,User
18013,User
18014,User
18015,User
18016,User
18017,User
18018,User
18019,User
18020,User
18021,User
18022,User
18023,User
18024,User
18025,User
18026,User
18027,User
18028,User
18029,User
18030,User
18031,User
18032,User
18033,User
18034,User
18035,User
18036,User
18037,User
18038,User
18039,User
18040,User
18041,User
18042,User
18043,User
18044,User
18045,User
18046,User
18047,User
18048,User
18049,User
18050,User
18051,User
18052,User
18053,User
18054,User
18055,User
18056,User
18057,User
18058,User
18059,User
18060,User
18061,User
18062,User
18063,User
18064,User
18065,User
18066,User
18067,User
18068,User
18069,User
18070,User
18071,User
18072,User
18073,User
18074,User
18075,User
18076,User
18077,User
18078,User
18079,User
18080,User
18081,User
18082,User
18083,User
18084,User
18085,User
18086,User
18087,User
18088,User
18089,User
18090,User
18091,User
18092,User
18093,User
18094,User
18095,User
18096,User
18097,User
18098,User
18099,User
18100,User
18101,User
18102,User
18103,User
18104,User
18105,User
18106,User
18107,User
18108,User
18109,User
18110,User
18111,User
18112,User
18113,User
18114,User
18115,User
18116,User
18117,User
18118,User
18119,User
18120,User
18121,User
18122,User
18123,User
18124,User
18125,User
18126,User
18127,User
18128,User
18129,User
18130,User
18131,User
18132,User
18133,User
18134,User
18135,User
18136,User
18137,User
18138,User
18139,User
18140,User
18141,User
18142,User
18143,User
18144,User
18145,User
18146,User
18147,User
18148,User
18149,User
18150,User
18151,User
18152,User
18153,User
18154,User
18155,User
18156,User
18157,User
18158,User
18159,User
18160,User
18161,User
18162,User
18163,User
18164,User
18165,User
18166,User
18167,User
18168,User
18169,User
18170,User
18171,User
18172,User
18173,User
18174,User
18175,User
18176,User
18177,User
18178,User
18179,User
18180,User
18181,User
18182,User
18183,User
18184,User
18185,User
18186,User
18187,User
18188,User
18189,User
18190,User
18191,User
18192,User
18193,User
18194,User
18195,User
18196,User
18197,User
18198,User
18199,User
18200,User
18201,User
18202,User
18203,User
18204,User
18205,User
18206,User
18207,User
18208,User
18209,User
18210,User
18211,User
18212,User
18213,User
18214,User
18215,User
18216,User
18217,User
18218,User
18219,User
18220,User
18221,User
18222,User
18223,User
18224,User
18225,User
18226,User
18227,User
18228,User
18229,User
18230,User
18231,User
18232,User
18233,User
18234,User
18235,User
18236,User
18237,User
18238,User
18239,User
18240,User
18241,User
18242,User
18243,User
18244,User
18245,User
18246,User
18247,User
18248,User
18249,User
18250,User
18251,User
18252,User
18253,User
18254,User
18255,User
18256,User
18257,User
18258,User
18259,User
18260,User
18261,User
18262,User
18263,User
18264,User
18265,User
18266,User
18267,User
18268,User
18269,User
18270,User
18271,User
18272,User
18273,User
18274,User
18275,User
18276,User
18277,User
18278,User
18279,User
18280,User
18281,User
18282,User
18283,User
18284,User
18285,User
18286,User
18287,User
18288,User
18289,User
18290,User
18291,User
18292,User
18293,User
18294,User
18295,User
18296,User
18297,User
18298,User
18299,User
18300,User
18301,User
18302,User
18303,User
18304,User
18305,User
18306,User
18307,User
18308,User
18309,User
18310,User
18311,User
18312,User
18313,User
18314,User
18315,User
18316,User
18317,User
18318,User
18319,User
18320,User
18321,User
18322,User
18323,User
18324,User
18325,User
18326,User
18327,User
18328,User
18329,User
18330,User
18331,User
18332,User
18333,User
18334,User
18335,User
18336,User
18337,User
18338,User
18339,User
18340,User
18341,User
18342,User
18343,User
18344,User
18345,User
18346,User
18347,User
18348,User
18349,User
18350,User
18351,User
18352,User
18353,User
18354,User
18355,User
18356,User
18357,User
18358,User
18359,User
18360,User
18361,User
18362,User
18363,User
18364,User
18365,User
18366,User
18367,User
18368,User
18369,User
18370,User
18371,User
18372,User
18373,User
18374,User
18375,User
18376,User
18377,User
18378,User
18379,User
18380,User
18381,User
18382,User
18383,User
18384,User
18385,User
18386,User
18387,User
18388,User
18389,User
18390,User
18391,User
18392,User
18393,User
18394,User
18395,User
18396,User
18397,User
18398,User
18399,User
18400,User
18401,User
18402,User
18403,User
18404,User
18405,User
18406,User
18407,User
18408,User
18409,User
18410,User
18411,User
18412,User
18413,User
18414,User
18415,User
18416,User
18417,User
18418,User
18419,User
18420,User
18421,User
18422,User
18423,User
18424,User
18425,User
18426,User
18427,User
18428,User
18429,User
18430,User
18431,User
18432,User
18433,User
18434,User
18435,User
18436,User
18437,User
18438,User
18439,User
18440,User
18441,User
18442,User
18443,User
18444,User
18445,User
18446,User
18447,User
18448,User
18449,User
18450,User
18451,User
18452,User
18453,User
18454,User
18455,User
18456,User
18457,User
18458,User
18459,User
18460,User
18461,User
18462,User
18463,User
18464,User
18465,User
18466,User
18467,User
18468,User
18469,User
18470,User
18471,User
18472,User
18473,User
18474,User
18475,User
18476,User
18477,User
18478,User
18479,User
18480,User
18481,User
18482,User
18483,User
18484,User
18485,User
18486,User
18487,User
18488,User
18489,User
18490,User
18491,User
18492,User
18493,User
18494,User
18495,User
18496,User
18497,User
18498,User
18499,User
18500,User
18501,User
18502,User
18503,User
18504,User
18505,User
18506,User
18507,User
18508,User
18509,User
18510,User
18511,User
18512,User
18513,User
18514,User
18515,User
18516,User
18517,User
18518,User
18519,User
18520,User
18521,User
18522,User
18523,User
18524,User
18525,User
18526,User
18527,User
18528,User
18529,User
18530,User
18531,User
18532,User
18533,User
18534,User
18535,User
18536,User
18537,User
18538,User
18539,User
18540,User
18541,User
18542,User
18543,User
18544,User
18545,User
18546,User
18547,User
18548,User
18549,User
18550,User
18551,User
18552,User
18553,User
18554,User
18555,User
18556,User
18557,User
18558,User
18559,User
18560,User
18561,User
18562,User
18563,User
18564,User
18565,User
18566,User
18567,User
18568,User
18569,User
18570,User
18571,User
18572,User
18573,User
18574,User
18575,User
18576,User
18577,User
18578,User
18579,User
18580,User
18581,User
18582,User
18583,User
18584,User
18585,User
18586,User
18587,User
18588,User
18589,User
18590,User
18591,User
18592,User
18593,User
18594,User
18595,User
18596,User
18597,User
18598,User
18599,User
18600,User
18601,User
18602,User
18603,User
18604,User
18605,User
18606,User
18607,User
18608,User
18609,User
18610,User
18611,User
18612,User
18613,User
18614,User
18615,User
18616,User
18617,User
18618,User
18619,User
18620,User
18621,User
18622,User
18623,User
18624,User
18625,User
18626,User
18627,User
18628,User
18629,User
18630,User
18631,User
18632,User
18633,User
18634,User
18635,User
18636,User
18637,User
18638,User
18639,User
18640,User
18641,User
18642,User
18643,User
18644,User
18645,User
18646,User
18647,User
18648,User
18649,User
18650,User
18651,User
18652,User
18653,User
18654,User
18655,User
18656,User
18657,User
18658,User
18659,User
18660,User
18661,User
18662,User
18663,User
18664,User
18665,User
18666,User
18667,User
18668,User
18669,User
18670,User
18671,User
18672,User
18673,User
18674,User
18675,User
18676,User
18677,User
18678,User
18679,User
18680,User
18681,User
18682,User
18683,User
18684,User
18685,User
18686,User
18687,User
18688,User
18689,User
18690,User
18691,User
18692,User
18693,User
18694,User
18695,User
18696,User
18697,User
18698,User
18699,User
18700,User
18701,User
18702,User
18703,User
18704,User
18705,User
18706,User
18707,User
18708,User
18709,User
18710,User
18711,User
18712,User
18713,User
18714,User
18715,User
18716,User
18717,User
18718,User
18719,User
18720,User
18721,User
18722,User
18723,User
18724,User
18725,User
18726,User
18727,User
18728,User
18729,User
18730,User
18731,User
18732,User
18733,User
18734,User
18735,User
18736,User
18737,User
18738,User
18739,User
18740,User
18741,User
18742,User
18743,User
18744,User
18745,User
18746,User
18747,User
18748,User
18749,User
18750,User
18751,User
18752,User
18753,User
18754,User
18755,User
18756,User
18757,User
18758,User
18759,User
18760,User
18761,User
18762,User
18763,User
18764,User
18765,User
18766,User
18767,User
18768,User
18769,User
18770,User
18771,User
18772,User
18773,User
18774,User
18775,User
18776,User
18777,User
18778,User
18779,User
18780,User
18781,User
18782,User
18783,User
18784,User
18785,User
18786,User
18787,User
18788,User
18789,User
18790,User
18791,User
18792,User
18793,User
18794,User
18795,User
18796,User
18797,User
18798,User
18799,User
18800,User
18801,User
18802,User
18803,User
18804,User
18805,User
18806,User
18807,User
18808,User
18809,User
18810,User
18811,User
18812,User
18813,User
18814,User
18815,User
18816,User
18817,User
18818,User
18819,User
18820,User
18821,User
18822,User
18823,User
18824,User
18825,User
18826,User
18827,User
18828,User
18829,User
18830,User
18831,User
18832,User
18833,User
18834,User
18835,User
18836,User
18837,User
18838,User
18839,User
18840,User
18841,User
18842,User
18843,User
18844,User
18845,User
18846,User
18847,User
18848,User
18849,User
18850,User
18851,User
18852,User
18853,User
18854,User
18855,User
18856,User
18857,User
18858,User
18859,User
18860,User
18861,User
18862,User
18863,User
18864,User
18865,User
18866,User
18867,User
18868,User
18869,User
18870,User
18871,User
18872,User
18873,User
18874,User
18875,User
18876,User
18877,User
18878,User
18879,User
18880,User
18881,User
18882,User
18883,User
18884,User
18885,User
18886,User
18887,User
18888,User
18889,User
18890,User
18891,User
18892,User
18893,User
18894,User
18895,User
18896,User
18897,User
18898,User
18899,User
18900,User
18901,User
18902,User
18903,User
18904,User
18905,User
18906,User
18907,User
18908,User
18909,User
18910,User
18911,User
18912,User
18913,User
18914,User
18915,User
18916,User
18917,User
18918,User
18919,User
18920,User
18921,User
18922,User
18923,User
18924,User
18925,User
18926,User
18927,User
18928,User
18929,User
18930,User
18931,User
18932,User
18933,User
18934,User
18935,User
18936,User
18937,User
18938,User
18939,User
18940,User
18941,User
18942,User
18943,User
18944,User
18945,User
18946,User
18947,User
18948,User
18949,User
18950,User
18951,User
18952,User
18953,User
18954,User
18955,User
18956,User
18957,User
18958,User
18959,User
18960,User
18961,User
18962,User
18963,User
18964,User
18965,User
18966,User
18967,User
18968,User
18969,User
18970,User
18971,User
18972,User
18973,User
18974,User
18975,User
18976,User
18977,User
18978,User
18979,User
18980,User
18981,User
18982,User
18983,User
18984,User
18985,User
18986,User
18987,User
18988,User
18989,User
18990,User
18991,User
18992,User
18993,User
18994,User
18995,User
18996,User
18997,User
18998,User
18999,User
19000,User
19001,User
19002,User
19003,User
19004,User
19005,User
19006,User
19007,User
19008,User
19009,User
19010,User
19011,User
19012,User
19013,User
19014,User
19015,User
19016,User
19017,User
19018,User
19019,User
19020,User
19021,User
19022,User
19023,User
19024,User
19025,User
19026,User
19027,User
19028,User
19029,User
19030,User
19031,User
19032,User
19033,User
19034,User
19035,User
19036,User
19037,User
19038,User
19039,User
19040,User
19041,User
19042,User
19043,User
19044,User
19045,User
19046,User
19047,User
19048,User
19049,User
19050,User
19051,User
19052,User
19053,User
19054,User
19055,User
19056,User
19057,User
19058,User
19059,User
19060,User
19061,User
19062,User
19063,User
19064,User
19065,User
19066,User
19067,User
19068,User
19069,User
19070,User
19071,User
19072,User
19073,User
19074,User
19075,User
19076,User
19077,User
19078,User
19079,User
19080,User
19081,User
19082,User
19083,User
19084,User
19085,User
19086,User
19087,User
19088,User
19089,User
19090,User
19091,User
19092,User
19093,User
19094,User
19095,User
19096,User
19097,User
19098,User
19099,User
19100,User
19101,User
19102,User
19103,User
19104,User
19105,User
19106,User
19107,User
19108,User
19109,User
19110,User
19111,User
19112,User
19113,User
19114,User
19115,User
19116,User
19117,User
19118,User
19119,User
19120,User
19121,User
19122,User
19123,User
19124,User
19125,User
19126,User
19127,User
19128,User
19129,User
19130,User
19131,User
19132,User
19133,User
19134,User
19135,User
19136,User
19137,User
19138,User
19139,User
19140,User
19141,User
19142,User
19143,User
19144,User
19145,User
19146,User
19147,User
19148,User
19149,User
19150,User
19151,User
19152,User
19153,User
19154,User
19155,User
19156,User
19157,User
19158,User
19159,User
19160,User
19161,User
19162,User
19163,User
19164,User
19165,User
19166,User
19167,User
19168,User
19169,User
19170,User
19171,User
19172,User
19173,User
19174,User
19175,User
19176,User
19177,User
19178,User
19179,User
19180,User
19181,User
19182,User
19183,User
19184,User
19185,User
19186,User
19187,User
19188,User
19189,User
19190,User
19191,User
19192,User
19193,User
19194,User
19195,User
19196,User
19197,User
19198,User
19199,User
19200,User
19201,User
19202,User
19203,User
19204,User
19205,User
19206,User
19207,User
19208,User
19209,User
19210,User
19211,User
19212,User
19213,User
19214,User
19215,User
19216,User
19217,User
19218,User
19219,User
19220,User
19221,User
19222,User
19223,User
19224,User
19225,User
19226,User
19227,User
19228,User
19229,User
19230,User
19231,User
19232,User
19233,User
19234,User
19235,User
19236,User
19237,User
19238,User
19239,User
19240,User
19241,User
19242,User
19243,User
19244,User
19245,User
19246,User
19247,User
19248,User
19249,User
19250,User
19251,User
19252,User
19253,User
19254,User
19255,User
19256,User
19257,User
19258,User
19259,User
19260,User
19261,User
19262,User
19263,User
19264,User
19265,User
19266,User
19267,User
19268,User
19269,User
19270,User
19271,User
19272,User
19273,User
19274,User
19275,User
19276,User
19277,User
19278,User
19279,User
19280,User
19281,User
19282,User
19283,User
19284,User
19285,User
19286,User
19287,User
19288,User
19289,User
19290,User
19291,User
19292,User
19293,User
19294,User
19295,User
19296,User
19297,User
19298,User
19299,User
19300,User
19301,User
19302,User
19303,User
19304,User
19305,User
19306,User
19307,User
19308,User
19309,User
19310,User
19311,User
19312,User
19313,User
19314,User
19315,User
19316,User
19317,User
19318,User
19319,User
19320,User
19321,User
19322,User
19323,User
19324,User
19325,User
19326,User
19327,User
19328,User
19329,User
19330,User
19331,User
19332,User
19333,User
19334,User
19335,User
19336,User
19337,User
19338,User
19339,User
19340,User
19341,User
19342,User
19343,User
19344,User
19345,User
19346,User
19347,User
19348,User
19349,User
19350,User
19351,User
19352,User
19353,User
19354,User
19355,User
19356,User
19357,User
19358,User
19359,User
19360,User
19361,User
19362,User
19363,User
19364,User
19365,User
19366,User
19367,User
19368,User
19369,User
19370,User
19371,User
19372,User
19373,User
19374,User
19375,User
19376,User
19377,User
19378,User
19379,User
19380,User
19381,User
19382,User
19383,User
19384,User
19385,User
19386,User
19387,User
19388,User
19389,User
19390,User
19391,User
19392,User
19393,User
19394,User
19395,User
19396,User
19397,User
19398,User
19399,User
19400,User
19401,User
19402,User
19403,User
19404,User
19405,User
19406,User
19407,User
19408,User
19409,User
19410,User
19411,User
19412,User
19413,User
19414,User
19415,User
19416,User
19417,User
19418,User
19419,User
19420,User
19421,User
19422,User
19423,User
19424,User
19425,User
19426,User
19427,User
19428,User
19429,User
19430,User
19431,User
19432,User
19433,User
19434,User
19435,User
19436,User
19437,User
19438,User
19439,User
19440,User
19441,User
19442,User
19443,User
19444,User
19445,User
19446,User
19447,User
19448,User
19449,User
19450,User
19451,User
19452,User
19453,User
19454,User
19455,User
19456,User
19457,User
19458,User
19459,User
19460,User
19461,User
19462,User
19463,User
19464,User
19465,User
19466,User
19467,User
19468,User
19469,User
19470,User
19471,User
19472,User
19473,User
19474,User
19475,User
19476,User
19477,User
19478,User
19479,User
19480,User
19481,User
19482,User
19483,User
19484,User
19485,User
19486,User
19487,User
19488,User
19489,User
19490,User
19491,User
19492,User
19493,User
19494,User
19495,User
19496,User
19497,User
19498,User
19499,User
19500,User
19501,User
19502,User
19503,User
19504,User
19505,User
19506,User
19507,User
19508,User
19509,User
19510,User
19511,User
19512,User
19513,User
19514,User
19515,User
19516,User
19517,User
19518,User
19519,User
19520,User
19521,User
19522,User
19523,User
19524,User
19525,User
19526,User
19527,User
19528,User
19529,User
19530,User
19531,User
19532,User
19533,User
19534,User
19535,User
19536,User
19537,User
19538,User
19539,User
19540,User
19541,User
19542,User
19543,User
19544,User
19545,User
19546,User
19547,User
19548,User
19549,User
19550,User
19551,User
19552,User
19553,User
19554,User
19555,User
19556,User
19557,User
19558,User
19559,User
19560,User
19561,User
19562,User
19563,User
19564,User
19565,User
19566,User
19567,User
19568,User
19569,User
19570,User
19571,User
19572,User
19573,User
19574,User
19575,User
19576,User
19577,User
19578,User
19579,User
19580,User
19581,User
19582,User
19583,User
19584,User
19585,User
19586,User
19587,User
19588,User
19589,User
19590,User
19591,User
19592,User
19593,User
19594,User
19595,User
19596,User
19597,User
19598,User
19599,User
19600,User
19601,User
19602,User
19603,User
19604,User
19605,User
19606,User
19607,User
19608,User
19609,User
19610,User
19611,User
19612,User
19613,User
19614,User
19615,User
19616,User
19617,User
19618,User
19619,User
19620,User
19621,User
19622,User
19623,User
19624,User
19625,User
19626,User
19627,User
19628,User
19629,User
19630,User
19631,User
19632,User
19633,User
19634,User
19635,User
19636,User
19637,User
19638,User
19639,User
19640,User
19641,User
19642,User
19643,User
19644,User
19645,User
19646,User
19647,User
19648,User
19649,User
19650,User
19651,User
19652,User
19653,User
19654,User
19655,User
19656,User
19657,User
19658,User
19659,User
19660,User
19661,User
19662,User
19663,User
19664,User
19665,User
19666,User
19667,User
19668,User
19669,User
19670,User
19671,User
19672,User
19673,User
19674,User
19675,User
19676,User
19677,User
19678,User
19679,User
19680,User
19681,User
19682,User
19683,User
19684,User
19685,User
19686,User
19687,User
19688,User
19689,User
19690,User
19691,User
19692,User
19693,User
19694,User
19695,User
19696,User
19697,User
19698,User
19699,User
19700,User
19701,User
19702,User
19703,User
19704,User
19705,User
19706,User
19707,User
19708,User
19709,User
19710,User
19711,User
19712,User
19713,User
19714,User
19715,User
19716,User
19717,User
19718,User
19719,User
19720,User
19721,User
19722,User
19723,User
19724,User
19725,User
19726,User
19727,User
19728,User
19729,User
19730,User
19731,User
19732,User
19733,User
19734,User
19735,User
19736,User
19737,User
19738,User
19739,User
19740,User
19741,User
19742,User
19743,User
19744,User
19745,User
19746,User
19747,User
19748,User
19749,User
19750,User
19751,User
19752,User
19753,User
19754,User
19755,User
19756,User
19757,User
19758,User
19759,User
19760,User
19761,User
19762,User
19763,User
19764,User
19765,User
19766,User
19767,User
19768,User
19769,User
19770,User
19771,User
19772,User
19773,User
19774,User
19775,User
19776,User
19777,User
19778,User
19779,User
19780,User
19781,User
19782,User
19783,User
19784,User
19785,User
19786,User
19787,User
19788,User
19789,User
19790,User
19791,User
19792,User
19793,User
19794,User
19795,User
19796,User
19797,User
19798,User
19799,User
19800,User
19801,User
19802,User
19803,User
19804,User
19805,User
19806,User
19807,User
19808,User
19809,User
19810,User
19811,User
19812,User
19813,User
19814,User
19815,User
19816,User
19817,User
19818,User
19819,User
19820,User
19821,User
19822,User
19823,User
19824,User
19825,User
19826,User
19827,User
19828,User
19829,User
19830,User
19831,User
19832,User
19833,User
19834,User
19835,User
19836,User
19837,User
19838,User
19839,User
19840,User
19841,User
19842,User
19843,User
19844,User
19845,User
19846,User
19847,User
19848,User
19849,User
19850,User
19851,User
19852,User
19853,User
19854,User
19855,User
19856,User
19857,User
19858,User
19859,User
19860,User
19861,User
19862,User
19863,User
19864,User
19865,User
19866,User
19867,User
19868,User
19869,User
19870,User
19871,User
19872,User
19873,User
19874,User
19875,User
19876,User
19877,User
19878,User
19879,User
19880,User
19881,User
19882,User
19883,User
19884,User
19885,User
19886,User
19887,User
19888,User
19889,User
19890,User
19891,User
19892,User
19893,User
19894,User
19895,User
19896,User
19897,User
19898,User
19899,User
19900,User
19901,User
19902,User
19903,User
19904,User
19905,User
19906,User
19907,User
19908,User
19909,User
19910,User
19911,User
19912,User
19913,User
19914,User
19915,User
19916,User
19917,User
19918,User
19919,User
19920,User
19921,User
19922,User
19923,User
19924,User
19925,User
19926,User
19927,User
19928,User
19929,User
19930,User
19931,User
19932,User
19933,User
19934,User
19935,User
19936,User
19937,User
19938,User
19939,User
19940,User
19941,User
19942,User
19943,User
19944,User
19945,User
19946,User
19947,User
19948,User
19949,User
19950,User
19951,User
19952,User
19953,User
19954,User
19955,User
19956,User
19957,User
19958,User
19959,User
19960,User
19961,User
19962,User
19963,User
19964,User
19965,User
19966,User
19967,User
19968,User
19969,User
19970,User
19971,User
19972,User
19973,User
19974,User
19975,User
19976,User
19977,User
19978,User
19979,User
19980,User
19981,User
19982,User
19983,User
19984,User
19985,User
19986,User
19987,User
19988,User
19989,User
19990,User
19991,User
19992,User
19993,User
19994,User
19995,User
19996,User
19997,User
19998,User
19999,User
